time_step,subject_id,activity_id,activity_name,total_acc_x
0,1,5,STANDING,1.012817
1,1,5,STANDING,1.022833
2,1,5,STANDING,1.022028
3,1,5,STANDING,1.017877
4,1,5,STANDING,1.02368
5,1,5,STANDING,1.016974
6,1,5,STANDING,1.017746
7,1,5,STANDING,1.019263
8,1,5,STANDING,1.016417
9,1,5,STANDING,1.020745
10,1,5,STANDING,1.018643
11,1,5,STANDING,1.019521
12,1,5,STANDING,1.02026
13,1,5,STANDING,1.018041
14,1,5,STANDING,1.020829
15,1,5,STANDING,1.018644
16,1,5,STANDING,1.019398
17,1,5,STANDING,1.020399
18,1,5,STANDING,1.019222
19,1,5,STANDING,1.022093
20,1,5,STANDING,1.020433
21,1,5,STANDING,1.020534
22,1,5,STANDING,1.021503
23,1,5,STANDING,1.019931
24,1,5,STANDING,1.02048
25,1,5,STANDING,1.018945
26,1,5,STANDING,1.019238
27,1,5,STANDING,1.019989
28,1,5,STANDING,1.018917
29,1,5,STANDING,1.019762
30,1,5,STANDING,1.019021
31,1,5,STANDING,1.017887
32,1,5,STANDING,1.018136
33,1,5,STANDING,1.019543
34,1,5,STANDING,1.020242
35,1,5,STANDING,1.018757
36,1,5,STANDING,1.019534
37,1,5,STANDING,1.019862
38,1,5,STANDING,1.01906
39,1,5,STANDING,1.020717
40,1,5,STANDING,1.021055
41,1,5,STANDING,1.020178
42,1,5,STANDING,1.018108
43,1,5,STANDING,1.014776
44,1,5,STANDING,1.015374
45,1,5,STANDING,1.018429
46,1,5,STANDING,1.019895
47,1,5,STANDING,1.018647
48,1,5,STANDING,1.016387
49,1,5,STANDING,1.017053
50,1,5,STANDING,1.019572
51,1,5,STANDING,1.021097
52,1,5,STANDING,1.019488
53,1,5,STANDING,1.017218
54,1,5,STANDING,1.019876
55,1,5,STANDING,1.022022
56,1,5,STANDING,1.020574
57,1,5,STANDING,1.021588
58,1,5,STANDING,1.022298
59,1,5,STANDING,1.019369
60,1,5,STANDING,1.01698
61,1,5,STANDING,1.016774
62,1,5,STANDING,1.016079
63,1,5,STANDING,1.015292
64,1,5,STANDING,1.018851
65,1,5,STANDING,1.02238
66,1,5,STANDING,1.020781
67,1,5,STANDING,1.020218
68,1,5,STANDING,1.021344
69,1,5,STANDING,1.020522
70,1,5,STANDING,1.01979
71,1,5,STANDING,1.019216
72,1,5,STANDING,1.018307
73,1,5,STANDING,1.017996
74,1,5,STANDING,1.017932
75,1,5,STANDING,1.018121
76,1,5,STANDING,1.018305
77,1,5,STANDING,1.018458
78,1,5,STANDING,1.018201
79,1,5,STANDING,1.017129
80,1,5,STANDING,1.017814
81,1,5,STANDING,1.0188
82,1,5,STANDING,1.017601
83,1,5,STANDING,1.01797
84,1,5,STANDING,1.018489
85,1,5,STANDING,1.017787
86,1,5,STANDING,1.019167
87,1,5,STANDING,1.019789
88,1,5,STANDING,1.019462
89,1,5,STANDING,1.020433
90,1,5,STANDING,1.021189
91,1,5,STANDING,1.021903
92,1,5,STANDING,1.021936
93,1,5,STANDING,1.02055
94,1,5,STANDING,1.018878
95,1,5,STANDING,1.018548
96,1,5,STANDING,1.017389
97,1,5,STANDING,1.015021
98,1,5,STANDING,1.01931
99,1,5,STANDING,1.024606
100,1,5,STANDING,1.021863
101,1,5,STANDING,1.020201
102,1,5,STANDING,1.020573
103,1,5,STANDING,1.018729
104,1,5,STANDING,1.01936
105,1,5,STANDING,1.019954
106,1,5,STANDING,1.018969
107,1,5,STANDING,1.019633
108,1,5,STANDING,1.019553
109,1,5,STANDING,1.019179
110,1,5,STANDING,1.019695
111,1,5,STANDING,1.019145
112,1,5,STANDING,1.018516
113,1,5,STANDING,1.017926
114,1,5,STANDING,1.01778
115,1,5,STANDING,1.018917
116,1,5,STANDING,1.020606
117,1,5,STANDING,1.022583
118,1,5,STANDING,1.020981
119,1,5,STANDING,1.018065
120,1,5,STANDING,1.019638
121,1,5,STANDING,1.020017
122,1,5,STANDING,1.018766
123,1,5,STANDING,1.019815
124,1,5,STANDING,1.01929
125,1,5,STANDING,1.018445
126,1,5,STANDING,1.019372
127,1,5,STANDING,1.021171
128,1,5,STANDING,1.023127
129,1,5,STANDING,1.021882
130,1,5,STANDING,1.019178
131,1,5,STANDING,1.015861
132,1,5,STANDING,1.012893
133,1,5,STANDING,1.016451
134,1,5,STANDING,1.020331
135,1,5,STANDING,1.020266
136,1,5,STANDING,1.021759
137,1,5,STANDING,1.018649
138,1,5,STANDING,1.013117
139,1,5,STANDING,1.016167
140,1,5,STANDING,1.018977
141,1,5,STANDING,1.016653
142,1,5,STANDING,1.017782
143,1,5,STANDING,1.020528
144,1,5,STANDING,1.021877
145,1,5,STANDING,1.022096
146,1,5,STANDING,1.020731
147,1,5,STANDING,1.020761
148,1,5,STANDING,1.020405
149,1,5,STANDING,1.020213
150,1,5,STANDING,1.021675
151,1,5,STANDING,1.019989
152,1,5,STANDING,1.017997
153,1,5,STANDING,1.017391
154,1,5,STANDING,1.017994
155,1,5,STANDING,1.021661
156,1,5,STANDING,1.022348
157,1,5,STANDING,1.020336
158,1,5,STANDING,1.019066
159,1,5,STANDING,1.018882
160,1,5,STANDING,1.020013
161,1,5,STANDING,1.018262
162,1,5,STANDING,1.017474
163,1,5,STANDING,1.018954
164,1,5,STANDING,1.019628
165,1,5,STANDING,1.022794
166,1,5,STANDING,1.024238
167,1,5,STANDING,1.022783
168,1,5,STANDING,1.020487
169,1,5,STANDING,1.018146
170,1,5,STANDING,1.019779
171,1,5,STANDING,1.019922
172,1,5,STANDING,1.018709
173,1,5,STANDING,1.01998
174,1,5,STANDING,1.019301
175,1,5,STANDING,1.019243
176,1,5,STANDING,1.020169
177,1,5,STANDING,1.020892
178,1,5,STANDING,1.022771
179,1,5,STANDING,1.021553
180,1,5,STANDING,1.019811
181,1,5,STANDING,1.020246
182,1,5,STANDING,1.019291
183,1,5,STANDING,1.019258
184,1,5,STANDING,1.020736
185,1,5,STANDING,1.02095
186,1,5,STANDING,1.020491
187,1,5,STANDING,1.018685
188,1,5,STANDING,1.01566
189,1,5,STANDING,1.014788
190,1,5,STANDING,1.016499
191,1,5,STANDING,1.017849
192,1,5,STANDING,1.017682
193,1,5,STANDING,1.018149
194,1,5,STANDING,1.019854
195,1,5,STANDING,1.01988
196,1,5,STANDING,1.019121
197,1,5,STANDING,1.020479
198,1,5,STANDING,1.020595
199,1,5,STANDING,1.01634
200,1,5,STANDING,1.010611
201,1,5,STANDING,1.009013
202,1,5,STANDING,1.015016
203,1,5,STANDING,1.024026
204,1,5,STANDING,1.027664
205,1,5,STANDING,1.022425
206,1,5,STANDING,1.015007
207,1,5,STANDING,1.014774
208,1,5,STANDING,1.017851
209,1,5,STANDING,1.019387
210,1,5,STANDING,1.021093
211,1,5,STANDING,1.022092
212,1,5,STANDING,1.024232
213,1,5,STANDING,1.025311
214,1,5,STANDING,1.022033
215,1,5,STANDING,1.020125
216,1,5,STANDING,1.02158
217,1,5,STANDING,1.022957
218,1,5,STANDING,1.022148
219,1,5,STANDING,1.021799
220,1,5,STANDING,1.022725
221,1,5,STANDING,1.02178
222,1,5,STANDING,1.020903
223,1,5,STANDING,1.019081
224,1,5,STANDING,1.017221
225,1,5,STANDING,1.019547
226,1,5,STANDING,1.02177
227,1,5,STANDING,1.022134
228,1,5,STANDING,1.020713
229,1,5,STANDING,1.018487
230,1,5,STANDING,1.020331
231,1,5,STANDING,1.024399
232,1,5,STANDING,1.026768
233,1,5,STANDING,1.023704
234,1,5,STANDING,1.016694
235,1,5,STANDING,1.014855
236,1,5,STANDING,1.017545
237,1,5,STANDING,1.022063
238,1,5,STANDING,1.026897
239,1,5,STANDING,1.025257
240,1,5,STANDING,1.022442
241,1,5,STANDING,1.022451
242,1,5,STANDING,1.020104
243,1,5,STANDING,1.02014
244,1,5,STANDING,1.020892
245,1,5,STANDING,1.018699
246,1,5,STANDING,1.020304
247,1,5,STANDING,1.021516
248,1,5,STANDING,1.019417
249,1,5,STANDING,1.019312
250,1,5,STANDING,1.019448
251,1,5,STANDING,1.019434
252,1,5,STANDING,1.019916
253,1,5,STANDING,1.021041
254,1,5,STANDING,1.022935
255,1,5,STANDING,1.022019
256,1,5,STANDING,1.019952
257,1,5,STANDING,1.019616
258,1,5,STANDING,1.020933
259,1,5,STANDING,1.023061
260,1,5,STANDING,1.022242
261,1,5,STANDING,1.020867
262,1,5,STANDING,1.021939
263,1,5,STANDING,1.0223
264,1,5,STANDING,1.022302
265,1,5,STANDING,1.022254
266,1,5,STANDING,1.021854
267,1,5,STANDING,1.02155
268,1,5,STANDING,1.020452
269,1,5,STANDING,1.020845
270,1,5,STANDING,1.022117
271,1,5,STANDING,1.02201
272,1,5,STANDING,1.021345
273,1,5,STANDING,1.019568
274,1,5,STANDING,1.018964
275,1,5,STANDING,1.019953
276,1,5,STANDING,1.020229
277,1,5,STANDING,1.021055
278,1,5,STANDING,1.021071
279,1,5,STANDING,1.020661
280,1,5,STANDING,1.021936
281,1,5,STANDING,1.022134
282,1,5,STANDING,1.020409
283,1,5,STANDING,1.018856
284,1,5,STANDING,1.019397
285,1,5,STANDING,1.020827
286,1,5,STANDING,1.020824
287,1,5,STANDING,1.020529
288,1,5,STANDING,1.019106
289,1,5,STANDING,1.017155
290,1,5,STANDING,1.01749
291,1,5,STANDING,1.018337
292,1,5,STANDING,1.018905
293,1,5,STANDING,1.018994
294,1,5,STANDING,1.01826
295,1,5,STANDING,1.018166
296,1,5,STANDING,1.018076
297,1,5,STANDING,1.019054
298,1,5,STANDING,1.020879
299,1,5,STANDING,1.020772
300,1,5,STANDING,1.019931
301,1,5,STANDING,1.019357
302,1,5,STANDING,1.020142
303,1,5,STANDING,1.021285
304,1,5,STANDING,1.01964
305,1,5,STANDING,1.018241
306,1,5,STANDING,1.018862
307,1,5,STANDING,1.019617
308,1,5,STANDING,1.019715
309,1,5,STANDING,1.019507
310,1,5,STANDING,1.021295
311,1,5,STANDING,1.022934
312,1,5,STANDING,1.022183
313,1,5,STANDING,1.021637
314,1,5,STANDING,1.020598
315,1,5,STANDING,1.018887
316,1,5,STANDING,1.019161
317,1,5,STANDING,1.019916
318,1,5,STANDING,1.019602
319,1,5,STANDING,1.020735
320,1,5,STANDING,1.021278
321,1,5,STANDING,1.018878
322,1,5,STANDING,1.019219
323,1,5,STANDING,1.021986
324,1,5,STANDING,1.022246
325,1,5,STANDING,1.02124
326,1,5,STANDING,1.019609
327,1,5,STANDING,1.018947
328,1,5,STANDING,1.019762
329,1,5,STANDING,1.019384
330,1,5,STANDING,1.019324
331,1,5,STANDING,1.019633
332,1,5,STANDING,1.019283
333,1,5,STANDING,1.019523
334,1,5,STANDING,1.020173
335,1,5,STANDING,1.022936
336,1,5,STANDING,1.026194
337,1,5,STANDING,1.025169
338,1,5,STANDING,1.022234
339,1,5,STANDING,1.01841
340,1,5,STANDING,1.013645
341,1,5,STANDING,1.014617
342,1,5,STANDING,1.017864
343,1,5,STANDING,1.017225
344,1,5,STANDING,1.019428
345,1,5,STANDING,1.022263
346,1,5,STANDING,1.021587
347,1,5,STANDING,1.020767
348,1,5,STANDING,1.017805
349,1,5,STANDING,1.017798
350,1,5,STANDING,1.021836
351,1,5,STANDING,1.023378
352,1,5,STANDING,1.024073
353,1,5,STANDING,1.022197
354,1,5,STANDING,1.020102
355,1,5,STANDING,1.021246
356,1,5,STANDING,1.022246
357,1,5,STANDING,1.022881
358,1,5,STANDING,1.021635
359,1,5,STANDING,1.020924
360,1,5,STANDING,1.019791
361,1,5,STANDING,1.01609
362,1,5,STANDING,1.016643
363,1,5,STANDING,1.018899
364,1,5,STANDING,1.020067
365,1,5,STANDING,1.021257
366,1,5,STANDING,1.020614
367,1,5,STANDING,1.019587
368,1,5,STANDING,1.017337
369,1,5,STANDING,1.016364
370,1,5,STANDING,1.018771
371,1,5,STANDING,1.020942
372,1,5,STANDING,1.021323
373,1,5,STANDING,1.020792
374,1,5,STANDING,1.022687
375,1,5,STANDING,1.02367
376,1,5,STANDING,1.019899
377,1,5,STANDING,1.017381
378,1,5,STANDING,1.020389
379,1,5,STANDING,1.023884
380,1,5,STANDING,1.021753
381,1,5,STANDING,1.019425
382,1,5,STANDING,1.018896
383,1,5,STANDING,1.016787
384,1,5,STANDING,1.016458
385,1,5,STANDING,1.016084
386,1,5,STANDING,1.018847
387,1,5,STANDING,1.023973
388,1,5,STANDING,1.019743
389,1,5,STANDING,1.016427
390,1,5,STANDING,1.021919
391,1,5,STANDING,1.025077
392,1,5,STANDING,1.025249
393,1,5,STANDING,1.024711
394,1,5,STANDING,1.022941
395,1,5,STANDING,1.021915
396,1,5,STANDING,1.021757
397,1,5,STANDING,1.021835
398,1,5,STANDING,1.021238
399,1,5,STANDING,1.020903
400,1,5,STANDING,1.019398
401,1,5,STANDING,1.0169
402,1,5,STANDING,1.018283
403,1,5,STANDING,1.019588
404,1,5,STANDING,1.01885
405,1,5,STANDING,1.018999
406,1,5,STANDING,1.017655
407,1,5,STANDING,1.017879
408,1,5,STANDING,1.019592
409,1,5,STANDING,1.019244
410,1,5,STANDING,1.019651
411,1,5,STANDING,1.019465
412,1,5,STANDING,1.019173
413,1,5,STANDING,1.019809
414,1,5,STANDING,1.019181
415,1,5,STANDING,1.019495
416,1,5,STANDING,1.019778
417,1,5,STANDING,1.020253
418,1,5,STANDING,1.022243
419,1,5,STANDING,1.022296
420,1,5,STANDING,1.021207
421,1,5,STANDING,1.020592
422,1,5,STANDING,1.020688
423,1,5,STANDING,1.021118
424,1,5,STANDING,1.020648
425,1,5,STANDING,1.020834
426,1,5,STANDING,1.020796
427,1,5,STANDING,1.019934
428,1,5,STANDING,1.020202
429,1,5,STANDING,1.021135
430,1,5,STANDING,1.021995
431,1,5,STANDING,1.022282
432,1,5,STANDING,1.02229
433,1,5,STANDING,1.022236
434,1,5,STANDING,1.022095
435,1,5,STANDING,1.022009
436,1,5,STANDING,1.02038
437,1,5,STANDING,1.018655
438,1,5,STANDING,1.018125
439,1,5,STANDING,1.016268
440,1,5,STANDING,1.014853
441,1,5,STANDING,1.016995
442,1,5,STANDING,1.019053
443,1,5,STANDING,1.018119
444,1,5,STANDING,1.018539
445,1,5,STANDING,1.020341
446,1,5,STANDING,1.020415
447,1,5,STANDING,1.021908
448,1,5,STANDING,1.023996
449,1,5,STANDING,1.024485
450,1,5,STANDING,1.02512
451,1,5,STANDING,1.023884
452,1,5,STANDING,1.021244
453,1,5,STANDING,1.019876
454,1,5,STANDING,1.018095
455,1,5,STANDING,1.016068
456,1,5,STANDING,1.016961
457,1,5,STANDING,1.020785
458,1,5,STANDING,1.023171
459,1,5,STANDING,1.021861
460,1,5,STANDING,1.019083
461,1,5,STANDING,1.017954
462,1,5,STANDING,1.020559
463,1,5,STANDING,1.023772
464,1,5,STANDING,1.024165
465,1,5,STANDING,1.024125
466,1,5,STANDING,1.022127
467,1,5,STANDING,1.017759
468,1,5,STANDING,1.018164
469,1,5,STANDING,1.019983
470,1,5,STANDING,1.018756
471,1,5,STANDING,1.019756
472,1,5,STANDING,1.019756
473,1,5,STANDING,1.018933
474,1,5,STANDING,1.021144
475,1,5,STANDING,1.021757
476,1,5,STANDING,1.022396
477,1,5,STANDING,1.022788
478,1,5,STANDING,1.022324
479,1,5,STANDING,1.023615
480,1,5,STANDING,1.022696
481,1,5,STANDING,1.022405
482,1,5,STANDING,1.021916
483,1,5,STANDING,1.016982
484,1,5,STANDING,1.014804
485,1,5,STANDING,1.017978
486,1,5,STANDING,1.02257
487,1,5,STANDING,1.023087
488,1,5,STANDING,1.020983
489,1,5,STANDING,1.020867
490,1,5,STANDING,1.019158
491,1,5,STANDING,1.019881
492,1,5,STANDING,1.022919
493,1,5,STANDING,1.021859
494,1,5,STANDING,1.020885
495,1,5,STANDING,1.019057
496,1,5,STANDING,1.01704
497,1,5,STANDING,1.01835
498,1,5,STANDING,1.018236
499,1,5,STANDING,1.017752
500,1,5,STANDING,1.018462
501,1,5,STANDING,1.01938
502,1,5,STANDING,1.022407
503,1,5,STANDING,1.024753
504,1,5,STANDING,1.024566
505,1,5,STANDING,1.024441
506,1,5,STANDING,1.023631
507,1,5,STANDING,1.021504
508,1,5,STANDING,1.021849
509,1,5,STANDING,1.023488
510,1,5,STANDING,1.024454
511,1,5,STANDING,1.027167
512,1,5,STANDING,1.026736
513,1,5,STANDING,1.023176
514,1,5,STANDING,1.02186
515,1,5,STANDING,1.020367
516,1,5,STANDING,1.021373
517,1,5,STANDING,1.023305
518,1,5,STANDING,1.021698
519,1,5,STANDING,1.022153
520,1,5,STANDING,1.022636
521,1,5,STANDING,1.021395
522,1,5,STANDING,1.020755
523,1,5,STANDING,1.018996
524,1,5,STANDING,1.019993
525,1,5,STANDING,1.021769
526,1,5,STANDING,1.020489
527,1,5,STANDING,1.021054
528,1,5,STANDING,1.022932
529,1,5,STANDING,1.023723
530,1,5,STANDING,1.023038
531,1,5,STANDING,1.020668
532,1,5,STANDING,1.017759
533,1,5,STANDING,1.014837
534,1,5,STANDING,1.017029
535,1,5,STANDING,1.021478
536,1,5,STANDING,1.019325
537,1,5,STANDING,1.018399
538,1,5,STANDING,1.020553
539,1,5,STANDING,1.018936
540,1,5,STANDING,1.019081
541,1,5,STANDING,1.019148
542,1,5,STANDING,1.017163
543,1,5,STANDING,1.018301
544,1,5,STANDING,1.018454
545,1,5,STANDING,1.019086
546,1,5,STANDING,1.022756
547,1,5,STANDING,1.024152
548,1,5,STANDING,1.02286
549,1,5,STANDING,1.021539
550,1,5,STANDING,1.021926
551,1,5,STANDING,1.020828
552,1,5,STANDING,1.018435
553,1,5,STANDING,1.019487
554,1,5,STANDING,1.019893
555,1,5,STANDING,1.018998
556,1,5,STANDING,1.019661
557,1,5,STANDING,1.019461
558,1,5,STANDING,1.019302
559,1,5,STANDING,1.01978
560,1,5,STANDING,1.020237
561,1,5,STANDING,1.020954
562,1,5,STANDING,1.020077
563,1,5,STANDING,1.018554
564,1,5,STANDING,1.017701
565,1,5,STANDING,1.016524
566,1,5,STANDING,1.017306
567,1,5,STANDING,1.019716
568,1,5,STANDING,1.019323
569,1,5,STANDING,1.017351
570,1,5,STANDING,1.01671
571,1,5,STANDING,1.01814
572,1,5,STANDING,1.02037
573,1,5,STANDING,1.019584
574,1,5,STANDING,1.01879
575,1,5,STANDING,1.019997
576,1,5,STANDING,1.019289
577,1,5,STANDING,1.019233
578,1,5,STANDING,1.019822
579,1,5,STANDING,1.019299
580,1,5,STANDING,1.020475
581,1,5,STANDING,1.020996
582,1,5,STANDING,1.019846
583,1,5,STANDING,1.019367
584,1,5,STANDING,1.020357
585,1,5,STANDING,1.022286
586,1,5,STANDING,1.022278
587,1,5,STANDING,1.021153
588,1,5,STANDING,1.020673
589,1,5,STANDING,1.020645
590,1,5,STANDING,1.021089
591,1,5,STANDING,1.020556
592,1,5,STANDING,1.019839
593,1,5,STANDING,1.01974
594,1,5,STANDING,1.02093
595,1,5,STANDING,1.023064
596,1,5,STANDING,1.022372
597,1,5,STANDING,1.021637
598,1,5,STANDING,1.022514
599,1,5,STANDING,1.021025
600,1,5,STANDING,1.019498
601,1,5,STANDING,1.019352
602,1,5,STANDING,1.019667
603,1,5,STANDING,1.021429
604,1,5,STANDING,1.022677
605,1,5,STANDING,1.022196
606,1,5,STANDING,1.021249
607,1,5,STANDING,1.021502
608,1,5,STANDING,1.022552
609,1,5,STANDING,1.021966
610,1,5,STANDING,1.01988
611,1,5,STANDING,1.01722
612,1,5,STANDING,1.016617
613,1,5,STANDING,1.020583
614,1,5,STANDING,1.024263
615,1,5,STANDING,1.02278
616,1,5,STANDING,1.019566
617,1,5,STANDING,1.019212
618,1,5,STANDING,1.020475
619,1,5,STANDING,1.021108
620,1,5,STANDING,1.020587
621,1,5,STANDING,1.018627
622,1,5,STANDING,1.016919
623,1,5,STANDING,1.017141
624,1,5,STANDING,1.018809
625,1,5,STANDING,1.020668
626,1,5,STANDING,1.023582
627,1,5,STANDING,1.02593
628,1,5,STANDING,1.02284
629,1,5,STANDING,1.019177
630,1,5,STANDING,1.019385
631,1,5,STANDING,1.019726
632,1,5,STANDING,1.021275
633,1,5,STANDING,1.022888
634,1,5,STANDING,1.02237
635,1,5,STANDING,1.022934
636,1,5,STANDING,1.023982
637,1,5,STANDING,1.024099
638,1,5,STANDING,1.025135
639,1,5,STANDING,1.027036
640,1,5,STANDING,1.025473
641,1,5,STANDING,1.019491
642,1,5,STANDING,1.015506
643,1,5,STANDING,1.018452
644,1,5,STANDING,1.024693
645,1,5,STANDING,1.02561
646,1,5,STANDING,1.0227
647,1,5,STANDING,1.022235
648,1,5,STANDING,1.023739
649,1,5,STANDING,1.025894
650,1,5,STANDING,1.023959
651,1,5,STANDING,1.017969
652,1,5,STANDING,1.01388
653,1,5,STANDING,1.013391
654,1,5,STANDING,1.015214
655,1,5,STANDING,1.016215
656,1,5,STANDING,1.021132
657,1,5,STANDING,1.026166
658,1,5,STANDING,1.022978
659,1,5,STANDING,1.023444
660,1,5,STANDING,1.027358
661,1,5,STANDING,1.027447
662,1,5,STANDING,1.026603
663,1,5,STANDING,1.023803
664,1,5,STANDING,1.023801
665,1,5,STANDING,1.024315
666,1,5,STANDING,1.022278
667,1,5,STANDING,1.022375
668,1,5,STANDING,1.020388
669,1,5,STANDING,1.020063
670,1,5,STANDING,1.021539
671,1,5,STANDING,1.017524
672,1,5,STANDING,1.013031
673,1,5,STANDING,1.01161
674,1,5,STANDING,1.018623
675,1,5,STANDING,1.02821
676,1,5,STANDING,1.025535
677,1,5,STANDING,1.02326
678,1,5,STANDING,1.027313
679,1,5,STANDING,1.025845
680,1,5,STANDING,1.022879
681,1,5,STANDING,1.020244
682,1,5,STANDING,1.018097
683,1,5,STANDING,1.020021
684,1,5,STANDING,1.019525
685,1,5,STANDING,1.01789
686,1,5,STANDING,1.018561
687,1,5,STANDING,1.018752
688,1,5,STANDING,1.021253
689,1,5,STANDING,1.024128
690,1,5,STANDING,1.025298
691,1,5,STANDING,1.025407
692,1,5,STANDING,1.023292
693,1,5,STANDING,1.022227
694,1,5,STANDING,1.02025
695,1,5,STANDING,1.017532
696,1,5,STANDING,1.018646
697,1,5,STANDING,1.020794
698,1,5,STANDING,1.022905
699,1,5,STANDING,1.022754
700,1,5,STANDING,1.021006
701,1,5,STANDING,1.020917
702,1,5,STANDING,1.018978
703,1,5,STANDING,1.018788
704,1,5,STANDING,1.020709
705,1,5,STANDING,1.020728
706,1,5,STANDING,1.022704
707,1,5,STANDING,1.022694
708,1,5,STANDING,1.020416
709,1,5,STANDING,1.021613
710,1,5,STANDING,1.023455
711,1,5,STANDING,1.025244
712,1,5,STANDING,1.023925
713,1,5,STANDING,1.02034
714,1,5,STANDING,1.020684
715,1,5,STANDING,1.018993
716,1,5,STANDING,1.01574
717,1,5,STANDING,1.015745
718,1,5,STANDING,1.016651
719,1,5,STANDING,1.019938
720,1,5,STANDING,1.021153
721,1,5,STANDING,1.020318
722,1,5,STANDING,1.022209
723,1,5,STANDING,1.021228
724,1,5,STANDING,1.019447
725,1,5,STANDING,1.019458
726,1,5,STANDING,1.019467
727,1,5,STANDING,1.021617
728,1,5,STANDING,1.022265
729,1,5,STANDING,1.020469
730,1,5,STANDING,1.018873
731,1,5,STANDING,1.019398
732,1,5,STANDING,1.021952
733,1,5,STANDING,1.022531
734,1,5,STANDING,1.023229
735,1,5,STANDING,1.023935
736,1,5,STANDING,1.022857
737,1,5,STANDING,1.021136
738,1,5,STANDING,1.01848
739,1,5,STANDING,1.019117
740,1,5,STANDING,1.020255
741,1,5,STANDING,1.019201
742,1,5,STANDING,1.021377
743,1,5,STANDING,1.022984
744,1,5,STANDING,1.022081
745,1,5,STANDING,1.021746
746,1,5,STANDING,1.020504
747,1,5,STANDING,1.018777
748,1,5,STANDING,1.018234
749,1,5,STANDING,1.018429
750,1,5,STANDING,1.018682
751,1,5,STANDING,1.020081
752,1,5,STANDING,1.021598
753,1,5,STANDING,1.022055
754,1,5,STANDING,1.021653
755,1,5,STANDING,1.019333
756,1,5,STANDING,1.018934
757,1,5,STANDING,1.020357
758,1,5,STANDING,1.020879
759,1,5,STANDING,1.022474
760,1,5,STANDING,1.020838
761,1,5,STANDING,1.018164
762,1,5,STANDING,1.019736
763,1,5,STANDING,1.019956
764,1,5,STANDING,1.019887
765,1,5,STANDING,1.021387
766,1,5,STANDING,1.020704
767,1,5,STANDING,1.019645
768,1,5,STANDING,1.0194
769,1,5,STANDING,1.019465
770,1,5,STANDING,1.020643
771,1,5,STANDING,1.022011
772,1,5,STANDING,1.022496
773,1,5,STANDING,1.022227
774,1,5,STANDING,1.022079
775,1,5,STANDING,1.022326
776,1,5,STANDING,1.022229
777,1,5,STANDING,1.022135
778,1,5,STANDING,1.022319
779,1,5,STANDING,1.022175
780,1,5,STANDING,1.022559
781,1,5,STANDING,1.024077
782,1,5,STANDING,1.025468
783,1,5,STANDING,1.024908
784,1,5,STANDING,1.02279
785,1,5,STANDING,1.021849
786,1,5,STANDING,1.022145
787,1,5,STANDING,1.022178
788,1,5,STANDING,1.021354
789,1,5,STANDING,1.02077
790,1,5,STANDING,1.022645
791,1,5,STANDING,1.024348
792,1,5,STANDING,1.02344
793,1,5,STANDING,1.022417
794,1,5,STANDING,1.022147
795,1,5,STANDING,1.02213
796,1,5,STANDING,1.022294
797,1,5,STANDING,1.022241
798,1,5,STANDING,1.021979
799,1,5,STANDING,1.021549
800,1,5,STANDING,1.021469
801,1,5,STANDING,1.02233
802,1,5,STANDING,1.02242
803,1,5,STANDING,1.020811
804,1,5,STANDING,1.019889
805,1,5,STANDING,1.020347
806,1,5,STANDING,1.021821
807,1,5,STANDING,1.022886
808,1,5,STANDING,1.021973
809,1,5,STANDING,1.022052
810,1,5,STANDING,1.022217
811,1,5,STANDING,1.02014
812,1,5,STANDING,1.01901
813,1,5,STANDING,1.019309
814,1,5,STANDING,1.01967
815,1,5,STANDING,1.01926
816,1,5,STANDING,1.018701
817,1,5,STANDING,1.019819
818,1,5,STANDING,1.021144
819,1,5,STANDING,1.021024
820,1,5,STANDING,1.019429
821,1,5,STANDING,1.017873
822,1,5,STANDING,1.016584
823,1,5,STANDING,1.016271
824,1,5,STANDING,1.018988
825,1,5,STANDING,1.020634
826,1,5,STANDING,1.021252
827,1,5,STANDING,1.022075
828,1,5,STANDING,1.019258
829,1,5,STANDING,1.017782
830,1,5,STANDING,1.018658
831,1,5,STANDING,1.018698
832,1,5,STANDING,1.02077
833,1,5,STANDING,1.021561
834,1,5,STANDING,1.021268
835,1,5,STANDING,1.022727
836,1,5,STANDING,1.022307
837,1,5,STANDING,1.021894
838,1,5,STANDING,1.022508
839,1,5,STANDING,1.021737
840,1,5,STANDING,1.020421
841,1,5,STANDING,1.019524
842,1,5,STANDING,1.021811
843,1,5,STANDING,1.024737
844,1,5,STANDING,1.022451
845,1,5,STANDING,1.019446
846,1,5,STANDING,1.019363
847,1,5,STANDING,1.019323
848,1,5,STANDING,1.019683
849,1,5,STANDING,1.020637
850,1,5,STANDING,1.021779
851,1,5,STANDING,1.022596
852,1,5,STANDING,1.021199
853,1,5,STANDING,1.020342
854,1,5,STANDING,1.021051
855,1,5,STANDING,1.020814
856,1,5,STANDING,1.020776
857,1,5,STANDING,1.020728
858,1,5,STANDING,1.019867
859,1,5,STANDING,1.019596
860,1,5,STANDING,1.021074
861,1,5,STANDING,1.022817
862,1,5,STANDING,1.02146
863,1,5,STANDING,1.02023
864,1,5,STANDING,1.022005
865,1,5,STANDING,1.02263
866,1,5,STANDING,1.022053
867,1,5,STANDING,1.022225
868,1,5,STANDING,1.022259
869,1,5,STANDING,1.022207
870,1,5,STANDING,1.022394
871,1,5,STANDING,1.022944
872,1,5,STANDING,1.022642
873,1,5,STANDING,1.020247
874,1,5,STANDING,1.018788
875,1,5,STANDING,1.020597
876,1,5,STANDING,1.022175
877,1,5,STANDING,1.021183
878,1,5,STANDING,1.01968
879,1,5,STANDING,1.018896
880,1,5,STANDING,1.018581
881,1,5,STANDING,1.017991
882,1,5,STANDING,1.018265
883,1,5,STANDING,1.021029
884,1,5,STANDING,1.023006
885,1,5,STANDING,1.022349
886,1,5,STANDING,1.021502
887,1,5,STANDING,1.020571
888,1,5,STANDING,1.019036
889,1,5,STANDING,1.019362
890,1,5,STANDING,1.021775
891,1,5,STANDING,1.022605
892,1,5,STANDING,1.022188
893,1,5,STANDING,1.022221
894,1,5,STANDING,1.02212
895,1,5,STANDING,1.02218
896,1,5,STANDING,1.005814
897,1,5,STANDING,1.006548
898,1,5,STANDING,1.003347
899,1,5,STANDING,1.002136
900,1,5,STANDING,0.9974581
901,1,5,STANDING,1.001599
902,1,5,STANDING,1.006555
903,1,5,STANDING,1.002259
904,1,5,STANDING,1.00016
905,1,5,STANDING,1.000095
906,1,5,STANDING,0.9996227
907,1,5,STANDING,1.000965
908,1,5,STANDING,1.003606
909,1,5,STANDING,1.006615
910,1,5,STANDING,1.007074
911,1,5,STANDING,1.006325
912,1,5,STANDING,1.007551
913,1,5,STANDING,1.008136
914,1,5,STANDING,1.008999
915,1,5,STANDING,1.010597
916,1,5,STANDING,1.008534
917,1,5,STANDING,1.004979
918,1,5,STANDING,1.001956
919,1,5,STANDING,1.002656
920,1,5,STANDING,1.008496
921,1,5,STANDING,1.010667
922,1,5,STANDING,1.010108
923,1,5,STANDING,1.011752
924,1,5,STANDING,1.014588
925,1,5,STANDING,1.015949
926,1,5,STANDING,1.011389
927,1,5,STANDING,1.006077
928,1,5,STANDING,1.003046
929,1,5,STANDING,1.002666
930,1,5,STANDING,1.008244
931,1,5,STANDING,1.012824
932,1,5,STANDING,1.013015
933,1,5,STANDING,1.011139
934,1,5,STANDING,1.00943
935,1,5,STANDING,1.009221
936,1,5,STANDING,1.009002
937,1,5,STANDING,1.011783
938,1,5,STANDING,1.013041
939,1,5,STANDING,1.008938
940,1,5,STANDING,1.005788
941,1,5,STANDING,1.004846
942,1,5,STANDING,1.005757
943,1,5,STANDING,1.005857
944,1,5,STANDING,1.005074
945,1,5,STANDING,1.005918
946,1,5,STANDING,1.006348
947,1,5,STANDING,1.009875
948,1,5,STANDING,1.013252
949,1,5,STANDING,1.008295
950,1,5,STANDING,1.003848
951,1,5,STANDING,1.008202
952,1,5,STANDING,1.011495
953,1,5,STANDING,1.007515
954,1,5,STANDING,1.004007
955,1,5,STANDING,1.00239
956,1,5,STANDING,1.003408
957,1,5,STANDING,1.01079
958,1,5,STANDING,1.015496
959,1,5,STANDING,1.012337
960,1,5,STANDING,1.008712
961,1,5,STANDING,1.00952
962,1,5,STANDING,1.010496
963,1,5,STANDING,1.00887
964,1,5,STANDING,1.009009
965,1,5,STANDING,1.008574
966,1,5,STANDING,1.008522
967,1,5,STANDING,1.010732
968,1,5,STANDING,1.009681
969,1,5,STANDING,1.01005
970,1,5,STANDING,1.011277
971,1,5,STANDING,1.010125
972,1,5,STANDING,1.012188
973,1,5,STANDING,1.012545
974,1,5,STANDING,1.008494
975,1,5,STANDING,1.005921
976,1,5,STANDING,1.006617
977,1,5,STANDING,1.00768
978,1,5,STANDING,1.006563
979,1,5,STANDING,1.0068
980,1,5,STANDING,1.007568
981,1,5,STANDING,1.007413
982,1,5,STANDING,1.008796
983,1,5,STANDING,1.008523
984,1,5,STANDING,1.008581
985,1,5,STANDING,1.012292
986,1,5,STANDING,1.013591
987,1,5,STANDING,1.007973
988,1,5,STANDING,1.001638
989,1,5,STANDING,1.003972
990,1,5,STANDING,1.008062
991,1,5,STANDING,1.008254
992,1,5,STANDING,1.011422
993,1,5,STANDING,1.011617
994,1,5,STANDING,1.008251
995,1,5,STANDING,1.00847
996,1,5,STANDING,1.008043
997,1,5,STANDING,1.008332
998,1,5,STANDING,1.008748
999,1,5,STANDING,1.007735
1000,1,5,STANDING,1.008962
1001,1,5,STANDING,1.009137
1002,1,5,STANDING,1.009722
1003,1,5,STANDING,1.010297
1004,1,5,STANDING,1.009077
1005,1,5,STANDING,1.010053
1006,1,5,STANDING,1.009449
1007,1,5,STANDING,1.007562
1008,1,5,STANDING,1.006842
1009,1,5,STANDING,1.006771
1010,1,5,STANDING,1.009238
1011,1,5,STANDING,1.010188
1012,1,5,STANDING,1.009601
1013,1,5,STANDING,1.009799
1014,1,5,STANDING,1.009552
1015,1,5,STANDING,1.010087
1016,1,5,STANDING,1.010546
1017,1,5,STANDING,1.0111
1018,1,5,STANDING,1.010557
1019,1,5,STANDING,1.009173
1020,1,5,STANDING,1.01094
1021,1,5,STANDING,1.012528
1022,1,5,STANDING,1.012525
1023,1,5,STANDING,1.012303
1024,1,5,STANDING,1.010334
1025,1,5,STANDING,1.008379
1026,1,5,STANDING,1.008078
1027,1,5,STANDING,1.009918
1028,1,5,STANDING,1.012846
1029,1,5,STANDING,1.014341
1030,1,5,STANDING,1.012963
1031,1,5,STANDING,1.010247
1032,1,5,STANDING,1.010894
1033,1,5,STANDING,1.012533
1034,1,5,STANDING,1.011668
1035,1,5,STANDING,1.011269
1036,1,5,STANDING,1.00987
1037,1,5,STANDING,1.006409
1038,1,5,STANDING,1.004966
1039,1,5,STANDING,1.006429
1040,1,5,STANDING,1.007549
1041,1,5,STANDING,1.006832
1042,1,5,STANDING,1.007261
1043,1,5,STANDING,1.009703
1044,1,5,STANDING,1.011092
1045,1,5,STANDING,1.01063
1046,1,5,STANDING,1.010948
1047,1,5,STANDING,1.012517
1048,1,5,STANDING,1.012812
1049,1,5,STANDING,1.013414
1050,1,5,STANDING,1.015246
1051,1,5,STANDING,1.015505
1052,1,5,STANDING,1.014138
1053,1,5,STANDING,1.009917
1054,1,5,STANDING,1.005449
1055,1,5,STANDING,1.007283
1056,1,5,STANDING,1.009773
1057,1,5,STANDING,1.007846
1058,1,5,STANDING,1.008292
1059,1,5,STANDING,1.010992
1060,1,5,STANDING,1.012082
1061,1,5,STANDING,1.012486
1062,1,5,STANDING,1.00982
1063,1,5,STANDING,1.007097
1064,1,5,STANDING,1.008312
1065,1,5,STANDING,1.007819
1066,1,5,STANDING,1.006464
1067,1,5,STANDING,1.008274
1068,1,5,STANDING,1.010591
1069,1,5,STANDING,1.011414
1070,1,5,STANDING,1.010074
1071,1,5,STANDING,1.007958
1072,1,5,STANDING,1.006335
1073,1,5,STANDING,1.005093
1074,1,5,STANDING,1.00573
1075,1,5,STANDING,1.007872
1076,1,5,STANDING,1.00961
1077,1,5,STANDING,1.009945
1078,1,5,STANDING,1.008543
1079,1,5,STANDING,1.007005
1080,1,5,STANDING,1.007135
1081,1,5,STANDING,1.008737
1082,1,5,STANDING,1.009954
1083,1,5,STANDING,1.008161
1084,1,5,STANDING,1.00591
1085,1,5,STANDING,1.007193
1086,1,5,STANDING,1.008487
1087,1,5,STANDING,1.009021
1088,1,5,STANDING,1.010311
1089,1,5,STANDING,1.009875
1090,1,5,STANDING,1.010281
1091,1,5,STANDING,1.011755
1092,1,5,STANDING,1.010484
1093,1,5,STANDING,1.008202
1094,1,5,STANDING,1.006932
1095,1,5,STANDING,1.009143
1096,1,5,STANDING,1.012576
1097,1,5,STANDING,1.01066
1098,1,5,STANDING,1.007583
1099,1,5,STANDING,1.007041
1100,1,5,STANDING,1.007297
1101,1,5,STANDING,1.008979
1102,1,5,STANDING,1.008405
1103,1,5,STANDING,1.006559
1104,1,5,STANDING,1.006543
1105,1,5,STANDING,1.006267
1106,1,5,STANDING,1.009559
1107,1,5,STANDING,1.014518
1108,1,5,STANDING,1.015463
1109,1,5,STANDING,1.013865
1110,1,5,STANDING,1.011463
1111,1,5,STANDING,1.01233
1112,1,5,STANDING,1.013331
1113,1,5,STANDING,1.011382
1114,1,5,STANDING,1.010993
1115,1,5,STANDING,1.009404
1116,1,5,STANDING,1.009178
1117,1,5,STANDING,1.011352
1118,1,5,STANDING,1.01001
1119,1,5,STANDING,1.009458
1120,1,5,STANDING,1.009883
1121,1,5,STANDING,1.009499
1122,1,5,STANDING,1.010001
1123,1,5,STANDING,1.009518
1124,1,5,STANDING,1.009741
1125,1,5,STANDING,1.009897
1126,1,5,STANDING,1.009622
1127,1,5,STANDING,1.010869
1128,1,5,STANDING,1.011259
1129,1,5,STANDING,1.011359
1130,1,5,STANDING,1.01196
1131,1,5,STANDING,1.012667
1132,1,5,STANDING,1.012281
1133,1,5,STANDING,1.009425
1134,1,5,STANDING,1.00786
1135,1,5,STANDING,1.009563
1136,1,5,STANDING,1.01301
1137,1,5,STANDING,1.01461
1138,1,5,STANDING,1.011948
1139,1,5,STANDING,1.007555
1140,1,5,STANDING,1.005006
1141,1,5,STANDING,1.008706
1142,1,5,STANDING,1.013162
1143,1,5,STANDING,1.010798
1144,1,5,STANDING,1.009137
1145,1,5,STANDING,1.009429
1146,1,5,STANDING,1.00781
1147,1,5,STANDING,1.009119
1148,1,5,STANDING,1.010547
1149,1,5,STANDING,1.009307
1150,1,5,STANDING,1.009906
1151,1,5,STANDING,1.011016
1152,1,5,STANDING,1.01201
1153,1,5,STANDING,1.01307
1154,1,5,STANDING,1.011622
1155,1,5,STANDING,1.008409
1156,1,5,STANDING,1.004336
1157,1,5,STANDING,1.00334
1158,1,5,STANDING,1.006653
1159,1,5,STANDING,1.007537
1160,1,5,STANDING,1.006679
1161,1,5,STANDING,1.00774
1162,1,5,STANDING,1.01047
1163,1,5,STANDING,1.013625
1164,1,5,STANDING,1.012944
1165,1,5,STANDING,1.011582
1166,1,5,STANDING,1.013037
1167,1,5,STANDING,1.012553
1168,1,5,STANDING,1.011906
1169,1,5,STANDING,1.011868
1170,1,5,STANDING,1.00936
1171,1,5,STANDING,1.007517
1172,1,5,STANDING,1.007078
1173,1,5,STANDING,1.008721
1174,1,5,STANDING,1.0125
1175,1,5,STANDING,1.013098
1176,1,5,STANDING,1.011778
1177,1,5,STANDING,1.010823
1178,1,5,STANDING,1.009189
1179,1,5,STANDING,1.009818
1180,1,5,STANDING,1.011979
1181,1,5,STANDING,1.012246
1182,1,5,STANDING,1.01001
1183,1,5,STANDING,1.007644
1184,1,5,STANDING,1.009816
1185,1,5,STANDING,1.012451
1186,1,5,STANDING,1.010813
1187,1,5,STANDING,1.0105
1188,1,5,STANDING,1.010804
1189,1,5,STANDING,1.009097
1190,1,5,STANDING,1.009273
1191,1,5,STANDING,1.00837
1192,1,5,STANDING,1.006718
1193,1,5,STANDING,1.010471
1194,1,5,STANDING,1.014069
1195,1,5,STANDING,1.012535
1196,1,5,STANDING,1.011778
1197,1,5,STANDING,1.013028
1198,1,5,STANDING,1.012472
1199,1,5,STANDING,1.011996
1200,1,5,STANDING,1.011984
1201,1,5,STANDING,1.010641
1202,1,5,STANDING,1.010775
1203,1,5,STANDING,1.01065
1204,1,5,STANDING,1.00909
1205,1,5,STANDING,1.010096
1206,1,5,STANDING,1.011819
1207,1,5,STANDING,1.012544
1208,1,5,STANDING,1.011995
1209,1,5,STANDING,1.010415
1210,1,5,STANDING,1.010933
1211,1,5,STANDING,1.010634
1212,1,5,STANDING,1.00902
1213,1,5,STANDING,1.009817
1214,1,5,STANDING,1.009991
1215,1,5,STANDING,1.0094
1216,1,5,STANDING,1.009916
1217,1,5,STANDING,1.009697
1218,1,5,STANDING,1.009629
1219,1,5,STANDING,1.008963
1220,1,5,STANDING,1.00515
1221,1,5,STANDING,1.002174
1222,1,5,STANDING,1.005831
1223,1,5,STANDING,1.010413
1224,1,5,STANDING,1.008488
1225,1,5,STANDING,1.008497
1226,1,5,STANDING,1.012793
1227,1,5,STANDING,1.012815
1228,1,5,STANDING,1.012007
1229,1,5,STANDING,1.011917
1230,1,5,STANDING,1.010547
1231,1,5,STANDING,1.011543
1232,1,5,STANDING,1.013109
1233,1,5,STANDING,1.013794
1234,1,5,STANDING,1.012188
1235,1,5,STANDING,1.008241
1236,1,5,STANDING,1.007788
1237,1,5,STANDING,1.008519
1238,1,5,STANDING,1.007114
1239,1,5,STANDING,1.005821
1240,1,5,STANDING,1.00517
1241,1,5,STANDING,1.006172
1242,1,5,STANDING,1.008393
1243,1,5,STANDING,1.010676
1244,1,5,STANDING,1.01163
1245,1,5,STANDING,1.010768
1246,1,5,STANDING,1.010541
1247,1,5,STANDING,1.010975
1248,1,5,STANDING,1.011218
1249,1,5,STANDING,1.01025
1250,1,5,STANDING,1.009126
1251,1,5,STANDING,1.009951
1252,1,5,STANDING,1.009997
1253,1,5,STANDING,1.01035
1254,1,5,STANDING,1.012021
1255,1,5,STANDING,1.012465
1256,1,5,STANDING,1.012473
1257,1,5,STANDING,1.010988
1258,1,5,STANDING,1.010337
1259,1,5,STANDING,1.01198
1260,1,5,STANDING,1.01169
1261,1,5,STANDING,1.011364
1262,1,5,STANDING,1.010533
1263,1,5,STANDING,1.008804
1264,1,5,STANDING,1.010158
1265,1,5,STANDING,1.011121
1266,1,5,STANDING,1.011742
1267,1,5,STANDING,1.012925
1268,1,5,STANDING,1.010504
1269,1,5,STANDING,1.008909
1270,1,5,STANDING,1.009592
1271,1,5,STANDING,1.008005
1272,1,5,STANDING,1.006674
1273,1,5,STANDING,1.008529
1274,1,5,STANDING,1.010698
1275,1,5,STANDING,1.009932
1276,1,5,STANDING,1.009863
1277,1,5,STANDING,1.011025
1278,1,5,STANDING,1.009367
1279,1,5,STANDING,1.009425
1280,1,5,STANDING,1.011267
1281,1,5,STANDING,1.010825
1282,1,5,STANDING,1.010328
1283,1,5,STANDING,1.008956
1284,1,5,STANDING,1.00673
1285,1,5,STANDING,1.005199
1286,1,5,STANDING,1.004961
1287,1,5,STANDING,1.00616
1288,1,5,STANDING,1.006013
1289,1,5,STANDING,1.008191
1290,1,5,STANDING,1.012863
1291,1,5,STANDING,1.013026
1292,1,5,STANDING,1.011736
1293,1,5,STANDING,1.010701
1294,1,5,STANDING,1.00806
1295,1,5,STANDING,1.006796
1296,1,5,STANDING,1.006071
1297,1,5,STANDING,1.005347
1298,1,5,STANDING,1.007133
1299,1,5,STANDING,1.010999
1300,1,5,STANDING,1.013556
1301,1,5,STANDING,1.012707
1302,1,5,STANDING,1.011888
1303,1,5,STANDING,1.012471
1304,1,5,STANDING,1.010814
1305,1,5,STANDING,1.008855
1306,1,5,STANDING,1.009779
1307,1,5,STANDING,1.010074
1308,1,5,STANDING,1.00938
1309,1,5,STANDING,1.00969
1310,1,5,STANDING,1.008874
1311,1,5,STANDING,1.008454
1312,1,5,STANDING,1.011049
1313,1,5,STANDING,1.013264
1314,1,5,STANDING,1.011659
1315,1,5,STANDING,1.00932
1316,1,5,STANDING,1.009704
1317,1,5,STANDING,1.009901
1318,1,5,STANDING,1.009482
1319,1,5,STANDING,1.009925
1320,1,5,STANDING,1.009638
1321,1,5,STANDING,1.009668
1322,1,5,STANDING,1.009694
1323,1,5,STANDING,1.008661
1324,1,5,STANDING,1.008173
1325,1,5,STANDING,1.008385
1326,1,5,STANDING,1.009725
1327,1,5,STANDING,1.011436
1328,1,5,STANDING,1.011393
1329,1,5,STANDING,1.010258
1330,1,5,STANDING,1.01075
1331,1,5,STANDING,1.011689
1332,1,5,STANDING,1.009702
1333,1,5,STANDING,1.008303
1334,1,5,STANDING,1.008329
1335,1,5,STANDING,1.007078
1336,1,5,STANDING,1.00691
1337,1,5,STANDING,1.007258
1338,1,5,STANDING,1.008626
1339,1,5,STANDING,1.010538
1340,1,5,STANDING,1.009652
1341,1,5,STANDING,1.009439
1342,1,5,STANDING,1.010011
1343,1,5,STANDING,1.009558
1344,1,5,STANDING,1.009773
1345,1,5,STANDING,1.009734
1346,1,5,STANDING,1.009686
1347,1,5,STANDING,1.009592
1348,1,5,STANDING,1.008416
1349,1,5,STANDING,1.006333
1350,1,5,STANDING,1.00539
1351,1,5,STANDING,1.008254
1352,1,5,STANDING,1.010685
1353,1,5,STANDING,1.008865
1354,1,5,STANDING,1.007701
1355,1,5,STANDING,1.010044
1356,1,5,STANDING,1.012866
1357,1,5,STANDING,1.013932
1358,1,5,STANDING,1.011383
1359,1,5,STANDING,1.007637
1360,1,5,STANDING,1.00884
1361,1,5,STANDING,1.011437
1362,1,5,STANDING,1.012901
1363,1,5,STANDING,1.015896
1364,1,5,STANDING,1.014252
1365,1,5,STANDING,1.010633
1366,1,5,STANDING,1.01197
1367,1,5,STANDING,1.011235
1368,1,5,STANDING,1.009155
1369,1,5,STANDING,1.00906
1370,1,5,STANDING,1.006928
1371,1,5,STANDING,1.007157
1372,1,5,STANDING,1.011009
1373,1,5,STANDING,1.012928
1374,1,5,STANDING,1.011218
1375,1,5,STANDING,1.008465
1376,1,5,STANDING,1.009687
1377,1,5,STANDING,1.010537
1378,1,5,STANDING,1.008371
1379,1,5,STANDING,1.007385
1380,1,5,STANDING,1.005467
1381,1,5,STANDING,1.007404
1382,1,5,STANDING,1.011863
1383,1,5,STANDING,1.010334
1384,1,5,STANDING,1.010621
1385,1,5,STANDING,1.012312
1386,1,5,STANDING,1.01126
1387,1,5,STANDING,1.01292
1388,1,5,STANDING,1.012762
1389,1,5,STANDING,1.010714
1390,1,5,STANDING,1.010444
1391,1,5,STANDING,1.009241
1392,1,5,STANDING,1.009603
1393,1,5,STANDING,1.010174
1394,1,5,STANDING,1.009295
1395,1,5,STANDING,1.009913
1396,1,5,STANDING,1.009794
1397,1,5,STANDING,1.009488
1398,1,5,STANDING,1.010333
1399,1,5,STANDING,1.011348
1400,1,5,STANDING,1.012889
1401,1,5,STANDING,1.011561
1402,1,5,STANDING,1.008481
1403,1,5,STANDING,1.008204
1404,1,5,STANDING,1.009229
1405,1,5,STANDING,1.010069
1406,1,5,STANDING,1.009859
1407,1,5,STANDING,1.009381
1408,1,5,STANDING,1.010144
1409,1,5,STANDING,1.010596
1410,1,5,STANDING,1.011044
1411,1,5,STANDING,1.010543
1412,1,5,STANDING,1.009262
1413,1,5,STANDING,1.010648
1414,1,5,STANDING,1.01153
1415,1,5,STANDING,1.009616
1416,1,5,STANDING,1.007462
1417,1,5,STANDING,1.005517
1418,1,5,STANDING,1.005171
1419,1,5,STANDING,1.006357
1420,1,5,STANDING,1.008178
1421,1,5,STANDING,1.010468
1422,1,5,STANDING,1.010147
1423,1,5,STANDING,1.009025
1424,1,5,STANDING,1.010055
1425,1,5,STANDING,1.009858
1426,1,5,STANDING,1.00988
1427,1,5,STANDING,1.012736
1428,1,5,STANDING,1.014231
1429,1,5,STANDING,1.012139
1430,1,5,STANDING,1.009278
1431,1,5,STANDING,1.00968
1432,1,5,STANDING,1.012054
1433,1,5,STANDING,1.012546
1434,1,5,STANDING,1.011638
1435,1,5,STANDING,1.009952
1436,1,5,STANDING,1.010124
1437,1,5,STANDING,1.011799
1438,1,5,STANDING,1.010852
1439,1,5,STANDING,1.009965
1440,1,5,STANDING,1.009759
1441,1,5,STANDING,1.009397
1442,1,5,STANDING,1.010375
1443,1,5,STANDING,1.01143
1444,1,5,STANDING,1.012019
1445,1,5,STANDING,1.008481
1446,1,5,STANDING,1.003571
1447,1,5,STANDING,1.005677
1448,1,5,STANDING,1.008854
1449,1,5,STANDING,1.009802
1450,1,5,STANDING,1.011652
1451,1,5,STANDING,1.00953
1452,1,5,STANDING,1.007029
1453,1,5,STANDING,1.008938
1454,1,5,STANDING,1.009106
1455,1,5,STANDING,1.008104
1456,1,5,STANDING,1.008488
1457,1,5,STANDING,1.008973
1458,1,5,STANDING,1.009642
1459,1,5,STANDING,1.009828
1460,1,5,STANDING,1.011291
1461,1,5,STANDING,1.011673
1462,1,5,STANDING,1.009476
1463,1,5,STANDING,1.009318
1464,1,5,STANDING,1.008114
1465,1,5,STANDING,1.005742
1466,1,5,STANDING,1.005974
1467,1,5,STANDING,1.007063
1468,1,5,STANDING,1.008953
1469,1,5,STANDING,1.008424
1470,1,5,STANDING,1.005763
1471,1,5,STANDING,1.005666
1472,1,5,STANDING,1.006267
1473,1,5,STANDING,1.007601
1474,1,5,STANDING,1.009091
1475,1,5,STANDING,1.009688
1476,1,5,STANDING,1.010297
1477,1,5,STANDING,1.009334
1478,1,5,STANDING,1.0096
1479,1,5,STANDING,1.010213
1480,1,5,STANDING,1.009206
1481,1,5,STANDING,1.01016
1482,1,5,STANDING,1.010882
1483,1,5,STANDING,1.011759
1484,1,5,STANDING,1.012564
1485,1,5,STANDING,1.010998
1486,1,5,STANDING,1.010828
1487,1,5,STANDING,1.009791
1488,1,5,STANDING,1.008851
1489,1,5,STANDING,1.009915
1490,1,5,STANDING,1.006905
1491,1,5,STANDING,1.00473
1492,1,5,STANDING,1.00755
1493,1,5,STANDING,1.009121
1494,1,5,STANDING,1.008867
1495,1,5,STANDING,1.010641
1496,1,5,STANDING,1.013226
1497,1,5,STANDING,1.010891
1498,1,5,STANDING,1.007403
1499,1,5,STANDING,1.008617
1500,1,5,STANDING,1.009508
1501,1,5,STANDING,1.009969
1502,1,5,STANDING,1.011561
1503,1,5,STANDING,1.011273
1504,1,5,STANDING,1.010888
1505,1,5,STANDING,1.010815
1506,1,5,STANDING,1.009723
1507,1,5,STANDING,1.009021
1508,1,5,STANDING,1.008877
1509,1,5,STANDING,1.007408
1510,1,5,STANDING,1.006497
1511,1,5,STANDING,1.009098
1512,1,5,STANDING,1.010248
1513,1,5,STANDING,1.008593
1514,1,5,STANDING,1.008263
1515,1,5,STANDING,1.009462
1516,1,5,STANDING,1.012012
1517,1,5,STANDING,1.012725
1518,1,5,STANDING,1.010202
1519,1,5,STANDING,1.007364
1520,1,5,STANDING,1.006181
1521,1,5,STANDING,1.00756
1522,1,5,STANDING,1.008909
1523,1,5,STANDING,1.009928
1524,1,5,STANDING,1.009686
1525,1,5,STANDING,1.00614
1526,1,5,STANDING,1.003127
1527,1,5,STANDING,1.003019
1528,1,5,STANDING,1.007259
1529,1,5,STANDING,1.011529
1530,1,5,STANDING,1.009979
1531,1,5,STANDING,1.009928
1532,1,5,STANDING,1.012941
1533,1,5,STANDING,1.012392
1534,1,5,STANDING,1.010357
1535,1,5,STANDING,1.009769
1536,1,5,STANDING,1.011234
1537,1,5,STANDING,1.013388
1538,1,5,STANDING,1.01228
1539,1,5,STANDING,1.010288
1540,1,5,STANDING,1.010547
1541,1,5,STANDING,1.011078
1542,1,5,STANDING,1.010864
1543,1,5,STANDING,1.008368
1544,1,5,STANDING,1.006599
1545,1,5,STANDING,1.010537
1546,1,5,STANDING,1.014014
1547,1,5,STANDING,1.012577
1548,1,5,STANDING,1.011781
1549,1,5,STANDING,1.012791
1550,1,5,STANDING,1.011664
1551,1,5,STANDING,1.010269
1552,1,5,STANDING,1.010499
1553,1,5,STANDING,1.009509
1554,1,5,STANDING,1.009378
1555,1,5,STANDING,1.010194
1556,1,5,STANDING,1.009435
1557,1,5,STANDING,1.010093
1558,1,5,STANDING,1.011696
1559,1,5,STANDING,1.012436
1560,1,5,STANDING,1.011126
1561,1,5,STANDING,1.00868
1562,1,5,STANDING,1.009673
1563,1,5,STANDING,1.010519
1564,1,5,STANDING,1.010218
1565,1,5,STANDING,1.012503
1566,1,5,STANDING,1.013005
1567,1,5,STANDING,1.012094
1568,1,5,STANDING,1.012328
1569,1,5,STANDING,1.010351
1570,1,5,STANDING,1.007295
1571,1,5,STANDING,1.006666
1572,1,5,STANDING,1.008831
1573,1,5,STANDING,1.010534
1574,1,5,STANDING,1.009647
1575,1,5,STANDING,1.009416
1576,1,5,STANDING,1.010193
1577,1,5,STANDING,1.010509
1578,1,5,STANDING,1.011325
1579,1,5,STANDING,1.011344
1580,1,5,STANDING,1.010802
1581,1,5,STANDING,1.01107
1582,1,5,STANDING,1.010286
1583,1,5,STANDING,1.009278
1584,1,5,STANDING,1.009766
1585,1,5,STANDING,1.009876
1586,1,5,STANDING,1.009572
1587,1,5,STANDING,1.009786
1588,1,5,STANDING,1.009737
1589,1,5,STANDING,1.009673
1590,1,5,STANDING,1.009767
1591,1,5,STANDING,1.009523
1592,1,5,STANDING,1.008827
1593,1,5,STANDING,1.008074
1594,1,5,STANDING,1.00839
1595,1,5,STANDING,1.009445
1596,1,5,STANDING,1.00989
1597,1,5,STANDING,1.009786
1598,1,5,STANDING,1.009634
1599,1,5,STANDING,1.009899
1600,1,5,STANDING,1.010692
1601,1,5,STANDING,1.011483
1602,1,5,STANDING,1.012139
1603,1,5,STANDING,1.012064
1604,1,5,STANDING,1.009603
1605,1,5,STANDING,1.005803
1606,1,5,STANDING,1.005542
1607,1,5,STANDING,1.007932
1608,1,5,STANDING,1.008129
1609,1,5,STANDING,1.008973
1610,1,5,STANDING,1.010907
1611,1,5,STANDING,1.01126
1612,1,5,STANDING,1.01281
1613,1,5,STANDING,1.012762
1614,1,5,STANDING,1.009985
1615,1,5,STANDING,1.009305
1616,1,5,STANDING,1.008789
1617,1,5,STANDING,1.008232
1618,1,5,STANDING,1.009303
1619,1,5,STANDING,1.009948
1620,1,5,STANDING,1.009888
1621,1,5,STANDING,1.010031
1622,1,5,STANDING,1.01244
1623,1,5,STANDING,1.01488
1624,1,5,STANDING,1.013777
1625,1,5,STANDING,1.011838
1626,1,5,STANDING,1.008941
1627,1,5,STANDING,1.005741
1628,1,5,STANDING,1.00729
1629,1,5,STANDING,1.011382
1630,1,5,STANDING,1.01311
1631,1,5,STANDING,1.012812
1632,1,5,STANDING,1.01213
1633,1,5,STANDING,1.012472
1634,1,5,STANDING,1.012655
1635,1,5,STANDING,1.0111
1636,1,5,STANDING,1.010036
1637,1,5,STANDING,1.009876
1638,1,5,STANDING,1.011297
1639,1,5,STANDING,1.013421
1640,1,5,STANDING,1.012473
1641,1,5,STANDING,1.011701
1642,1,5,STANDING,1.011162
1643,1,5,STANDING,1.009305
1644,1,5,STANDING,1.011287
1645,1,5,STANDING,1.013614
1646,1,5,STANDING,1.012323
1647,1,5,STANDING,1.012141
1648,1,5,STANDING,1.012879
1649,1,5,STANDING,1.012362
1650,1,5,STANDING,1.0124
1651,1,5,STANDING,1.012701
1652,1,5,STANDING,1.011808
1653,1,5,STANDING,1.009856
1654,1,5,STANDING,1.007596
1655,1,5,STANDING,1.008765
1656,1,5,STANDING,1.013549
1657,1,5,STANDING,1.015918
1658,1,5,STANDING,1.013882
1659,1,5,STANDING,1.011341
1660,1,5,STANDING,1.012396
1661,1,5,STANDING,1.013301
1662,1,5,STANDING,1.011795
1663,1,5,STANDING,1.012324
1664,1,5,STANDING,1.011041
1665,1,5,STANDING,1.008621
1666,1,5,STANDING,1.010326
1667,1,5,STANDING,1.01176
1668,1,5,STANDING,1.012687
1669,1,5,STANDING,1.012625
1670,1,5,STANDING,1.009627
1671,1,5,STANDING,1.006729
1672,1,5,STANDING,1.00465
1673,1,5,STANDING,1.005868
1674,1,5,STANDING,1.008962
1675,1,5,STANDING,1.009808
1676,1,5,STANDING,1.009251
1677,1,5,STANDING,1.007711
1678,1,5,STANDING,1.008484
1679,1,5,STANDING,1.010584
1680,1,5,STANDING,1.010571
1681,1,5,STANDING,1.01161
1682,1,5,STANDING,1.01275
1683,1,5,STANDING,1.012706
1684,1,5,STANDING,1.012085
1685,1,5,STANDING,1.010471
1686,1,5,STANDING,1.009871
1687,1,5,STANDING,1.011126
1688,1,5,STANDING,1.013173
1689,1,5,STANDING,1.011934
1690,1,5,STANDING,1.010347
1691,1,5,STANDING,1.01344
1692,1,5,STANDING,1.014173
1693,1,5,STANDING,1.01167
1694,1,5,STANDING,1.0096
1695,1,5,STANDING,1.0082
1696,1,5,STANDING,1.009065
1697,1,5,STANDING,1.010839
1698,1,5,STANDING,1.013255
1699,1,5,STANDING,1.012771
1700,1,5,STANDING,1.009705
1701,1,5,STANDING,1.009926
1702,1,5,STANDING,1.010673
1703,1,5,STANDING,1.012157
1704,1,5,STANDING,1.013279
1705,1,5,STANDING,1.011586
1706,1,5,STANDING,1.010869
1707,1,5,STANDING,1.00937
1708,1,5,STANDING,1.009486
1709,1,5,STANDING,1.012301
1710,1,5,STANDING,1.012432
1711,1,5,STANDING,1.011584
1712,1,5,STANDING,1.009915
1713,1,5,STANDING,1.0091
1714,1,5,STANDING,1.010203
1715,1,5,STANDING,1.009538
1716,1,5,STANDING,1.009813
1717,1,5,STANDING,1.01087
1718,1,5,STANDING,1.011095
1719,1,5,STANDING,1.011249
1720,1,5,STANDING,1.009942
1721,1,5,STANDING,1.009836
1722,1,5,STANDING,1.011606
1723,1,5,STANDING,1.012603
1724,1,5,STANDING,1.011053
1725,1,5,STANDING,1.008648
1726,1,5,STANDING,1.009742
1727,1,5,STANDING,1.010301
1728,1,4,SITTING,0.9068317
1729,1,4,SITTING,0.9093641
1730,1,4,SITTING,0.9083683
1731,1,4,SITTING,0.9111495
1732,1,4,SITTING,0.9243649
1733,1,4,SITTING,0.9251153
1734,1,4,SITTING,0.9199071
1735,1,4,SITTING,0.9117922
1736,1,4,SITTING,0.9024631
1737,1,4,SITTING,0.916602
1738,1,4,SITTING,0.9366371
1739,1,4,SITTING,0.9336245
1740,1,4,SITTING,0.9234674
1741,1,4,SITTING,0.9193153
1742,1,4,SITTING,0.9172326
1743,1,4,SITTING,0.9187327
1744,1,4,SITTING,0.9209825
1745,1,4,SITTING,0.9240969
1746,1,4,SITTING,0.928405
1747,1,4,SITTING,0.925521
1748,1,4,SITTING,0.921774
1749,1,4,SITTING,0.920958
1750,1,4,SITTING,0.9218246
1751,1,4,SITTING,0.9324262
1752,1,4,SITTING,0.9403026
1753,1,4,SITTING,0.9343821
1754,1,4,SITTING,0.9265591
1755,1,4,SITTING,0.9252885
1756,1,4,SITTING,0.9271957
1757,1,4,SITTING,0.9270915
1758,1,4,SITTING,0.9274125
1759,1,4,SITTING,0.9255208
1760,1,4,SITTING,0.9221578
1761,1,4,SITTING,0.9243114
1762,1,4,SITTING,0.9267687
1763,1,4,SITTING,0.9280925
1764,1,4,SITTING,0.9283824
1765,1,4,SITTING,0.9270705
1766,1,4,SITTING,0.9278919
1767,1,4,SITTING,0.9270468
1768,1,4,SITTING,0.925012
1769,1,4,SITTING,0.9230702
1770,1,4,SITTING,0.9199491
1771,1,4,SITTING,0.9211733
1772,1,4,SITTING,0.9236196
1773,1,4,SITTING,0.9229228
1774,1,4,SITTING,0.9246113
1775,1,4,SITTING,0.9270128
1776,1,4,SITTING,0.9270826
1777,1,4,SITTING,0.9279035
1778,1,4,SITTING,0.9271637
1779,1,4,SITTING,0.9256156
1780,1,4,SITTING,0.926642
1781,1,4,SITTING,0.9263602
1782,1,4,SITTING,0.925012
1783,1,4,SITTING,0.9241044
1784,1,4,SITTING,0.9229106
1785,1,4,SITTING,0.9226435
1786,1,4,SITTING,0.9212592
1787,1,4,SITTING,0.9208851
1788,1,4,SITTING,0.925241
1789,1,4,SITTING,0.9302099
1790,1,4,SITTING,0.9310599
1791,1,4,SITTING,0.9275577
1792,1,4,SITTING,0.9256148
1793,1,4,SITTING,0.9286822
1794,1,4,SITTING,0.9318461
1795,1,4,SITTING,0.9323784
1796,1,4,SITTING,0.9318425
1797,1,4,SITTING,0.9312789
1798,1,4,SITTING,0.9294211
1799,1,4,SITTING,0.9270672
1800,1,4,SITTING,0.9286819
1801,1,4,SITTING,0.9319282
1802,1,4,SITTING,0.9314977
1803,1,4,SITTING,0.9282974
1804,1,4,SITTING,0.9253317
1805,1,4,SITTING,0.9258697
1806,1,4,SITTING,0.9273355
1807,1,4,SITTING,0.9255636
1808,1,4,SITTING,0.9244003
1809,1,4,SITTING,0.9245327
1810,1,4,SITTING,0.9273334
1811,1,4,SITTING,0.9325468
1812,1,4,SITTING,0.9301455
1813,1,4,SITTING,0.9245892
1814,1,4,SITTING,0.9239178
1815,1,4,SITTING,0.9258844
1816,1,4,SITTING,0.9305557
1817,1,4,SITTING,0.9300747
1818,1,4,SITTING,0.926914
1819,1,4,SITTING,0.9298895
1820,1,4,SITTING,0.9295273
1821,1,4,SITTING,0.9269971
1822,1,4,SITTING,0.9264035
1823,1,4,SITTING,0.9242862
1824,1,4,SITTING,0.9268209
1825,1,4,SITTING,0.9326644
1826,1,4,SITTING,0.9358822
1827,1,4,SITTING,0.9352361
1828,1,4,SITTING,0.9327435
1829,1,4,SITTING,0.9334815
1830,1,4,SITTING,0.9336071
1831,1,4,SITTING,0.9327889
1832,1,4,SITTING,0.9336647
1833,1,4,SITTING,0.9316835
1834,1,4,SITTING,0.9288573
1835,1,4,SITTING,0.9270486
1836,1,4,SITTING,0.9267196
1837,1,4,SITTING,0.9286857
1838,1,4,SITTING,0.9294077
1839,1,4,SITTING,0.9302951
1840,1,4,SITTING,0.9308357
1841,1,4,SITTING,0.9301238
1842,1,4,SITTING,0.9295665
1843,1,4,SITTING,0.926932
1844,1,4,SITTING,0.9260766
1845,1,4,SITTING,0.9283882
1846,1,4,SITTING,0.9297057
1847,1,4,SITTING,0.9292312
1848,1,4,SITTING,0.9275973
1849,1,4,SITTING,0.9268686
1850,1,4,SITTING,0.9263205
1851,1,4,SITTING,0.9275332
1852,1,4,SITTING,0.9312305
1853,1,4,SITTING,0.9321599
1854,1,4,SITTING,0.9303032
1855,1,4,SITTING,0.9283487
1856,1,4,SITTING,0.9289349
1857,1,4,SITTING,0.9297154
1858,1,4,SITTING,0.9275199
1859,1,4,SITTING,0.9267255
1860,1,4,SITTING,0.9263129
1861,1,4,SITTING,0.9260095
1862,1,4,SITTING,0.926893
1863,1,4,SITTING,0.9260877
1864,1,4,SITTING,0.9261826
1865,1,4,SITTING,0.9261376
1866,1,4,SITTING,0.9265039
1867,1,4,SITTING,0.9304567
1868,1,4,SITTING,0.9325093
1869,1,4,SITTING,0.932701
1870,1,4,SITTING,0.9333237
1871,1,4,SITTING,0.9312631
1872,1,4,SITTING,0.9280156
1873,1,4,SITTING,0.927319
1874,1,4,SITTING,0.9288873
1875,1,4,SITTING,0.9295643
1876,1,4,SITTING,0.9292366
1877,1,4,SITTING,0.9299948
1878,1,4,SITTING,0.9300115
1879,1,4,SITTING,0.9261816
1880,1,4,SITTING,0.9230763
1881,1,4,SITTING,0.9285748
1882,1,4,SITTING,0.9346583
1883,1,4,SITTING,0.9317486
1884,1,4,SITTING,0.9297432
1885,1,4,SITTING,0.9314112
1886,1,4,SITTING,0.9301548
1887,1,4,SITTING,0.9301578
1888,1,4,SITTING,0.9302459
1889,1,4,SITTING,0.9283439
1890,1,4,SITTING,0.9294749
1891,1,4,SITTING,0.9304007
1892,1,4,SITTING,0.9300006
1893,1,4,SITTING,0.9290488
1894,1,4,SITTING,0.9261867
1895,1,4,SITTING,0.9264486
1896,1,4,SITTING,0.9271905
1897,1,4,SITTING,0.9260014
1898,1,4,SITTING,0.9279754
1899,1,4,SITTING,0.9284521
1900,1,4,SITTING,0.9261052
1901,1,4,SITTING,0.9263029
1902,1,4,SITTING,0.9262385
1903,1,4,SITTING,0.9243525
1904,1,4,SITTING,0.9237921
1905,1,4,SITTING,0.9262036
1906,1,4,SITTING,0.9296342
1907,1,4,SITTING,0.9286563
1908,1,4,SITTING,0.9258526
1909,1,4,SITTING,0.9267711
1910,1,4,SITTING,0.9283339
1911,1,4,SITTING,0.9292867
1912,1,4,SITTING,0.9287412
1913,1,4,SITTING,0.9272728
1914,1,4,SITTING,0.9296986
1915,1,4,SITTING,0.9314896
1916,1,4,SITTING,0.9295458
1917,1,4,SITTING,0.9269009
1918,1,4,SITTING,0.9244171
1919,1,4,SITTING,0.926267
1920,1,4,SITTING,0.9291934
1921,1,4,SITTING,0.9275548
1922,1,4,SITTING,0.9272357
1923,1,4,SITTING,0.9285834
1924,1,4,SITTING,0.9281897
1925,1,4,SITTING,0.9284649
1926,1,4,SITTING,0.9275581
1927,1,4,SITTING,0.9257261
1928,1,4,SITTING,0.9267106
1929,1,4,SITTING,0.9280775
1930,1,4,SITTING,0.9282669
1931,1,4,SITTING,0.9282847
1932,1,4,SITTING,0.9283949
1933,1,4,SITTING,0.9279578
1934,1,4,SITTING,0.927025
1935,1,4,SITTING,0.9272018
1936,1,4,SITTING,0.9262841
1937,1,4,SITTING,0.9258037
1938,1,4,SITTING,0.9270602
1939,1,4,SITTING,0.9260861
1940,1,4,SITTING,0.926222
1941,1,4,SITTING,0.926851
1942,1,4,SITTING,0.9262643
1943,1,4,SITTING,0.9286332
1944,1,4,SITTING,0.9306138
1945,1,4,SITTING,0.9309785
1946,1,4,SITTING,0.9314772
1947,1,4,SITTING,0.9319309
1948,1,4,SITTING,0.9321866
1949,1,4,SITTING,0.9303442
1950,1,4,SITTING,0.9285077
1951,1,4,SITTING,0.9274212
1952,1,4,SITTING,0.9273728
1953,1,4,SITTING,0.9287374
1954,1,4,SITTING,0.9288999
1955,1,4,SITTING,0.9293689
1956,1,4,SITTING,0.9285679
1957,1,4,SITTING,0.9276599
1958,1,4,SITTING,0.9293831
1959,1,4,SITTING,0.9291803
1960,1,4,SITTING,0.9303112
1961,1,4,SITTING,0.9330751
1962,1,4,SITTING,0.9321647
1963,1,4,SITTING,0.9274486
1964,1,4,SITTING,0.9214067
1965,1,4,SITTING,0.9231137
1966,1,4,SITTING,0.9273053
1967,1,4,SITTING,0.9257001
1968,1,4,SITTING,0.9269781
1969,1,4,SITTING,0.9286004
1970,1,4,SITTING,0.9288942
1971,1,4,SITTING,0.9297654
1972,1,4,SITTING,0.9266494
1973,1,4,SITTING,0.9258599
1974,1,4,SITTING,0.9267779
1975,1,4,SITTING,0.9260044
1976,1,4,SITTING,0.9267563
1977,1,4,SITTING,0.9261866
1978,1,4,SITTING,0.9263159
1979,1,4,SITTING,0.9270671
1980,1,4,SITTING,0.9277551
1981,1,4,SITTING,0.9296898
1982,1,4,SITTING,0.9274756
1983,1,4,SITTING,0.9258401
1984,1,4,SITTING,0.9293461
1985,1,4,SITTING,0.9315546
1986,1,4,SITTING,0.9304854
1987,1,4,SITTING,0.9289204
1988,1,4,SITTING,0.9285483
1989,1,4,SITTING,0.9281632
1990,1,4,SITTING,0.9281222
1991,1,4,SITTING,0.927213
1992,1,4,SITTING,0.9254334
1993,1,4,SITTING,0.9266514
1994,1,4,SITTING,0.9267545
1995,1,4,SITTING,0.9261471
1996,1,4,SITTING,0.9286369
1997,1,4,SITTING,0.9276121
1998,1,4,SITTING,0.9193808
1999,1,4,SITTING,0.90814
2000,1,4,SITTING,0.8991767
2001,1,4,SITTING,0.8915449
2002,1,4,SITTING,0.8900645
2003,1,4,SITTING,0.8938406
2004,1,4,SITTING,0.8830987
2005,1,4,SITTING,0.8745633
2006,1,4,SITTING,0.8895147
2007,1,4,SITTING,0.9041706
2008,1,4,SITTING,0.9178303
2009,1,4,SITTING,0.9523555
2010,1,4,SITTING,0.9907662
2011,1,4,SITTING,0.9899707
2012,1,4,SITTING,0.9698239
2013,1,4,SITTING,0.9713756
2014,1,4,SITTING,0.9518923
2015,1,4,SITTING,0.9231002
2016,1,4,SITTING,0.9476637
2017,1,4,SITTING,1.008766
2018,1,4,SITTING,1.069117
2019,1,4,SITTING,1.068734
2020,1,4,SITTING,1.031107
2021,1,4,SITTING,1.024973
2022,1,4,SITTING,0.9846557
2023,1,4,SITTING,0.9539213
2024,1,4,SITTING,1.009529
2025,1,4,SITTING,1.03683
2026,1,4,SITTING,1.006967
2027,1,4,SITTING,0.9711366
2028,1,4,SITTING,0.9248494
2029,1,4,SITTING,0.887129
2030,1,4,SITTING,0.8782788
2031,1,4,SITTING,0.8874284
2032,1,4,SITTING,0.8879131
2033,1,4,SITTING,0.898795
2034,1,4,SITTING,0.9172977
2035,1,4,SITTING,0.8890845
2036,1,4,SITTING,0.8334353
2037,1,4,SITTING,0.7805059
2038,1,4,SITTING,0.7611046
2039,1,4,SITTING,0.7915521
2040,1,4,SITTING,0.8032852
2041,1,4,SITTING,0.7882579
2042,1,4,SITTING,0.7815199
2043,1,4,SITTING,0.7588909
2044,1,4,SITTING,0.7186269
2045,1,4,SITTING,0.6960658
2046,1,4,SITTING,0.70179
2047,1,4,SITTING,0.7297977
2048,1,4,SITTING,0.791946
2049,1,4,SITTING,0.8516093
2050,1,4,SITTING,0.8441189
2051,1,4,SITTING,0.803984
2052,1,4,SITTING,0.7901217
2053,1,4,SITTING,0.8057328
2054,1,4,SITTING,0.8343014
2055,1,4,SITTING,0.8524711
2056,1,4,SITTING,0.863091
2057,1,4,SITTING,0.8571776
2058,1,4,SITTING,0.8260138
2059,1,4,SITTING,0.8164652
2060,1,4,SITTING,0.8339383
2061,1,4,SITTING,0.8574377
2062,1,4,SITTING,0.874014
2063,1,4,SITTING,0.8487889
2064,1,4,SITTING,0.8056898
2065,1,4,SITTING,0.7878997
2066,1,4,SITTING,0.8023935
2067,1,4,SITTING,0.8261406
2068,1,4,SITTING,0.8177763
2069,1,4,SITTING,0.7906339
2070,1,4,SITTING,0.7608973
2071,1,4,SITTING,0.747371
2072,1,4,SITTING,0.7666948
2073,1,4,SITTING,0.7713694
2074,1,4,SITTING,0.7676095
2075,1,4,SITTING,0.7636279
2076,1,4,SITTING,0.7335827
2077,1,4,SITTING,0.7132586
2078,1,4,SITTING,0.705209
2079,1,4,SITTING,0.7075164
2080,1,4,SITTING,0.7219236
2081,1,4,SITTING,0.7181341
2082,1,4,SITTING,0.7264331
2083,1,4,SITTING,0.7415759
2084,1,4,SITTING,0.7374748
2085,1,4,SITTING,0.7490573
2086,1,4,SITTING,0.7671012
2087,1,4,SITTING,0.7719264
2088,1,4,SITTING,0.7634516
2089,1,4,SITTING,0.7521111
2090,1,4,SITTING,0.7643231
2091,1,4,SITTING,0.7801468
2092,1,4,SITTING,0.7866777
2093,1,4,SITTING,0.7873457
2094,1,4,SITTING,0.768578
2095,1,4,SITTING,0.7515247
2096,1,4,SITTING,0.7504976
2097,1,4,SITTING,0.7523516
2098,1,4,SITTING,0.7533446
2099,1,4,SITTING,0.7566473
2100,1,4,SITTING,0.761096
2101,1,4,SITTING,0.7536572
2102,1,4,SITTING,0.7409619
2103,1,4,SITTING,0.7389059
2104,1,4,SITTING,0.7508273
2105,1,4,SITTING,0.7756605
2106,1,4,SITTING,0.7878979
2107,1,4,SITTING,0.7787361
2108,1,4,SITTING,0.7720674
2109,1,4,SITTING,0.7723684
2110,1,4,SITTING,0.7735264
2111,1,4,SITTING,0.7771575
2112,1,4,SITTING,0.7827733
2113,1,4,SITTING,0.7854019
2114,1,4,SITTING,0.7856816
2115,1,4,SITTING,0.7849668
2116,1,4,SITTING,0.7786674
2117,1,4,SITTING,0.7719811
2118,1,4,SITTING,0.7723207
2119,1,4,SITTING,0.7741417
2120,1,4,SITTING,0.7715772
2121,1,4,SITTING,0.7714227
2122,1,4,SITTING,0.774023
2123,1,4,SITTING,0.7748094
2124,1,4,SITTING,0.7809285
2125,1,4,SITTING,0.7853063
2126,1,4,SITTING,0.7839298
2127,1,4,SITTING,0.7847569
2128,1,4,SITTING,0.7806671
2129,1,4,SITTING,0.7748599
2130,1,4,SITTING,0.7717698
2131,1,4,SITTING,0.7676861
2132,1,4,SITTING,0.7678894
2133,1,4,SITTING,0.769691
2134,1,4,SITTING,0.7715372
2135,1,4,SITTING,0.7752625
2136,1,4,SITTING,0.7772036
2137,1,4,SITTING,0.7784045
2138,1,4,SITTING,0.778828
2139,1,4,SITTING,0.7781287
2140,1,4,SITTING,0.7751283
2141,1,4,SITTING,0.7709299
2142,1,4,SITTING,0.7738053
2143,1,4,SITTING,0.7788033
2144,1,4,SITTING,0.7786267
2145,1,4,SITTING,0.7790285
2146,1,4,SITTING,0.7783896
2147,1,4,SITTING,0.7751554
2148,1,4,SITTING,0.7748309
2149,1,4,SITTING,0.7761203
2150,1,4,SITTING,0.7775649
2151,1,4,SITTING,0.7782648
2152,1,4,SITTING,0.7773009
2153,1,4,SITTING,0.7769396
2154,1,4,SITTING,0.7764137
2155,1,4,SITTING,0.7769777
2156,1,4,SITTING,0.778446
2157,1,4,SITTING,0.7778474
2158,1,4,SITTING,0.7787906
2159,1,4,SITTING,0.7815221
2160,1,4,SITTING,0.7815192
2161,1,4,SITTING,0.7775217
2162,1,4,SITTING,0.7739241
2163,1,4,SITTING,0.7772874
2164,1,4,SITTING,0.7812585
2165,1,4,SITTING,0.7795149
2166,1,4,SITTING,0.7790943
2167,1,4,SITTING,0.7789236
2168,1,4,SITTING,0.7767622
2169,1,4,SITTING,0.7780968
2170,1,4,SITTING,0.7791863
2171,1,4,SITTING,0.7789537
2172,1,4,SITTING,0.7805825
2173,1,4,SITTING,0.7805962
2174,1,4,SITTING,0.780303
2175,1,4,SITTING,0.7798872
2176,1,4,SITTING,0.7785759
2177,1,4,SITTING,0.7796643
2178,1,4,SITTING,0.7811115
2179,1,4,SITTING,0.7820473
2180,1,4,SITTING,0.7815055
2181,1,4,SITTING,0.779717
2182,1,4,SITTING,0.7803343
2183,1,4,SITTING,0.7791219
2184,1,4,SITTING,0.7767724
2185,1,4,SITTING,0.7782209
2186,1,4,SITTING,0.7802828
2187,1,4,SITTING,0.7825454
2188,1,4,SITTING,0.7831547
2189,1,4,SITTING,0.7778195
2190,1,4,SITTING,0.7739295
2191,1,4,SITTING,0.7791959
2192,1,4,SITTING,0.7842158
2193,1,4,SITTING,0.7807225
2194,1,4,SITTING,0.7782908
2195,1,4,SITTING,0.7798248
2196,1,4,SITTING,0.7789306
2197,1,4,SITTING,0.7789432
2198,1,4,SITTING,0.7792812
2199,1,4,SITTING,0.7769513
2200,1,4,SITTING,0.7765642
2201,1,4,SITTING,0.778952
2202,1,4,SITTING,0.7813302
2203,1,4,SITTING,0.7800865
2204,1,4,SITTING,0.7787009
2205,1,4,SITTING,0.783201
2206,1,4,SITTING,0.7851748
2207,1,4,SITTING,0.7800973
2208,1,4,SITTING,0.776109
2209,1,4,SITTING,0.7775893
2210,1,4,SITTING,0.7798026
2211,1,4,SITTING,0.7787437
2212,1,4,SITTING,0.779149
2213,1,4,SITTING,0.7798127
2214,1,4,SITTING,0.7794386
2215,1,4,SITTING,0.7814291
2216,1,4,SITTING,0.7811685
2217,1,4,SITTING,0.7798954
2218,1,4,SITTING,0.7793183
2219,1,4,SITTING,0.7785516
2220,1,4,SITTING,0.7806371
2221,1,4,SITTING,0.7808669
2222,1,4,SITTING,0.7794224
2223,1,4,SITTING,0.7774132
2224,1,4,SITTING,0.7735995
2225,1,4,SITTING,0.7753623
2226,1,4,SITTING,0.7795769
2227,1,4,SITTING,0.7805541
2228,1,4,SITTING,0.7791848
2229,1,4,SITTING,0.7757661
2230,1,4,SITTING,0.7764542
2231,1,4,SITTING,0.7798359
2232,1,4,SITTING,0.7806381
2233,1,4,SITTING,0.7799531
2234,1,4,SITTING,0.7775848
2235,1,4,SITTING,0.7769728
2236,1,4,SITTING,0.7765542
2237,1,4,SITTING,0.774403
2238,1,4,SITTING,0.7768752
2239,1,4,SITTING,0.7796105
2240,1,4,SITTING,0.7778759
2241,1,4,SITTING,0.7756545
2242,1,4,SITTING,0.7745566
2243,1,4,SITTING,0.7760563
2244,1,4,SITTING,0.777901
2245,1,4,SITTING,0.7778388
2246,1,4,SITTING,0.7779824
2247,1,4,SITTING,0.778797
2248,1,4,SITTING,0.7801571
2249,1,4,SITTING,0.7801023
2250,1,4,SITTING,0.7787034
2251,1,4,SITTING,0.778671
2252,1,4,SITTING,0.7780593
2253,1,4,SITTING,0.7777916
2254,1,4,SITTING,0.7812776
2255,1,4,SITTING,0.7827161
2256,1,4,SITTING,0.7785417
2257,1,4,SITTING,0.7758356
2258,1,4,SITTING,0.7763418
2259,1,4,SITTING,0.7766487
2260,1,4,SITTING,0.7776654
2261,1,4,SITTING,0.7797722
2262,1,4,SITTING,0.7808611
2263,1,4,SITTING,0.7786712
2264,1,4,SITTING,0.7759036
2265,1,4,SITTING,0.7762505
2266,1,4,SITTING,0.776633
2267,1,4,SITTING,0.7763904
2268,1,4,SITTING,0.7773692
2269,1,4,SITTING,0.7780299
2270,1,4,SITTING,0.777509
2271,1,4,SITTING,0.7758227
2272,1,4,SITTING,0.7746883
2273,1,4,SITTING,0.7757641
2274,1,4,SITTING,0.7769319
2275,1,4,SITTING,0.7767595
2276,1,4,SITTING,0.7778613
2277,1,4,SITTING,0.779093
2278,1,4,SITTING,0.7748562
2279,1,4,SITTING,0.7706567
2280,1,4,SITTING,0.7738998
2281,1,4,SITTING,0.7766785
2282,1,4,SITTING,0.7752276
2283,1,4,SITTING,0.7756068
2284,1,4,SITTING,0.7764795
2285,1,4,SITTING,0.7768748
2286,1,4,SITTING,0.7783065
2287,1,4,SITTING,0.7769588
2288,1,4,SITTING,0.7755532
2289,1,4,SITTING,0.7768431
2290,1,4,SITTING,0.7765386
2291,1,4,SITTING,0.7770384
2292,1,4,SITTING,0.7785585
2293,1,4,SITTING,0.7785141
2294,1,4,SITTING,0.7793449
2295,1,4,SITTING,0.7794241
2296,1,4,SITTING,0.7788389
2297,1,4,SITTING,0.7793473
2298,1,4,SITTING,0.778981
2299,1,4,SITTING,0.7783601
2300,1,4,SITTING,0.7785035
2301,1,4,SITTING,0.7792646
2302,1,4,SITTING,0.7795026
2303,1,4,SITTING,0.7788668
2304,1,4,SITTING,0.7792068
2305,1,4,SITTING,0.779341
2306,1,4,SITTING,0.7787623
2307,1,4,SITTING,0.7784109
2308,1,4,SITTING,0.777508
2309,1,4,SITTING,0.7775601
2310,1,4,SITTING,0.7781284
2311,1,4,SITTING,0.7775736
2312,1,4,SITTING,0.7777595
2313,1,4,SITTING,0.7775889
2314,1,4,SITTING,0.7757975
2315,1,4,SITTING,0.7745761
2316,1,4,SITTING,0.7747741
2317,1,4,SITTING,0.7751607
2318,1,4,SITTING,0.7740157
2319,1,4,SITTING,0.7733379
2320,1,4,SITTING,0.7746735
2321,1,4,SITTING,0.7752928
2322,1,4,SITTING,0.7755501
2323,1,4,SITTING,0.7779312
2324,1,4,SITTING,0.7814295
2325,1,4,SITTING,0.7811247
2326,1,4,SITTING,0.7778962
2327,1,4,SITTING,0.7780294
2328,1,4,SITTING,0.7784521
2329,1,4,SITTING,0.7779851
2330,1,4,SITTING,0.779594
2331,1,4,SITTING,0.778515
2332,1,4,SITTING,0.7768943
2333,1,4,SITTING,0.7783417
2334,1,4,SITTING,0.7787341
2335,1,4,SITTING,0.7791631
2336,1,4,SITTING,0.7795547
2337,1,4,SITTING,0.7786116
2338,1,4,SITTING,0.7785821
2339,1,4,SITTING,0.778698
2340,1,4,SITTING,0.7799821
2341,1,4,SITTING,0.7811832
2342,1,4,SITTING,0.7793586
2343,1,4,SITTING,0.7788918
2344,1,4,SITTING,0.7805136
2345,1,4,SITTING,0.7814342
2346,1,4,SITTING,0.781624
2347,1,4,SITTING,0.7811144
2348,1,4,SITTING,0.7819298
2349,1,4,SITTING,0.7821374
2350,1,4,SITTING,0.7796918
2351,1,4,SITTING,0.7787127
2352,1,4,SITTING,0.7790038
2353,1,4,SITTING,0.7783538
2354,1,4,SITTING,0.7780772
2355,1,4,SITTING,0.7802147
2356,1,4,SITTING,0.7830879
2357,1,4,SITTING,0.7817975
2358,1,4,SITTING,0.7793855
2359,1,4,SITTING,0.7792048
2360,1,4,SITTING,0.7788438
2361,1,4,SITTING,0.779313
2362,1,4,SITTING,0.7795346
2363,1,4,SITTING,0.7793289
2364,1,4,SITTING,0.7797116
2365,1,4,SITTING,0.7786795
2366,1,4,SITTING,0.7785671
2367,1,4,SITTING,0.7771719
2368,1,4,SITTING,0.7741638
2369,1,4,SITTING,0.775717
2370,1,4,SITTING,0.7780194
2371,1,4,SITTING,0.7792037
2372,1,4,SITTING,0.7789426
2373,1,4,SITTING,0.775775
2374,1,4,SITTING,0.7761727
2375,1,4,SITTING,0.7773414
2376,1,4,SITTING,0.7775392
2377,1,4,SITTING,0.7806522
2378,1,4,SITTING,0.7820179
2379,1,4,SITTING,0.783101
2380,1,4,SITTING,0.7823248
2381,1,4,SITTING,0.7781921
2382,1,4,SITTING,0.7794776
2383,1,4,SITTING,0.782537
2384,1,4,SITTING,0.7827881
2385,1,4,SITTING,0.7800709
2386,1,4,SITTING,0.7742754
2387,1,4,SITTING,0.7746274
2388,1,4,SITTING,0.7787438
2389,1,4,SITTING,0.779744
2390,1,4,SITTING,0.7809621
2391,1,4,SITTING,0.7804014
2392,1,4,SITTING,0.7787144
2393,1,4,SITTING,0.7793407
2394,1,4,SITTING,0.7811093
2395,1,4,SITTING,0.7822342
2396,1,4,SITTING,0.7801546
2397,1,4,SITTING,0.7783172
2398,1,4,SITTING,0.779253
2399,1,4,SITTING,0.7794173
2400,1,4,SITTING,0.778988
2401,1,4,SITTING,0.7791515
2402,1,4,SITTING,0.7791108
2403,1,4,SITTING,0.7781806
2404,1,4,SITTING,0.7774898
2405,1,4,SITTING,0.7779622
2406,1,4,SITTING,0.7787383
2407,1,4,SITTING,0.779429
2408,1,4,SITTING,0.7786974
2409,1,4,SITTING,0.7763076
2410,1,4,SITTING,0.7748473
2411,1,4,SITTING,0.7773198
2412,1,4,SITTING,0.7805853
2413,1,4,SITTING,0.7785132
2414,1,4,SITTING,0.774801
2415,1,4,SITTING,0.7732096
2416,1,4,SITTING,0.7731562
2417,1,4,SITTING,0.7751062
2418,1,4,SITTING,0.7752731
2419,1,4,SITTING,0.7746086
2420,1,4,SITTING,0.7759089
2421,1,4,SITTING,0.7774741
2422,1,4,SITTING,0.7799417
2423,1,4,SITTING,0.7795612
2424,1,4,SITTING,0.7773219
2425,1,4,SITTING,0.7780626
2426,1,4,SITTING,0.7775413
2427,1,4,SITTING,0.7766343
2428,1,4,SITTING,0.7765452
2429,1,4,SITTING,0.7757241
2430,1,4,SITTING,0.7758611
2431,1,4,SITTING,0.7745494
2432,1,4,SITTING,0.9528898
2433,1,4,SITTING,0.9580767
2434,1,4,SITTING,0.9495292
2435,1,4,SITTING,0.9450406
2436,1,4,SITTING,0.9529557
2437,1,4,SITTING,0.9554584
2438,1,4,SITTING,0.9552309
2439,1,4,SITTING,0.9567171
2440,1,4,SITTING,0.9608978
2441,1,4,SITTING,0.9576487
2442,1,4,SITTING,0.9533226
2443,1,4,SITTING,0.9577576
2444,1,4,SITTING,0.9597826
2445,1,4,SITTING,0.9623296
2446,1,4,SITTING,0.9651988
2447,1,4,SITTING,0.962283
2448,1,4,SITTING,0.9594022
2449,1,4,SITTING,0.9550269
2450,1,4,SITTING,0.9483766
2451,1,4,SITTING,0.9477189
2452,1,4,SITTING,0.9575488
2453,1,4,SITTING,0.9678695
2454,1,4,SITTING,0.9655795
2455,1,4,SITTING,0.958858
2456,1,4,SITTING,0.9580918
2457,1,4,SITTING,0.9591752
2458,1,4,SITTING,0.9617044
2459,1,4,SITTING,0.9653838
2460,1,4,SITTING,0.9669765
2461,1,4,SITTING,0.965698
2462,1,4,SITTING,0.9607998
2463,1,4,SITTING,0.9593879
2464,1,4,SITTING,0.9645671
2465,1,4,SITTING,0.9680627
2466,1,4,SITTING,0.9662283
2467,1,4,SITTING,0.9612246
2468,1,4,SITTING,0.9587592
2469,1,4,SITTING,0.9595796
2470,1,4,SITTING,0.9603335
2471,1,4,SITTING,0.9616376
2472,1,4,SITTING,0.9628555
2473,1,4,SITTING,0.9636778
2474,1,4,SITTING,0.9629395
2475,1,4,SITTING,0.9621564
2476,1,4,SITTING,0.9620142
2477,1,4,SITTING,0.9587053
2478,1,4,SITTING,0.9563605
2479,1,4,SITTING,0.9583407
2480,1,4,SITTING,0.9608505
2481,1,4,SITTING,0.960067
2482,1,4,SITTING,0.959722
2483,1,4,SITTING,0.9620019
2484,1,4,SITTING,0.9601021
2485,1,4,SITTING,0.9588723
2486,1,4,SITTING,0.9603892
2487,1,4,SITTING,0.9593652
2488,1,4,SITTING,0.9594285
2489,1,4,SITTING,0.9586412
2490,1,4,SITTING,0.9587695
2491,1,4,SITTING,0.962046
2492,1,4,SITTING,0.9621434
2493,1,4,SITTING,0.9633986
2494,1,4,SITTING,0.968194
2495,1,4,SITTING,0.9680089
2496,1,4,SITTING,0.9607088
2497,1,4,SITTING,0.9519295
2498,1,4,SITTING,0.9488804
2499,1,4,SITTING,0.9553854
2500,1,4,SITTING,0.9609437
2501,1,4,SITTING,0.9563744
2502,1,4,SITTING,0.9520443
2503,1,4,SITTING,0.951684
2504,1,4,SITTING,0.9526
2505,1,4,SITTING,0.9562215
2506,1,4,SITTING,0.9560622
2507,1,4,SITTING,0.9543523
2508,1,4,SITTING,0.9544121
2509,1,4,SITTING,0.9520232
2510,1,4,SITTING,0.9529068
2511,1,4,SITTING,0.9562796
2512,1,4,SITTING,0.9571602
2513,1,4,SITTING,0.9574124
2514,1,4,SITTING,0.9565449
2515,1,4,SITTING,0.956878
2516,1,4,SITTING,0.9572038
2517,1,4,SITTING,0.9553856
2518,1,4,SITTING,0.9546499
2519,1,4,SITTING,0.9538474
2520,1,4,SITTING,0.9541488
2521,1,4,SITTING,0.955524
2522,1,4,SITTING,0.955254
2523,1,4,SITTING,0.9549013
2524,1,4,SITTING,0.954185
2525,1,4,SITTING,0.9563636
2526,1,4,SITTING,0.96161
2527,1,4,SITTING,0.9618083
2528,1,4,SITTING,0.9545319
2529,1,4,SITTING,0.9474999
2530,1,4,SITTING,0.9522182
2531,1,4,SITTING,0.9616788
2532,1,4,SITTING,0.9629479
2533,1,4,SITTING,0.9604319
2534,1,4,SITTING,0.9560756
2535,1,4,SITTING,0.9533058
2536,1,4,SITTING,0.9546729
2537,1,4,SITTING,0.9539289
2538,1,4,SITTING,0.9540679
2539,1,4,SITTING,0.9545629
2540,1,4,SITTING,0.9536548
2541,1,4,SITTING,0.9542091
2542,1,4,SITTING,0.9520733
2543,1,4,SITTING,0.9497842
2544,1,4,SITTING,0.9500486
2545,1,4,SITTING,0.9510004
2546,1,4,SITTING,0.9528099
2547,1,4,SITTING,0.9531071
2548,1,4,SITTING,0.9536096
2549,1,4,SITTING,0.9545073
2550,1,4,SITTING,0.9541263
2551,1,4,SITTING,0.9545073
2552,1,4,SITTING,0.9557329
2553,1,4,SITTING,0.9568396
2554,1,4,SITTING,0.956205
2555,1,4,SITTING,0.9558897
2556,1,4,SITTING,0.9568523
2557,1,4,SITTING,0.9567303
2558,1,4,SITTING,0.9564544
2559,1,4,SITTING,0.9532667
2560,1,4,SITTING,0.9490704
2561,1,4,SITTING,0.950019
2562,1,4,SITTING,0.9525087
2563,1,4,SITTING,0.9546598
2564,1,4,SITTING,0.9582072
2565,1,4,SITTING,0.9602854
2566,1,4,SITTING,0.9579027
2567,1,4,SITTING,0.9536116
2568,1,4,SITTING,0.951906
2569,1,4,SITTING,0.9515825
2570,1,4,SITTING,0.95277
2571,1,4,SITTING,0.9549933
2572,1,4,SITTING,0.9529835
2573,1,4,SITTING,0.9501029
2574,1,4,SITTING,0.9499138
2575,1,4,SITTING,0.9497766
2576,1,4,SITTING,0.950184
2577,1,4,SITTING,0.9500631
2578,1,4,SITTING,0.9500943
2579,1,4,SITTING,0.9526078
2580,1,4,SITTING,0.9558501
2581,1,4,SITTING,0.9577623
2582,1,4,SITTING,0.9557782
2583,1,4,SITTING,0.9528561
2584,1,4,SITTING,0.9526768
2585,1,4,SITTING,0.9526185
2586,1,4,SITTING,0.9535895
2587,1,4,SITTING,0.9564832
2588,1,4,SITTING,0.9591361
2589,1,4,SITTING,0.9590267
2590,1,4,SITTING,0.9572188
2591,1,4,SITTING,0.9574034
2592,1,4,SITTING,0.9552661
2593,1,4,SITTING,0.9528205
2594,1,4,SITTING,0.9547114
2595,1,4,SITTING,0.9543336
2596,1,4,SITTING,0.9536665
2597,1,4,SITTING,0.954486
2598,1,4,SITTING,0.9529736
2599,1,4,SITTING,0.9530873
2600,1,4,SITTING,0.9555072
2601,1,4,SITTING,0.9577155
2602,1,4,SITTING,0.9572274
2603,1,4,SITTING,0.9552365
2604,1,4,SITTING,0.9553721
2605,1,4,SITTING,0.9537714
2606,1,4,SITTING,0.9521578
2607,1,4,SITTING,0.9538415
2608,1,4,SITTING,0.9545451
2609,1,4,SITTING,0.9541614
2610,1,4,SITTING,0.9541941
2611,1,4,SITTING,0.955119
2612,1,4,SITTING,0.9561161
2613,1,4,SITTING,0.9563536
2614,1,4,SITTING,0.9571766
2615,1,4,SITTING,0.9565763
2616,1,4,SITTING,0.9540022
2617,1,4,SITTING,0.9521233
2618,1,4,SITTING,0.9526042
2619,1,4,SITTING,0.9542449
2620,1,4,SITTING,0.9543807
2621,1,4,SITTING,0.9549902
2622,1,4,SITTING,0.9565304
2623,1,4,SITTING,0.9583109
2624,1,4,SITTING,0.9613664
2625,1,4,SITTING,0.9618085
2626,1,4,SITTING,0.9605023
2627,1,4,SITTING,0.9607481
2628,1,4,SITTING,0.9586052
2629,1,4,SITTING,0.9561993
2630,1,4,SITTING,0.9586122
2631,1,4,SITTING,0.9604903
2632,1,4,SITTING,0.9577583
2633,1,4,SITTING,0.9559919
2634,1,4,SITTING,0.9573568
2635,1,4,SITTING,0.9582464
2636,1,4,SITTING,0.9590171
2637,1,4,SITTING,0.9593706
2638,1,4,SITTING,0.9577904
2639,1,4,SITTING,0.9565838
2640,1,4,SITTING,0.9544606
2641,1,4,SITTING,0.9514308
2642,1,4,SITTING,0.9517158
2643,1,4,SITTING,0.9518703
2644,1,4,SITTING,0.9510541
2645,1,4,SITTING,0.9536744
2646,1,4,SITTING,0.9557751
2647,1,4,SITTING,0.9561381
2648,1,4,SITTING,0.9583312
2649,1,4,SITTING,0.9598321
2650,1,4,SITTING,0.9563809
2651,1,4,SITTING,0.9488244
2652,1,4,SITTING,0.9459184
2653,1,4,SITTING,0.9505668
2654,1,4,SITTING,0.9544719
2655,1,4,SITTING,0.9545849
2656,1,4,SITTING,0.9538772
2657,1,4,SITTING,0.9541742
2658,1,4,SITTING,0.9545237
2659,1,4,SITTING,0.9546662
2660,1,4,SITTING,0.9552496
2661,1,4,SITTING,0.9548873
2662,1,4,SITTING,0.9554065
2663,1,4,SITTING,0.9559558
2664,1,4,SITTING,0.9542486
2665,1,4,SITTING,0.9544479
2666,1,4,SITTING,0.957015
2667,1,4,SITTING,0.9588413
2668,1,4,SITTING,0.9578753
2669,1,4,SITTING,0.955983
2670,1,4,SITTING,0.9571289
2671,1,4,SITTING,0.9573664
2672,1,4,SITTING,0.9563719
2673,1,4,SITTING,0.9571299
2674,1,4,SITTING,0.9562042
2675,1,4,SITTING,0.9555783
2676,1,4,SITTING,0.9558359
2677,1,4,SITTING,0.9545722
2678,1,4,SITTING,0.9553888
2679,1,4,SITTING,0.9558733
2680,1,4,SITTING,0.9533174
2681,1,4,SITTING,0.9522384
2682,1,4,SITTING,0.9533774
2683,1,4,SITTING,0.9559347
2684,1,4,SITTING,0.95948
2685,1,4,SITTING,0.9605615
2686,1,4,SITTING,0.959555
2687,1,4,SITTING,0.9604686
2688,1,4,SITTING,0.9615226
2689,1,4,SITTING,0.959569
2690,1,4,SITTING,0.9565882
2691,1,4,SITTING,0.9555696
2692,1,4,SITTING,0.9588896
2693,1,4,SITTING,0.9616561
2694,1,4,SITTING,0.9559066
2695,1,4,SITTING,0.9502087
2696,1,4,SITTING,0.9528535
2697,1,4,SITTING,0.95391
2698,1,4,SITTING,0.9518047
2699,1,4,SITTING,0.9535593
2700,1,4,SITTING,0.9565342
2701,1,4,SITTING,0.960772
2702,1,4,SITTING,0.9630642
2703,1,4,SITTING,0.9559729
2704,1,4,SITTING,0.9497846
2705,1,4,SITTING,0.9510948
2706,1,4,SITTING,0.9506453
2707,1,4,SITTING,0.9504354
2708,1,4,SITTING,0.9548521
2709,1,4,SITTING,0.9566545
2710,1,4,SITTING,0.9551499
2711,1,4,SITTING,0.9554647
2712,1,4,SITTING,0.9558007
2713,1,4,SITTING,0.9553524
2714,1,4,SITTING,0.9558358
2715,1,4,SITTING,0.9567959
2716,1,4,SITTING,0.9589523
2717,1,4,SITTING,0.9604557
2718,1,4,SITTING,0.9596464
2719,1,4,SITTING,0.9594672
2720,1,4,SITTING,0.9595907
2721,1,4,SITTING,0.9575262
2722,1,4,SITTING,0.9543519
2723,1,4,SITTING,0.9524466
2724,1,4,SITTING,0.9515789
2725,1,4,SITTING,0.9504839
2726,1,4,SITTING,0.9506856
2727,1,4,SITTING,0.9526276
2728,1,4,SITTING,0.9532893
2729,1,4,SITTING,0.952704
2730,1,4,SITTING,0.953629
2731,1,4,SITTING,0.9546184
2732,1,4,SITTING,0.9539332
2733,1,4,SITTING,0.9531314
2734,1,4,SITTING,0.9528187
2735,1,4,SITTING,0.9535166
2736,1,4,SITTING,0.9549791
2737,1,4,SITTING,0.9563632
2738,1,4,SITTING,0.9586383
2739,1,4,SITTING,0.9589156
2740,1,4,SITTING,0.956156
2741,1,4,SITTING,0.9564123
2742,1,4,SITTING,0.9578026
2743,1,4,SITTING,0.9559456
2744,1,4,SITTING,0.9541725
2745,1,4,SITTING,0.952389
2746,1,4,SITTING,0.9523686
2747,1,4,SITTING,0.9554212
2748,1,4,SITTING,0.9558353
2749,1,4,SITTING,0.9554099
2750,1,4,SITTING,0.9559503
2751,1,4,SITTING,0.956148
2752,1,4,SITTING,0.957807
2753,1,4,SITTING,0.9588124
2754,1,4,SITTING,0.9598615
2755,1,4,SITTING,0.9599995
2756,1,4,SITTING,0.9572769
2757,1,4,SITTING,0.9566172
2758,1,4,SITTING,0.9566205
2759,1,4,SITTING,0.9547458
2760,1,4,SITTING,0.9520437
2761,1,4,SITTING,0.9503671
2762,1,4,SITTING,0.9519205
2763,1,4,SITTING,0.9525427
2764,1,4,SITTING,0.9525452
2765,1,4,SITTING,0.953307
2766,1,4,SITTING,0.9523966
2767,1,4,SITTING,0.9527981
2768,1,4,SITTING,0.9530591
2769,1,4,SITTING,0.9523951
2770,1,4,SITTING,0.9532432
2771,1,4,SITTING,0.9535858
2772,1,4,SITTING,0.954328
2773,1,4,SITTING,0.9543189
2774,1,4,SITTING,0.9528399
2775,1,4,SITTING,0.9527465
2776,1,4,SITTING,0.9532313
2777,1,4,SITTING,0.9549253
2778,1,4,SITTING,0.9548659
2779,1,4,SITTING,0.9502891
2780,1,4,SITTING,0.9490162
2781,1,4,SITTING,0.9524821
2782,1,4,SITTING,0.953455
2783,1,4,SITTING,0.9526546
2784,1,4,SITTING,0.9540394
2785,1,4,SITTING,0.9563243
2786,1,4,SITTING,0.9574894
2787,1,4,SITTING,0.9570327
2788,1,4,SITTING,0.9565822
2789,1,4,SITTING,0.9572014
2790,1,4,SITTING,0.9569374
2791,1,4,SITTING,0.95676
2792,1,4,SITTING,0.9571766
2793,1,4,SITTING,0.9564344
2794,1,4,SITTING,0.955176
2795,1,4,SITTING,0.95372
2796,1,4,SITTING,0.9530878
2797,1,4,SITTING,0.9511409
2798,1,4,SITTING,0.9476106
2799,1,4,SITTING,0.9500443
2800,1,4,SITTING,0.9539754
2801,1,4,SITTING,0.9521916
2802,1,4,SITTING,0.9506637
2803,1,4,SITTING,0.9499614
2804,1,4,SITTING,0.9495665
2805,1,4,SITTING,0.951457
2806,1,4,SITTING,0.9519104
2807,1,4,SITTING,0.9529636
2808,1,4,SITTING,0.9551569
2809,1,4,SITTING,0.9550274
2810,1,4,SITTING,0.9555301
2811,1,4,SITTING,0.9559298
2812,1,4,SITTING,0.9552268
2813,1,4,SITTING,0.9553108
2814,1,4,SITTING,0.9538411
2815,1,4,SITTING,0.9524447
2816,1,4,SITTING,0.9544707
2817,1,4,SITTING,0.9564641
2818,1,4,SITTING,0.9555567
2819,1,4,SITTING,0.9547387
2820,1,4,SITTING,0.9541667
2821,1,4,SITTING,0.9521346
2822,1,4,SITTING,0.952929
2823,1,4,SITTING,0.9561478
2824,1,4,SITTING,0.9573438
2825,1,4,SITTING,0.9576062
2826,1,4,SITTING,0.9584169
2827,1,4,SITTING,0.9589657
2828,1,4,SITTING,0.9540275
2829,1,4,SITTING,0.9480277
2830,1,4,SITTING,0.9533594
2831,1,4,SITTING,0.959195
2832,1,4,SITTING,0.9564083
2833,1,4,SITTING,0.9564283
2834,1,4,SITTING,0.9577266
2835,1,4,SITTING,0.9564058
2836,1,4,SITTING,0.9570775
2837,1,4,SITTING,0.9571295
2838,1,4,SITTING,0.9566338
2839,1,4,SITTING,0.9572034
2840,1,4,SITTING,0.9570122
2841,1,4,SITTING,0.9577947
2842,1,4,SITTING,0.9587444
2843,1,4,SITTING,0.9582877
2844,1,4,SITTING,0.9580483
2845,1,4,SITTING,0.9575215
2846,1,4,SITTING,0.9566627
2847,1,4,SITTING,0.9568083
2848,1,4,SITTING,0.9568155
2849,1,4,SITTING,0.9550674
2850,1,4,SITTING,0.953544
2851,1,4,SITTING,0.954461
2852,1,4,SITTING,0.9562553
2853,1,4,SITTING,0.9573013
2854,1,4,SITTING,0.9575085
2855,1,4,SITTING,0.9584305
2856,1,4,SITTING,0.9603653
2857,1,4,SITTING,0.9598739
2858,1,4,SITTING,0.9582197
2859,1,4,SITTING,0.9583991
2860,1,4,SITTING,0.9582948
2861,1,4,SITTING,0.9582244
2862,1,4,SITTING,0.958732
2863,1,4,SITTING,0.9590289
2864,1,4,SITTING,0.9593466
2865,1,4,SITTING,0.9563443
2866,1,4,SITTING,0.9530443
2867,1,4,SITTING,0.9558026
2868,1,4,SITTING,0.9580957
2869,1,4,SITTING,0.9555373
2870,1,4,SITTING,0.9538417
2871,1,4,SITTING,0.9532122
2872,1,4,SITTING,0.9514579
2873,1,4,SITTING,0.9510563
2874,1,4,SITTING,0.9515914
2875,1,4,SITTING,0.9514982
2876,1,4,SITTING,0.9528114
2877,1,4,SITTING,0.9559537
2878,1,4,SITTING,0.9586974
2879,1,4,SITTING,0.958967
2880,1,4,SITTING,0.9587575
2881,1,4,SITTING,0.9598001
2882,1,4,SITTING,0.9581706
2883,1,4,SITTING,0.955937
2884,1,4,SITTING,0.956334
2885,1,4,SITTING,0.9537442
2886,1,4,SITTING,0.9499269
2887,1,4,SITTING,0.9521791
2888,1,4,SITTING,0.957648
2889,1,4,SITTING,0.9602508
2890,1,4,SITTING,0.9576591
2891,1,4,SITTING,0.9544335
2892,1,4,SITTING,0.9580905
2893,1,4,SITTING,0.9616283
2894,1,4,SITTING,0.9583948
2895,1,4,SITTING,0.9557512
2896,1,4,SITTING,0.9538187
2897,1,4,SITTING,0.9531505
2898,1,4,SITTING,0.9550433
2899,1,4,SITTING,0.9529848
2900,1,4,SITTING,0.9520232
2901,1,4,SITTING,0.9534719
2902,1,4,SITTING,0.952355
2903,1,4,SITTING,0.9528646
2904,1,4,SITTING,0.9529842
2905,1,4,SITTING,0.9524082
2906,1,4,SITTING,0.9531443
2907,1,4,SITTING,0.9525528
2908,1,4,SITTING,0.9527983
2909,1,4,SITTING,0.9529375
2910,1,4,SITTING,0.9528826
2911,1,4,SITTING,0.9548007
2912,1,4,SITTING,0.9556086
2913,1,4,SITTING,0.9539841
2914,1,4,SITTING,0.9519284
2915,1,4,SITTING,0.9524229
2916,1,4,SITTING,0.9525373
2917,1,4,SITTING,0.9507694
2918,1,4,SITTING,0.9522972
2919,1,4,SITTING,0.953496
2920,1,4,SITTING,0.9523953
2921,1,4,SITTING,0.9532042
2922,1,4,SITTING,0.9548375
2923,1,4,SITTING,0.9566739
2924,1,4,SITTING,0.9566651
2925,1,4,SITTING,0.9548863
2926,1,4,SITTING,0.9556635
2927,1,4,SITTING,0.9568479
2928,1,4,SITTING,0.9559909
2929,1,4,SITTING,0.952689
2930,1,4,SITTING,0.9487019
2931,1,4,SITTING,0.9508198
2932,1,4,SITTING,0.9555683
2933,1,4,SITTING,0.955798
2934,1,4,SITTING,0.9551713
2935,1,4,SITTING,0.9542354
2936,1,4,SITTING,0.9535598
2937,1,4,SITTING,0.9552912
2938,1,4,SITTING,0.9540421
2939,1,4,SITTING,0.951535
2940,1,4,SITTING,0.9516367
2941,1,4,SITTING,0.9519818
2942,1,4,SITTING,0.9538763
2943,1,4,SITTING,0.9566571
2944,1,4,SITTING,0.9586826
2945,1,4,SITTING,0.9579006
2946,1,4,SITTING,0.9540117
2947,1,4,SITTING,0.9536833
2948,1,4,SITTING,0.9548412
2949,1,4,SITTING,0.9544771
2950,1,4,SITTING,0.9551715
2951,1,4,SITTING,0.9539962
2952,1,4,SITTING,0.9536394
2953,1,4,SITTING,0.9551577
2954,1,4,SITTING,0.9556028
2955,1,4,SITTING,0.9576495
2956,1,4,SITTING,0.9583217
2957,1,4,SITTING,0.9573201
2958,1,4,SITTING,0.9562102
2959,1,4,SITTING,0.95332
2960,1,4,SITTING,0.9545349
2961,1,4,SITTING,0.9566863
2962,1,4,SITTING,0.9540999
2963,1,4,SITTING,0.9537108
2964,1,4,SITTING,0.9551302
2965,1,4,SITTING,0.9565629
2966,1,4,SITTING,0.9585626
2967,1,4,SITTING,0.9551025
2968,1,4,SITTING,0.9514691
2969,1,4,SITTING,0.955509
2970,1,4,SITTING,0.9580391
2971,1,4,SITTING,0.9531817
2972,1,4,SITTING,0.9479231
2973,1,4,SITTING,0.9465714
2974,1,4,SITTING,0.9480279
2975,1,4,SITTING,0.949334
2976,1,4,SITTING,0.9491763
2977,1,4,SITTING,0.9524162
2978,1,4,SITTING,0.9583397
2979,1,4,SITTING,0.9588124
2980,1,4,SITTING,0.9551189
2981,1,4,SITTING,0.9533417
2982,1,4,SITTING,0.9540645
2983,1,4,SITTING,0.9544475
2984,1,4,SITTING,0.9529887
2985,1,4,SITTING,0.9524581
2986,1,4,SITTING,0.9534643
2987,1,4,SITTING,0.9553998
2988,1,4,SITTING,0.9574324
2989,1,4,SITTING,0.955302
2990,1,4,SITTING,0.9522393
2991,1,4,SITTING,0.9537474
2992,1,4,SITTING,0.9556837
2993,1,4,SITTING,0.9556428
2994,1,4,SITTING,0.9557505
2995,1,4,SITTING,0.9563876
2996,1,4,SITTING,0.9563406
2997,1,4,SITTING,0.9526356
2998,1,4,SITTING,0.9483486
2999,1,4,SITTING,0.9505165
3000,1,4,SITTING,0.9555455
3001,1,4,SITTING,0.9576319
3002,1,4,SITTING,0.9569106
3003,1,4,SITTING,0.9535317
3004,1,4,SITTING,0.9512361
3005,1,4,SITTING,0.9519778
3006,1,4,SITTING,0.9521628
3007,1,4,SITTING,0.9513451
3008,1,4,SITTING,0.9509993
3009,1,4,SITTING,0.9517993
3010,1,4,SITTING,0.9524219
3011,1,4,SITTING,0.9528628
3012,1,4,SITTING,0.9546365
3013,1,4,SITTING,0.9568203
3014,1,4,SITTING,0.9584812
3015,1,4,SITTING,0.9552253
3016,1,4,SITTING,0.9512911
3017,1,4,SITTING,0.9556262
3018,1,4,SITTING,0.9586148
3019,1,4,SITTING,0.956022
3020,1,4,SITTING,0.954956
3021,1,4,SITTING,0.9543549
3022,1,4,SITTING,0.9555203
3023,1,4,SITTING,0.9575647
3024,1,4,SITTING,0.9552528
3025,1,4,SITTING,0.952872
3026,1,4,SITTING,0.953854
3027,1,4,SITTING,0.9542922
3028,1,4,SITTING,0.9539382
3029,1,4,SITTING,0.9536115
3030,1,4,SITTING,0.9530127
3031,1,4,SITTING,0.9542513
3032,1,4,SITTING,0.956127
3033,1,4,SITTING,0.9573443
3034,1,4,SITTING,0.9573866
3035,1,4,SITTING,0.9563126
3036,1,4,SITTING,0.9568483
3037,1,4,SITTING,0.9553954
3038,1,4,SITTING,0.9531011
3039,1,4,SITTING,0.9546091
3040,1,4,SITTING,0.9552751
3041,1,4,SITTING,0.9554936
3042,1,4,SITTING,0.9559329
3043,1,4,SITTING,0.9551897
3044,1,4,SITTING,0.9553562
3045,1,4,SITTING,0.9538359
3046,1,4,SITTING,0.9520326
3047,1,4,SITTING,0.953315
3048,1,4,SITTING,0.9557284
3049,1,4,SITTING,0.9575978
3050,1,4,SITTING,0.9572365
3051,1,4,SITTING,0.9564457
3052,1,4,SITTING,0.9571591
3053,1,4,SITTING,0.9565254
3054,1,4,SITTING,0.953655
3055,1,4,SITTING,0.9503567
3056,1,4,SITTING,0.949648
3057,1,4,SITTING,0.9529755
3058,1,4,SITTING,0.954895
3059,1,4,SITTING,0.9522632
3060,1,4,SITTING,0.9504974
3061,1,4,SITTING,0.9521975
3062,1,4,SITTING,0.9552873
3063,1,4,SITTING,0.9573989
3064,1,4,SITTING,0.9556201
3065,1,4,SITTING,0.9534857
3066,1,4,SITTING,0.9568403
3067,1,4,SITTING,0.9594862
3068,1,4,SITTING,0.9562276
3069,1,4,SITTING,0.9545775
3070,1,4,SITTING,0.9559015
3071,1,4,SITTING,0.9556414
3072,1,4,SITTING,0.9555594
3073,1,4,SITTING,0.9563608
3074,1,4,SITTING,0.9561454
3075,1,4,SITTING,0.9544713
3076,1,4,SITTING,0.9539317
3077,1,4,SITTING,0.9562006
3078,1,4,SITTING,0.9574015
3079,1,4,SITTING,0.9556829
3080,1,4,SITTING,0.9532656
3081,1,4,SITTING,0.9522613
3082,1,4,SITTING,0.9529949
3083,1,4,SITTING,0.9538442
3084,1,4,SITTING,0.9543089
3085,1,4,SITTING,0.9542875
3086,1,4,SITTING,0.9541926
3087,1,4,SITTING,0.9551103
3088,1,4,SITTING,0.9558775
3089,1,4,SITTING,0.9545104
3090,1,4,SITTING,0.9500404
3091,1,4,SITTING,0.9462223
3092,1,4,SITTING,0.9499769
3093,1,4,SITTING,0.9569624
3094,1,4,SITTING,0.9572752
3095,1,4,SITTING,0.9536107
3096,1,4,SITTING,0.9512248
3097,1,4,SITTING,0.950936
3098,1,4,SITTING,0.9527805
3099,1,4,SITTING,0.9530349
3100,1,4,SITTING,0.9525164
3101,1,4,SITTING,0.9530303
3102,1,4,SITTING,0.9525894
3103,1,4,SITTING,0.9528262
3104,1,4,SITTING,0.952893
3105,1,4,SITTING,0.9523744
3106,1,4,SITTING,0.9521165
3107,1,4,SITTING,0.9511535
3108,1,4,SITTING,0.9525327
3109,1,4,SITTING,0.9553491
3110,1,4,SITTING,0.9568114
3111,1,4,SITTING,0.9571728
3112,1,4,SITTING,0.9555143
3113,1,4,SITTING,0.9534185
3114,1,4,SITTING,0.9517914
3115,1,4,SITTING,0.9499042
3116,1,4,SITTING,0.948561
3117,1,4,SITTING,0.9498351
3118,1,4,SITTING,0.9528744
3119,1,4,SITTING,0.9531323
3120,1,4,SITTING,0.9532058
3121,1,4,SITTING,0.9541347
3122,1,4,SITTING,0.9527988
3123,1,4,SITTING,0.9527832
3124,1,4,SITTING,0.9530873
3125,1,4,SITTING,0.9532949
3126,1,4,SITTING,0.9550594
3127,1,4,SITTING,0.9549188
3128,1,4,SITTING,0.9557221
3129,1,4,SITTING,0.9577135
3130,1,4,SITTING,0.9602038
3131,1,4,SITTING,0.9625569
3132,1,4,SITTING,0.9556523
3133,1,4,SITTING,0.9483367
3134,1,4,SITTING,0.9525986
3135,1,4,SITTING,0.9563032
3136,1,4,SITTING,0.9547264
3137,1,4,SITTING,0.9535754
3138,1,4,SITTING,0.9506809
3139,1,4,SITTING,0.9488026
3140,1,4,SITTING,0.9505464
3141,1,4,SITTING,0.9497892
3142,1,4,SITTING,0.947718
3143,1,4,SITTING,0.9476951
3144,1,4,SITTING,0.9496188
3145,1,4,SITTING,0.9534775
3146,1,4,SITTING,0.9534119
3147,1,4,SITTING,0.9516907
3148,1,4,SITTING,0.9522741
3149,1,4,SITTING,0.9501607
3150,1,4,SITTING,0.9493082
3151,1,4,SITTING,0.9507191
3152,1,4,SITTING,0.9506526
3153,1,4,SITTING,0.9516531
3154,1,4,SITTING,0.9516499
3155,1,4,SITTING,0.9509813
3156,1,4,SITTING,0.9516606
3157,1,4,SITTING,0.9515137
3158,1,4,SITTING,0.9521753
3159,1,4,SITTING,0.9532124
3160,1,4,SITTING,0.9527556
3161,1,4,SITTING,0.9526244
3162,1,4,SITTING,0.9527187
3163,1,4,SITTING,0.9516886
3164,1,4,SITTING,0.9501714
3165,1,4,SITTING,0.9500349
3166,1,4,SITTING,0.95258
3167,1,4,SITTING,0.9569806
3168,1,4,SITTING,0.9590042
3169,1,4,SITTING,0.9551645
3170,1,4,SITTING,0.9500698
3171,1,4,SITTING,0.9498357
3172,1,4,SITTING,0.9529539
3173,1,4,SITTING,0.9550372
3174,1,4,SITTING,0.9541924
3175,1,4,SITTING,0.9523414
3176,1,4,SITTING,0.9514027
3177,1,4,SITTING,0.9517555
3178,1,4,SITTING,0.9556621
3179,1,4,SITTING,0.9586172
3180,1,4,SITTING,0.9557496
3181,1,4,SITTING,0.9529015
3182,1,4,SITTING,0.9512231
3183,1,4,SITTING,0.9513364
3184,1,4,SITTING,0.9539885
3185,1,4,SITTING,0.9527071
3186,1,4,SITTING,0.9520319
3187,1,4,SITTING,0.9536621
3188,1,4,SITTING,0.9522676
3189,1,4,SITTING,0.9527504
3190,1,4,SITTING,0.9537406
3191,1,4,SITTING,0.9543766
3192,1,4,SITTING,0.9554831
3193,1,4,SITTING,0.9521674
3194,1,4,SITTING,0.951665
3195,1,4,SITTING,0.9545742
3196,1,4,SITTING,0.954943
3197,1,4,SITTING,0.9574926
3198,1,4,SITTING,0.9579033
3199,1,4,SITTING,0.9557666
3200,1,4,SITTING,0.9574692
3201,1,4,SITTING,0.9570184
3202,1,4,SITTING,0.9550242
3203,1,4,SITTING,0.9541212
3204,1,4,SITTING,0.9518479
3205,1,4,SITTING,0.9526479
3206,1,4,SITTING,0.953474
3207,1,4,SITTING,0.9522921
3208,1,4,SITTING,0.9539702
3209,1,4,SITTING,0.9547187
3210,1,4,SITTING,0.9549996
3211,1,4,SITTING,0.9568931
3212,1,4,SITTING,0.957178
3213,1,4,SITTING,0.9565765
3214,1,4,SITTING,0.9548831
3215,1,4,SITTING,0.9527595
3216,1,4,SITTING,0.9523853
3217,1,4,SITTING,0.9529175
3218,1,4,SITTING,0.9529306
3219,1,4,SITTING,0.9530721
3220,1,4,SITTING,0.955593
3221,1,4,SITTING,0.9578065
3222,1,4,SITTING,0.9565539
3223,1,4,SITTING,0.9538412
3224,1,4,SITTING,0.9521409
3225,1,4,SITTING,0.9525842
3226,1,4,SITTING,0.9531585
3227,1,4,SITTING,0.9526212
3228,1,4,SITTING,0.9528652
3229,1,4,SITTING,0.9538444
3230,1,4,SITTING,0.9543382
3231,1,4,SITTING,0.9547857
3232,1,4,SITTING,0.9567444
3233,1,4,SITTING,0.9589677
3234,1,4,SITTING,0.9578488
3235,1,4,SITTING,0.9559639
3236,1,4,SITTING,0.9564469
3237,1,4,SITTING,0.9537615
3238,1,4,SITTING,0.9499332
3239,1,4,SITTING,0.952191
3240,1,4,SITTING,0.9540594
3241,1,4,SITTING,0.9534684
3242,1,4,SITTING,0.9561909
3243,1,4,SITTING,0.9579145
3244,1,4,SITTING,0.9566531
3245,1,4,SITTING,0.9564012
3246,1,4,SITTING,0.9552674
3247,1,4,SITTING,0.9525675
3248,1,4,SITTING,0.9522784
3249,1,4,SITTING,0.9535623
3250,1,4,SITTING,0.9544404
3251,1,4,SITTING,0.9559831
3252,1,4,SITTING,0.9561518
3253,1,4,SITTING,0.9558744
3254,1,4,SITTING,0.9574739
3255,1,4,SITTING,0.9566467
3256,1,4,SITTING,0.9537233
3257,1,4,SITTING,0.9532558
3258,1,4,SITTING,0.9568415
3259,1,4,SITTING,0.9608064
3260,1,4,SITTING,0.956138
3261,1,4,SITTING,0.9489923
3262,1,4,SITTING,0.9498806
3263,1,4,SITTING,0.951375
3264,1,6,LAYING,0.168456
3265,1,6,LAYING,0.173265
3266,1,6,LAYING,0.1541678
3267,1,6,LAYING,0.1359993
3268,1,6,LAYING,0.1237424
3269,1,6,LAYING,0.121506
3270,1,6,LAYING,0.1225893
3271,1,6,LAYING,0.1277137
3272,1,6,LAYING,0.1623411
3273,1,6,LAYING,0.201486
3274,1,6,LAYING,0.2107207
3275,1,6,LAYING,0.1864318
3276,1,6,LAYING,0.1606094
3277,1,6,LAYING,0.1731908
3278,1,6,LAYING,0.1760754
3279,1,6,LAYING,0.1483195
3280,1,6,LAYING,0.143102
3281,1,6,LAYING,0.1655785
3282,1,6,LAYING,0.1983389
3283,1,6,LAYING,0.2107747
3284,1,6,LAYING,0.2027
3285,1,6,LAYING,0.2017986
3286,1,6,LAYING,0.1817778
3287,1,6,LAYING,0.1536031
3288,1,6,LAYING,0.1477064
3289,1,6,LAYING,0.1564394
3290,1,6,LAYING,0.1736264
3291,1,6,LAYING,0.1759177
3292,1,6,LAYING,0.1717847
3293,1,6,LAYING,0.1750506
3294,1,6,LAYING,0.1728721
3295,1,6,LAYING,0.175848
3296,1,6,LAYING,0.1773537
3297,1,6,LAYING,0.1754622
3298,1,6,LAYING,0.1775274
3299,1,6,LAYING,0.1764471
3300,1,6,LAYING,0.1784508
3301,1,6,LAYING,0.1781075
3302,1,6,LAYING,0.1768102
3303,1,6,LAYING,0.1797448
3304,1,6,LAYING,0.1816752
3305,1,6,LAYING,0.1871798
3306,1,6,LAYING,0.187426
3307,1,6,LAYING,0.1855922
3308,1,6,LAYING,0.1905626
3309,1,6,LAYING,0.193556
3310,1,6,LAYING,0.1952654
3311,1,6,LAYING,0.1891829
3312,1,6,LAYING,0.1782901
3313,1,6,LAYING,0.1786658
3314,1,6,LAYING,0.1804467
3315,1,6,LAYING,0.1792383
3316,1,6,LAYING,0.1854823
3317,1,6,LAYING,0.1930937
3318,1,6,LAYING,0.1934781
3319,1,6,LAYING,0.1890906
3320,1,6,LAYING,0.1864634
3321,1,6,LAYING,0.189296
3322,1,6,LAYING,0.1914794
3323,1,6,LAYING,0.1890366
3324,1,6,LAYING,0.1855527
3325,1,6,LAYING,0.1823635
3326,1,6,LAYING,0.1825595
3327,1,6,LAYING,0.184043
3328,1,6,LAYING,0.1811413
3329,1,6,LAYING,0.1803886
3330,1,6,LAYING,0.1845716
3331,1,6,LAYING,0.1871044
3332,1,6,LAYING,0.1864613
3333,1,6,LAYING,0.186145
3334,1,6,LAYING,0.1899235
3335,1,6,LAYING,0.1930647
3336,1,6,LAYING,0.1901308
3337,1,6,LAYING,0.1840766
3338,1,6,LAYING,0.1787438
3339,1,6,LAYING,0.1804751
3340,1,6,LAYING,0.1866441
3341,1,6,LAYING,0.1881043
3342,1,6,LAYING,0.1875201
3343,1,6,LAYING,0.1864577
3344,1,6,LAYING,0.185567
3345,1,6,LAYING,0.1859632
3346,1,6,LAYING,0.1832877
3347,1,6,LAYING,0.1815546
3348,1,6,LAYING,0.1845881
3349,1,6,LAYING,0.1872259
3350,1,6,LAYING,0.1861786
3351,1,6,LAYING,0.184416
3352,1,6,LAYING,0.1856936
3353,1,6,LAYING,0.1882394
3354,1,6,LAYING,0.1909168
3355,1,6,LAYING,0.1900958
3356,1,6,LAYING,0.1861476
3357,1,6,LAYING,0.1862147
3358,1,6,LAYING,0.1860613
3359,1,6,LAYING,0.1856696
3360,1,6,LAYING,0.1872312
3361,1,6,LAYING,0.1874654
3362,1,6,LAYING,0.1909742
3363,1,6,LAYING,0.1934969
3364,1,6,LAYING,0.192846
3365,1,6,LAYING,0.1931137
3366,1,6,LAYING,0.1904921
3367,1,6,LAYING,0.1878819
3368,1,6,LAYING,0.185964
3369,1,6,LAYING,0.1845911
3370,1,6,LAYING,0.1854505
3371,1,6,LAYING,0.1863978
3372,1,6,LAYING,0.190015
3373,1,6,LAYING,0.1909218
3374,1,6,LAYING,0.1872313
3375,1,6,LAYING,0.1842326
3376,1,6,LAYING,0.180511
3377,1,6,LAYING,0.1802723
3378,1,6,LAYING,0.1828297
3379,1,6,LAYING,0.1839791
3380,1,6,LAYING,0.1859775
3381,1,6,LAYING,0.1889061
3382,1,6,LAYING,0.1914498
3383,1,6,LAYING,0.190219
3384,1,6,LAYING,0.1885659
3385,1,6,LAYING,0.18936
3386,1,6,LAYING,0.1883425
3387,1,6,LAYING,0.187979
3388,1,6,LAYING,0.1875998
3389,1,6,LAYING,0.1869051
3390,1,6,LAYING,0.18752
3391,1,6,LAYING,0.1846476
3392,1,6,LAYING,0.1822847
3393,1,6,LAYING,0.1838059
3394,1,6,LAYING,0.1855268
3395,1,6,LAYING,0.1874289
3396,1,6,LAYING,0.1879252
3397,1,6,LAYING,0.1873017
3398,1,6,LAYING,0.1874743
3399,1,6,LAYING,0.1875796
3400,1,6,LAYING,0.1874844
3401,1,6,LAYING,0.1874397
3402,1,6,LAYING,0.1875798
3403,1,6,LAYING,0.1869295
3404,1,6,LAYING,0.1847823
3405,1,6,LAYING,0.1833223
3406,1,6,LAYING,0.1864823
3407,1,6,LAYING,0.1901352
3408,1,6,LAYING,0.1863268
3409,1,6,LAYING,0.1828897
3410,1,6,LAYING,0.1852495
3411,1,6,LAYING,0.185302
3412,1,6,LAYING,0.1851678
3413,1,6,LAYING,0.1876786
3414,1,6,LAYING,0.1878182
3415,1,6,LAYING,0.1877572
3416,1,6,LAYING,0.1903184
3417,1,6,LAYING,0.192275
3418,1,6,LAYING,0.1910688
3419,1,6,LAYING,0.1894267
3420,1,6,LAYING,0.1900764
3421,1,6,LAYING,0.1886776
3422,1,6,LAYING,0.1855944
3423,1,6,LAYING,0.1858872
3424,1,6,LAYING,0.1869846
3425,1,6,LAYING,0.1885609
3426,1,6,LAYING,0.1910099
3427,1,6,LAYING,0.1897136
3428,1,6,LAYING,0.1881076
3429,1,6,LAYING,0.1900625
3430,1,6,LAYING,0.190812
3431,1,6,LAYING,0.1894438
3432,1,6,LAYING,0.1878185
3433,1,6,LAYING,0.1862884
3434,1,6,LAYING,0.1873128
3435,1,6,LAYING,0.1885165
3436,1,6,LAYING,0.1880124
3437,1,6,LAYING,0.1898361
3438,1,6,LAYING,0.1900367
3439,1,6,LAYING,0.1871269
3440,1,6,LAYING,0.1874528
3441,1,6,LAYING,0.1886946
3442,1,6,LAYING,0.1889127
3443,1,6,LAYING,0.188989
3444,1,6,LAYING,0.1877064
3445,1,6,LAYING,0.1873145
3446,1,6,LAYING,0.1873515
3447,1,6,LAYING,0.1863846
3448,1,6,LAYING,0.1850684
3449,1,6,LAYING,0.1845542
3450,1,6,LAYING,0.186687
3451,1,6,LAYING,0.1881883
3452,1,6,LAYING,0.1881533
3453,1,6,LAYING,0.1908898
3454,1,6,LAYING,0.1938947
3455,1,6,LAYING,0.1917398
3456,1,6,LAYING,0.1887961
3457,1,6,LAYING,0.1896385
3458,1,6,LAYING,0.1864303
3459,1,6,LAYING,0.1813707
3460,1,6,LAYING,0.1844867
3461,1,6,LAYING,0.1878606
3462,1,6,LAYING,0.187444
3463,1,6,LAYING,0.188827
3464,1,6,LAYING,0.1900066
3465,1,6,LAYING,0.1899281
3466,1,6,LAYING,0.1877894
3467,1,6,LAYING,0.1849681
3468,1,6,LAYING,0.1859868
3469,1,6,LAYING,0.1867625
3470,1,6,LAYING,0.1854357
3471,1,6,LAYING,0.1853154
3472,1,6,LAYING,0.1846585
3473,1,6,LAYING,0.184675
3474,1,6,LAYING,0.1870991
3475,1,6,LAYING,0.1887997
3476,1,6,LAYING,0.1892318
3477,1,6,LAYING,0.189033
3478,1,6,LAYING,0.1895467
3479,1,6,LAYING,0.1908211
3480,1,6,LAYING,0.189907
3481,1,6,LAYING,0.1882077
3482,1,6,LAYING,0.1872581
3483,1,6,LAYING,0.1869404
3484,1,6,LAYING,0.1872036
3485,1,6,LAYING,0.186639
3486,1,6,LAYING,0.1874339
3487,1,6,LAYING,0.1881675
3488,1,6,LAYING,0.1872878
3489,1,6,LAYING,0.1894016
3490,1,6,LAYING,0.191117
3491,1,6,LAYING,0.189689
3492,1,6,LAYING,0.1884131
3493,1,6,LAYING,0.1874236
3494,1,6,LAYING,0.1890117
3495,1,6,LAYING,0.1912761
3496,1,6,LAYING,0.1902358
3497,1,6,LAYING,0.1898477
3498,1,6,LAYING,0.1899433
3499,1,6,LAYING,0.18642
3500,1,6,LAYING,0.1826142
3501,1,6,LAYING,0.1837206
3502,1,6,LAYING,0.1887543
3503,1,6,LAYING,0.1932297
3504,1,6,LAYING,0.1939644
3505,1,6,LAYING,0.1925255
3506,1,6,LAYING,0.192949
3507,1,6,LAYING,0.193131
3508,1,6,LAYING,0.1905383
3509,1,6,LAYING,0.1876957
3510,1,6,LAYING,0.1849301
3511,1,6,LAYING,0.1833874
3512,1,6,LAYING,0.1843661
3513,1,6,LAYING,0.1858179
3514,1,6,LAYING,0.1867552
3515,1,6,LAYING,0.1870933
3516,1,6,LAYING,0.1882572
3517,1,6,LAYING,0.188689
3518,1,6,LAYING,0.1869263
3519,1,6,LAYING,0.1872954
3520,1,6,LAYING,0.1880017
3521,1,6,LAYING,0.186755
3522,1,6,LAYING,0.1860066
3523,1,6,LAYING,0.1851879
3524,1,6,LAYING,0.1859495
3525,1,6,LAYING,0.1868309
3526,1,6,LAYING,0.1855988
3527,1,6,LAYING,0.1864778
3528,1,6,LAYING,0.1886141
3529,1,6,LAYING,0.1907918
3530,1,6,LAYING,0.1925035
3531,1,6,LAYING,0.1905747
3532,1,6,LAYING,0.1895908
3533,1,6,LAYING,0.1900116
3534,1,6,LAYING,0.1865631
3535,1,6,LAYING,0.1835608
3536,1,6,LAYING,0.1844653
3537,1,6,LAYING,0.1853733
3538,1,6,LAYING,0.1853355
3539,1,6,LAYING,0.1889726
3540,1,6,LAYING,0.1934659
3541,1,6,LAYING,0.1918795
3542,1,6,LAYING,0.190479
3543,1,6,LAYING,0.1911628
3544,1,6,LAYING,0.1880834
3545,1,6,LAYING,0.1865362
3546,1,6,LAYING,0.187919
3547,1,6,LAYING,0.1869982
3548,1,6,LAYING,0.1846181
3549,1,6,LAYING,0.1826889
3550,1,6,LAYING,0.1829369
3551,1,6,LAYING,0.1846615
3552,1,6,LAYING,0.1866504
3553,1,6,LAYING,0.1899817
3554,1,6,LAYING,0.190591
3555,1,6,LAYING,0.189404
3556,1,6,LAYING,0.190531
3557,1,6,LAYING,0.1882188
3558,1,6,LAYING,0.184564
3559,1,6,LAYING,0.1848119
3560,1,6,LAYING,0.1854591
3561,1,6,LAYING,0.1861581
3562,1,6,LAYING,0.1845466
3563,1,6,LAYING,0.1824246
3564,1,6,LAYING,0.1853706
3565,1,6,LAYING,0.1897178
3566,1,6,LAYING,0.1925916
3567,1,6,LAYING,0.1910119
3568,1,6,LAYING,0.187156
3569,1,6,LAYING,0.1875914
3570,1,6,LAYING,0.1885324
3571,1,6,LAYING,0.1889116
3572,1,6,LAYING,0.1893159
3573,1,6,LAYING,0.1884286
3574,1,6,LAYING,0.1892415
3575,1,6,LAYING,0.1899462
3576,1,6,LAYING,0.1900181
3577,1,6,LAYING,0.1898275
3578,1,6,LAYING,0.1884193
3579,1,6,LAYING,0.1897342
3580,1,6,LAYING,0.1909962
3581,1,6,LAYING,0.1895701
3582,1,6,LAYING,0.1885201
3583,1,6,LAYING,0.1870854
3584,1,6,LAYING,0.1872973
3585,1,6,LAYING,0.1889485
3586,1,6,LAYING,0.1888711
3587,1,6,LAYING,0.1889412
3588,1,6,LAYING,0.1889354
3589,1,6,LAYING,0.1889091
3590,1,6,LAYING,0.1899619
3591,1,6,LAYING,0.1904469
3592,1,6,LAYING,0.1903714
3593,1,6,LAYING,0.1899964
3594,1,6,LAYING,0.1891749
3595,1,6,LAYING,0.1878627
3596,1,6,LAYING,0.1869762
3597,1,6,LAYING,0.1876612
3598,1,6,LAYING,0.1876541
3599,1,6,LAYING,0.1872359
3600,1,6,LAYING,0.1877015
3601,1,6,LAYING,0.1870824
3602,1,6,LAYING,0.1856432
3603,1,6,LAYING,0.1846728
3604,1,6,LAYING,0.1861594
3605,1,6,LAYING,0.1885406
3606,1,6,LAYING,0.187506
3607,1,6,LAYING,0.1864065
3608,1,6,LAYING,0.1858797
3609,1,6,LAYING,0.1855329
3610,1,6,LAYING,0.1905509
3611,1,6,LAYING,0.1935387
3612,1,6,LAYING,0.1897201
3613,1,6,LAYING,0.1887956
3614,1,6,LAYING,0.1891466
3615,1,6,LAYING,0.1874226
3616,1,6,LAYING,0.1875594
3617,1,6,LAYING,0.1874468
3618,1,6,LAYING,0.1873739
3619,1,6,LAYING,0.1877903
3620,1,6,LAYING,0.1872035
3621,1,6,LAYING,0.1880026
3622,1,6,LAYING,0.1893508
3623,1,6,LAYING,0.1906017
3624,1,6,LAYING,0.1907529
3625,1,6,LAYING,0.1896776
3626,1,6,LAYING,0.1903454
3627,1,6,LAYING,0.189565
3628,1,6,LAYING,0.1880276
3629,1,6,LAYING,0.1880904
3630,1,6,LAYING,0.1861885
3631,1,6,LAYING,0.1848472
3632,1,6,LAYING,0.1858123
3633,1,6,LAYING,0.1871258
3634,1,6,LAYING,0.1880281
3635,1,6,LAYING,0.1871804
3636,1,6,LAYING,0.1864251
3637,1,6,LAYING,0.1868301
3638,1,6,LAYING,0.1893808
3639,1,6,LAYING,0.193013
3640,1,6,LAYING,0.1915359
3641,1,6,LAYING,0.1879762
3642,1,6,LAYING,0.1871531
3643,1,6,LAYING,0.1857488
3644,1,6,LAYING,0.1831696
3645,1,6,LAYING,0.1803184
3646,1,6,LAYING,0.1806515
3647,1,6,LAYING,0.1861293
3648,1,6,LAYING,0.1904376
3649,1,6,LAYING,0.1910547
3650,1,6,LAYING,0.1899787
3651,1,6,LAYING,0.1897616
3652,1,6,LAYING,0.1899475
3653,1,6,LAYING,0.1882626
3654,1,6,LAYING,0.1885583
3655,1,6,LAYING,0.1878553
3656,1,6,LAYING,0.1830951
3657,1,6,LAYING,0.1819148
3658,1,6,LAYING,0.1864314
3659,1,6,LAYING,0.1915793
3660,1,6,LAYING,0.1911739
3661,1,6,LAYING,0.1899167
3662,1,6,LAYING,0.1928804
3663,1,6,LAYING,0.1926868
3664,1,6,LAYING,0.1925523
3665,1,6,LAYING,0.1939557
3666,1,6,LAYING,0.191714
3667,1,6,LAYING,0.1890132
3668,1,6,LAYING,0.1841234
3669,1,6,LAYING,0.1820642
3670,1,6,LAYING,0.1869585
3671,1,6,LAYING,0.1883825
3672,1,6,LAYING,0.1875716
3673,1,6,LAYING,0.1893052
3674,1,6,LAYING,0.1907563
3675,1,6,LAYING,0.1904709
3676,1,6,LAYING,0.188834
3677,1,6,LAYING,0.1897158
3678,1,6,LAYING,0.1934773
3679,1,6,LAYING,0.1960576
3680,1,6,LAYING,0.1918401
3681,1,6,LAYING,0.1843273
3682,1,6,LAYING,0.1846396
3683,1,6,LAYING,0.1853272
3684,1,6,LAYING,0.1818633
3685,1,6,LAYING,0.1826605
3686,1,6,LAYING,0.185966
3687,1,6,LAYING,0.1912945
3688,1,6,LAYING,0.1942465
3689,1,6,LAYING,0.1923155
3690,1,6,LAYING,0.1934231
3691,1,6,LAYING,0.1942505
3692,1,6,LAYING,0.1939824
3693,1,6,LAYING,0.1936473
3694,1,6,LAYING,0.1888985
3695,1,6,LAYING,0.1844664
3696,1,6,LAYING,0.1824373
3697,1,6,LAYING,0.1829534
3698,1,6,LAYING,0.1842144
3699,1,6,LAYING,0.1834624
3700,1,6,LAYING,0.1870794
3701,1,6,LAYING,0.1911454
3702,1,6,LAYING,0.1895222
3703,1,6,LAYING,0.1880945
3704,1,6,LAYING,0.1880209
3705,1,6,LAYING,0.1873188
3706,1,6,LAYING,0.1863106
3707,1,6,LAYING,0.1859937
3708,1,6,LAYING,0.1863163
3709,1,6,LAYING,0.1869139
3710,1,6,LAYING,0.1879213
3711,1,6,LAYING,0.1875066
3712,1,6,LAYING,0.1872612
3713,1,6,LAYING,0.1877602
3714,1,6,LAYING,0.1873353
3715,1,6,LAYING,0.1875385
3716,1,6,LAYING,0.1877437
3717,1,6,LAYING,0.1882717
3718,1,6,LAYING,0.1892882
3719,1,6,LAYING,0.1885493
3720,1,6,LAYING,0.1865677
3721,1,6,LAYING,0.1839103
3722,1,6,LAYING,0.1829028
3723,1,6,LAYING,0.1854651
3724,1,6,LAYING,0.1879783
3725,1,6,LAYING,0.1887644
3726,1,6,LAYING,0.18987
3727,1,6,LAYING,0.1907178
3728,1,6,LAYING,0.1902065
3729,1,6,LAYING,0.1897581
3730,1,6,LAYING,0.1881425
3731,1,6,LAYING,0.1841842
3732,1,6,LAYING,0.1822805
3733,1,6,LAYING,0.1835125
3734,1,6,LAYING,0.1838455
3735,1,6,LAYING,0.1842397
3736,1,6,LAYING,0.187072
3737,1,6,LAYING,0.1893303
3738,1,6,LAYING,0.1898714
3739,1,6,LAYING,0.1904844
3740,1,6,LAYING,0.1902162
3741,1,6,LAYING,0.1889939
3742,1,6,LAYING,0.1878534
3743,1,6,LAYING,0.187117
3744,1,6,LAYING,0.1875204
3745,1,6,LAYING,0.1877021
3746,1,6,LAYING,0.1872948
3747,1,6,LAYING,0.1877623
3748,1,6,LAYING,0.18844
3749,1,6,LAYING,0.1890449
3750,1,6,LAYING,0.1891079
3751,1,6,LAYING,0.1886238
3752,1,6,LAYING,0.188981
3753,1,6,LAYING,0.1889884
3754,1,6,LAYING,0.1890579
3755,1,6,LAYING,0.190831
3756,1,6,LAYING,0.1916252
3757,1,6,LAYING,0.1887888
3758,1,6,LAYING,0.184594
3759,1,6,LAYING,0.1839477
3760,1,6,LAYING,0.1859923
3761,1,6,LAYING,0.1881763
3762,1,6,LAYING,0.1911841
3763,1,6,LAYING,0.1909868
3764,1,6,LAYING,0.1895825
3765,1,6,LAYING,0.1925595
3766,1,6,LAYING,0.1934552
3767,1,6,LAYING,0.1908929
3768,1,6,LAYING,0.1898617
3769,1,6,LAYING,0.1900359
3770,1,6,LAYING,0.1906579
3771,1,6,LAYING,0.1898197
3772,1,6,LAYING,0.1873646
3773,1,6,LAYING,0.1828684
3774,1,6,LAYING,0.1795794
3775,1,6,LAYING,0.1849651
3776,1,6,LAYING,0.1898647
3777,1,6,LAYING,0.1873354
3778,1,6,LAYING,0.1878141
3779,1,6,LAYING,0.1908195
3780,1,6,LAYING,0.1903837
3781,1,6,LAYING,0.1896451
3782,1,6,LAYING,0.188727
3783,1,6,LAYING,0.1868514
3784,1,6,LAYING,0.1872478
3785,1,6,LAYING,0.1882214
3786,1,6,LAYING,0.1880524
3787,1,6,LAYING,0.1891577
3788,1,6,LAYING,0.1892354
3789,1,6,LAYING,0.1885763
3790,1,6,LAYING,0.1900609
3791,1,6,LAYING,0.1905773
3792,1,6,LAYING,0.1901537
3793,1,6,LAYING,0.1903369
3794,1,6,LAYING,0.1900321
3795,1,6,LAYING,0.1894458
3796,1,6,LAYING,0.1893168
3797,1,6,LAYING,0.1923022
3798,1,6,LAYING,0.1956624
3799,1,6,LAYING,0.1930678
3800,1,6,LAYING,0.1883855
3801,1,6,LAYING,0.1868422
3802,1,6,LAYING,0.1872773
3803,1,6,LAYING,0.1878857
3804,1,6,LAYING,0.1874233
3805,1,6,LAYING,0.1872679
3806,1,6,LAYING,0.1885175
3807,1,6,LAYING,0.1909149
3808,1,6,LAYING,0.1940868
3809,1,6,LAYING,0.1936942
3810,1,6,LAYING,0.1916366
3811,1,6,LAYING,0.1918116
3812,1,6,LAYING,0.1899102
3813,1,6,LAYING,0.18911
3814,1,6,LAYING,0.1894931
3815,1,6,LAYING,0.186471
3816,1,6,LAYING,0.187108
3817,1,6,LAYING,0.188853
3818,1,6,LAYING,0.1888392
3819,1,6,LAYING,0.1928602
3820,1,6,LAYING,0.1938951
3821,1,6,LAYING,0.1912776
3822,1,6,LAYING,0.1907504
3823,1,6,LAYING,0.1899531
3824,1,6,LAYING,0.1900133
3825,1,6,LAYING,0.1896921
3826,1,6,LAYING,0.1883181
3827,1,6,LAYING,0.1891167
3828,1,6,LAYING,0.1899969
3829,1,6,LAYING,0.1901515
3830,1,6,LAYING,0.1896029
3831,1,6,LAYING,0.1882246
3832,1,6,LAYING,0.1879426
3833,1,6,LAYING,0.1875281
3834,1,6,LAYING,0.1873239
3835,1,6,LAYING,0.1892022
3836,1,6,LAYING,0.1918291
3837,1,6,LAYING,0.193079
3838,1,6,LAYING,0.1896435
3839,1,6,LAYING,0.1846849
3840,1,6,LAYING,0.184317
3841,1,6,LAYING,0.1826253
3842,1,6,LAYING,0.1799213
3843,1,6,LAYING,0.1850212
3844,1,6,LAYING,0.1896468
3845,1,6,LAYING,0.1873024
3846,1,6,LAYING,0.1876306
3847,1,6,LAYING,0.1926411
3848,1,6,LAYING,0.1954603
3849,1,6,LAYING,0.1934919
3850,1,6,LAYING,0.1903023
3851,1,6,LAYING,0.1901043
3852,1,6,LAYING,0.1913628
3853,1,6,LAYING,0.1916666
3854,1,6,LAYING,0.1907536
3855,1,6,LAYING,0.1889042
3856,1,6,LAYING,0.1885468
3857,1,6,LAYING,0.1891377
3858,1,6,LAYING,0.1889585
3859,1,6,LAYING,0.1897845
3860,1,6,LAYING,0.191332
3861,1,6,LAYING,0.1940336
3862,1,6,LAYING,0.1977101
3863,1,6,LAYING,0.1974262
3864,1,6,LAYING,0.1935084
3865,1,6,LAYING,0.1902266
3866,1,6,LAYING,0.1879154
3867,1,6,LAYING,0.1869861
3868,1,6,LAYING,0.1879562
3869,1,6,LAYING,0.1894221
3870,1,6,LAYING,0.1910207
3871,1,6,LAYING,0.1923674
3872,1,6,LAYING,0.1928145
3873,1,6,LAYING,0.1914768
3874,1,6,LAYING,0.1885537
3875,1,6,LAYING,0.1885079
3876,1,6,LAYING,0.1904108
3877,1,6,LAYING,0.1902368
3878,1,6,LAYING,0.1903286
3879,1,6,LAYING,0.190181
3880,1,6,LAYING,0.1891584
3881,1,6,LAYING,0.1886925
3882,1,6,LAYING,0.1877387
3883,1,6,LAYING,0.1874158
3884,1,6,LAYING,0.1881656
3885,1,6,LAYING,0.1910264
3886,1,6,LAYING,0.1939706
3887,1,6,LAYING,0.1914964
3888,1,6,LAYING,0.1889892
3889,1,6,LAYING,0.1909029
3890,1,6,LAYING,0.1924572
3891,1,6,LAYING,0.1931371
3892,1,6,LAYING,0.1931097
3893,1,6,LAYING,0.1909518
3894,1,6,LAYING,0.1896943
3895,1,6,LAYING,0.190353
3896,1,6,LAYING,0.190399
3897,1,6,LAYING,0.1901895
3898,1,6,LAYING,0.1902948
3899,1,6,LAYING,0.1897456
3900,1,6,LAYING,0.1876183
3901,1,6,LAYING,0.1854273
3902,1,6,LAYING,0.1867211
3903,1,6,LAYING,0.1887526
3904,1,6,LAYING,0.1890442
3905,1,6,LAYING,0.1905582
3906,1,6,LAYING,0.1908823
3907,1,6,LAYING,0.1892674
3908,1,6,LAYING,0.1886979
3909,1,6,LAYING,0.1872014
3910,1,6,LAYING,0.1872089
3911,1,6,LAYING,0.1900379
3912,1,6,LAYING,0.1905352
3913,1,6,LAYING,0.190252
3914,1,6,LAYING,0.1900125
3915,1,6,LAYING,0.1880677
3916,1,6,LAYING,0.186326
3917,1,6,LAYING,0.1858659
3918,1,6,LAYING,0.1886402
3919,1,6,LAYING,0.1923767
3920,1,6,LAYING,0.1936209
3921,1,6,LAYING,0.1933265
3922,1,6,LAYING,0.1925433
3923,1,6,LAYING,0.1929088
3924,1,6,LAYING,0.191487
3925,1,6,LAYING,0.1889231
3926,1,6,LAYING,0.1886773
3927,1,6,LAYING,0.1875778
3928,1,6,LAYING,0.1887319
3929,1,6,LAYING,0.1914746
3930,1,6,LAYING,0.1901848
3931,1,6,LAYING,0.1897831
3932,1,6,LAYING,0.190767
3933,1,6,LAYING,0.1899
3934,1,6,LAYING,0.1891259
3935,1,6,LAYING,0.1879275
3936,1,6,LAYING,0.1869485
3937,1,6,LAYING,0.1876575
3938,1,6,LAYING,0.1878401
3939,1,6,LAYING,0.1881389
3940,1,6,LAYING,0.1893333
3941,1,6,LAYING,0.1891509
3942,1,6,LAYING,0.189477
3943,1,6,LAYING,0.1911528
3944,1,6,LAYING,0.1920985
3945,1,6,LAYING,0.1929614
3946,1,6,LAYING,0.1917222
3947,1,6,LAYING,0.1887053
3948,1,6,LAYING,0.1875237
3949,1,6,LAYING,0.1859125
3950,1,6,LAYING,0.1854336
3951,1,6,LAYING,0.1877857
3952,1,6,LAYING,0.1876536
3953,1,6,LAYING,0.1867928
3954,1,6,LAYING,0.186126
3955,1,6,LAYING,0.1856616
3956,1,6,LAYING,0.1935023
3957,1,6,LAYING,0.2015769
3958,1,6,LAYING,0.1968478
3959,1,6,LAYING,0.1905431
3960,1,6,LAYING,0.1899763
3961,1,6,LAYING,0.1857897
3962,1,6,LAYING,0.1813777
3963,1,6,LAYING,0.1834792
3964,1,6,LAYING,0.1842427
3965,1,6,LAYING,0.1842415
3966,1,6,LAYING,0.1888646
3967,1,6,LAYING,0.191188
3968,1,6,LAYING,0.188471
3969,1,6,LAYING,0.1869924
3970,1,6,LAYING,0.1902835
3971,1,6,LAYING,0.192797
3972,1,6,LAYING,0.1905737
3973,1,6,LAYING,0.189241
3974,1,6,LAYING,0.188816
3975,1,6,LAYING,0.1873274
3976,1,6,LAYING,0.1889324
3977,1,6,LAYING,0.1911602
3978,1,6,LAYING,0.1893871
3979,1,6,LAYING,0.1880626
3980,1,6,LAYING,0.1894542
3981,1,6,LAYING,0.1902101
3982,1,6,LAYING,0.1920376
3983,1,6,LAYING,0.1940045
3984,1,6,LAYING,0.1923697
3985,1,6,LAYING,0.1895135
3986,1,6,LAYING,0.1857707
3987,1,6,LAYING,0.1833779
3988,1,6,LAYING,0.1853853
3989,1,6,LAYING,0.1873018
3990,1,6,LAYING,0.1892603
3991,1,6,LAYING,0.1913551
3992,1,6,LAYING,0.1900948
3993,1,6,LAYING,0.1898307
3994,1,6,LAYING,0.1911919
3995,1,6,LAYING,0.1917496
3996,1,6,LAYING,0.1932266
3997,1,6,LAYING,0.1913732
3998,1,6,LAYING,0.1872291
3999,1,6,LAYING,0.1867933
4000,1,6,LAYING,0.1859569
4001,1,6,LAYING,0.1842303
4002,1,6,LAYING,0.1856715
4003,1,6,LAYING,0.1876143
4004,1,6,LAYING,0.1877144
4005,1,6,LAYING,0.1876975
4006,1,6,LAYING,0.1896883
4007,1,6,LAYING,0.1926539
4008,1,6,LAYING,0.193548
4009,1,6,LAYING,0.19187
4010,1,6,LAYING,0.1898794
4011,1,6,LAYING,0.1882215
4012,1,6,LAYING,0.1860589
4013,1,6,LAYING,0.1856306
4014,1,6,LAYING,0.1866568
4015,1,6,LAYING,0.1869038
4016,1,6,LAYING,0.1883881
4017,1,6,LAYING,0.1913524
4018,1,6,LAYING,0.1934359
4019,1,6,LAYING,0.1918694
4020,1,6,LAYING,0.1893052
4021,1,6,LAYING,0.192086
4022,1,6,LAYING,0.1943584
4023,1,6,LAYING,0.1919714
4024,1,6,LAYING,0.1902737
4025,1,6,LAYING,0.1884559
4026,1,6,LAYING,0.1880161
4027,1,6,LAYING,0.1888335
4028,1,6,LAYING,0.1872487
4029,1,6,LAYING,0.1889471
4030,1,6,LAYING,0.1919036
4031,1,6,LAYING,0.1917198
4032,1,6,LAYING,0.1933301
4033,1,6,LAYING,0.1936986
4034,1,6,LAYING,0.1919747
4035,1,6,LAYING,0.1912235
4036,1,6,LAYING,0.1880806
4037,1,6,LAYING,0.1867383
4038,1,6,LAYING,0.1898188
4039,1,6,LAYING,0.190529
4040,1,6,LAYING,0.1883667
4041,1,6,LAYING,0.1868619
4042,1,6,LAYING,0.1873307
4043,1,6,LAYING,0.1879823
4044,1,6,LAYING,0.1873677
4045,1,6,LAYING,0.1885444
4046,1,6,LAYING,0.1906784
4047,1,6,LAYING,0.1921397
4048,1,6,LAYING,0.1929642
4049,1,6,LAYING,0.1895992
4050,1,6,LAYING,0.185982
4051,1,6,LAYING,0.1877625
4052,1,6,LAYING,0.190033
4053,1,6,LAYING,0.1902972
4054,1,6,LAYING,0.1901623
4055,1,6,LAYING,0.1883835
4056,1,6,LAYING,0.186815
4057,1,6,LAYING,0.1875327
4058,1,6,LAYING,0.1882865
4059,1,6,LAYING,0.1899641
4060,1,6,LAYING,0.1927373
4061,1,6,LAYING,0.1929165
4062,1,6,LAYING,0.1922731
4063,1,6,LAYING,0.1915653
4064,1,6,LAYING,0.1883696
4065,1,6,LAYING,0.1863707
4066,1,6,LAYING,0.1865911
4067,1,6,LAYING,0.1874543
4068,1,6,LAYING,0.1898455
4069,1,6,LAYING,0.1901681
4070,1,6,LAYING,0.1897178
4071,1,6,LAYING,0.1909667
4072,1,6,LAYING,0.1896599
4073,1,6,LAYING,0.188221
4074,1,6,LAYING,0.1875077
4075,1,6,LAYING,0.1875048
4076,1,6,LAYING,0.1922298
4077,1,6,LAYING,0.1967492
4078,1,6,LAYING,0.1967934
4079,1,6,LAYING,0.1908842
4080,1,6,LAYING,0.1836817
4081,1,6,LAYING,0.1838752
4082,1,6,LAYING,0.1845632
4083,1,6,LAYING,0.1849448
4084,1,6,LAYING,0.1888902
4085,1,6,LAYING,0.1884728
4086,1,6,LAYING,0.1890376
4087,1,6,LAYING,0.1933127
4088,1,6,LAYING,0.1916726
4089,1,6,LAYING,0.1897498
4090,1,6,LAYING,0.1908707
4091,1,6,LAYING,0.1895498
4092,1,6,LAYING,0.1884226
4093,1,6,LAYING,0.1870036
4094,1,6,LAYING,0.1850324
4095,1,6,LAYING,0.1852308
4096,1,6,LAYING,0.2557583
4097,1,6,LAYING,0.2370596
4098,1,6,LAYING,0.2290288
4099,1,6,LAYING,0.2600254
4100,1,6,LAYING,0.2752539
4101,1,6,LAYING,0.2655784
4102,1,6,LAYING,0.255849
4103,1,6,LAYING,0.2733604
4104,1,6,LAYING,0.3245786
4105,1,6,LAYING,0.3681997
4106,1,6,LAYING,0.3635809
4107,1,6,LAYING,0.3434712
4108,1,6,LAYING,0.3718131
4109,1,6,LAYING,0.3849741
4110,1,6,LAYING,0.3593406
4111,1,6,LAYING,0.3425325
4112,1,6,LAYING,0.3096194
4113,1,6,LAYING,0.321349
4114,1,6,LAYING,0.3535249
4115,1,6,LAYING,0.3288823
4116,1,6,LAYING,0.3355434
4117,1,6,LAYING,0.3547163
4118,1,6,LAYING,0.3555826
4119,1,6,LAYING,0.3662187
4120,1,6,LAYING,0.335549
4121,1,6,LAYING,0.3040821
4122,1,6,LAYING,0.3076001
4123,1,6,LAYING,0.3131694
4124,1,6,LAYING,0.3295164
4125,1,6,LAYING,0.3437314
4126,1,6,LAYING,0.334939
4127,1,6,LAYING,0.3170084
4128,1,6,LAYING,0.3127495
4129,1,6,LAYING,0.3076459
4130,1,6,LAYING,0.2997338
4131,1,6,LAYING,0.3034244
4132,1,6,LAYING,0.2938283
4133,1,6,LAYING,0.3029727
4134,1,6,LAYING,0.3315026
4135,1,6,LAYING,0.3262773
4136,1,6,LAYING,0.3147684
4137,1,6,LAYING,0.3004291
4138,1,6,LAYING,0.2916334
4139,1,6,LAYING,0.3125801
4140,1,6,LAYING,0.3246074
4141,1,6,LAYING,0.3223868
4142,1,6,LAYING,0.3109952
4143,1,6,LAYING,0.3001533
4144,1,6,LAYING,0.3114163
4145,1,6,LAYING,0.3200913
4146,1,6,LAYING,0.3160951
4147,1,6,LAYING,0.3066947
4148,1,6,LAYING,0.2991525
4149,1,6,LAYING,0.305447
4150,1,6,LAYING,0.3140479
4151,1,6,LAYING,0.3160627
4152,1,6,LAYING,0.3162023
4153,1,6,LAYING,0.3107029
4154,1,6,LAYING,0.3014251
4155,1,6,LAYING,0.3081365
4156,1,6,LAYING,0.3150736
4157,1,6,LAYING,0.2981787
4158,1,6,LAYING,0.2886331
4159,1,6,LAYING,0.2975624
4160,1,6,LAYING,0.3094608
4161,1,6,LAYING,0.321645
4162,1,6,LAYING,0.3219052
4163,1,6,LAYING,0.3080994
4164,1,6,LAYING,0.296697
4165,1,6,LAYING,0.3003257
4166,1,6,LAYING,0.3035334
4167,1,6,LAYING,0.2994011
4168,1,6,LAYING,0.3091744
4169,1,6,LAYING,0.3189508
4170,1,6,LAYING,0.3135331
4171,1,6,LAYING,0.3071348
4172,1,6,LAYING,0.3036575
4173,1,6,LAYING,0.308171
4174,1,6,LAYING,0.3167561
4175,1,6,LAYING,0.316937
4176,1,6,LAYING,0.3158848
4177,1,6,LAYING,0.3173826
4178,1,6,LAYING,0.3164232
4179,1,6,LAYING,0.3164257
4180,1,6,LAYING,0.3166007
4181,1,6,LAYING,0.3132371
4182,1,6,LAYING,0.3100229
4183,1,6,LAYING,0.3090084
4184,1,6,LAYING,0.3099975
4185,1,6,LAYING,0.3110313
4186,1,6,LAYING,0.3119573
4187,1,6,LAYING,0.3168247
4188,1,6,LAYING,0.3209686
4189,1,6,LAYING,0.319325
4190,1,6,LAYING,0.3159206
4191,1,6,LAYING,0.3147304
4192,1,6,LAYING,0.3160356
4193,1,6,LAYING,0.3189144
4194,1,6,LAYING,0.3212204
4195,1,6,LAYING,0.3174859
4196,1,6,LAYING,0.3123997
4197,1,6,LAYING,0.3135785
4198,1,6,LAYING,0.3137073
4199,1,6,LAYING,0.3123731
4200,1,6,LAYING,0.3165011
4201,1,6,LAYING,0.32127
4202,1,6,LAYING,0.321114
4203,1,6,LAYING,0.3183793
4204,1,6,LAYING,0.3165074
4205,1,6,LAYING,0.3154887
4206,1,6,LAYING,0.315071
4207,1,6,LAYING,0.3149527
4208,1,6,LAYING,0.3133426
4209,1,6,LAYING,0.3108696
4210,1,6,LAYING,0.3099014
4211,1,6,LAYING,0.3108339
4212,1,6,LAYING,0.3134403
4213,1,6,LAYING,0.319122
4214,1,6,LAYING,0.3243279
4215,1,6,LAYING,0.323621
4216,1,6,LAYING,0.3222766
4217,1,6,LAYING,0.3224411
4218,1,6,LAYING,0.3184494
4219,1,6,LAYING,0.3134383
4220,1,6,LAYING,0.3093798
4221,1,6,LAYING,0.3070112
4222,1,6,LAYING,0.310761
4223,1,6,LAYING,0.3135613
4224,1,6,LAYING,0.3141266
4225,1,6,LAYING,0.3181545
4226,1,6,LAYING,0.3196385
4227,1,6,LAYING,0.3187258
4228,1,6,LAYING,0.3167431
4229,1,6,LAYING,0.3121624
4230,1,6,LAYING,0.3105446
4231,1,6,LAYING,0.3095316
4232,1,6,LAYING,0.3080815
4233,1,6,LAYING,0.3113299
4234,1,6,LAYING,0.3158199
4235,1,6,LAYING,0.3176857
4236,1,6,LAYING,0.3180216
4237,1,6,LAYING,0.3174004
4238,1,6,LAYING,0.3161798
4239,1,6,LAYING,0.3167036
4240,1,6,LAYING,0.3180038
4241,1,6,LAYING,0.3168973
4242,1,6,LAYING,0.3128859
4243,1,6,LAYING,0.3082334
4244,1,6,LAYING,0.3103137
4245,1,6,LAYING,0.3156132
4246,1,6,LAYING,0.3153557
4247,1,6,LAYING,0.3146614
4248,1,6,LAYING,0.3129007
4249,1,6,LAYING,0.310338
4250,1,6,LAYING,0.3138974
4251,1,6,LAYING,0.3165805
4252,1,6,LAYING,0.3150956
4253,1,6,LAYING,0.3154676
4254,1,6,LAYING,0.3182127
4255,1,6,LAYING,0.3203042
4256,1,6,LAYING,0.3193658
4257,1,6,LAYING,0.3174015
4258,1,6,LAYING,0.3144984
4259,1,6,LAYING,0.3112714
4260,1,6,LAYING,0.312519
4261,1,6,LAYING,0.3151398
4262,1,6,LAYING,0.3151433
4263,1,6,LAYING,0.314528
4264,1,6,LAYING,0.3137895
4265,1,6,LAYING,0.3144772
4266,1,6,LAYING,0.3160049
4267,1,6,LAYING,0.3153408
4268,1,6,LAYING,0.3160285
4269,1,6,LAYING,0.3182558
4270,1,6,LAYING,0.3178029
4271,1,6,LAYING,0.3162021
4272,1,6,LAYING,0.3151486
4273,1,6,LAYING,0.3167443
4274,1,6,LAYING,0.3191563
4275,1,6,LAYING,0.3179521
4276,1,6,LAYING,0.3177672
4277,1,6,LAYING,0.3201613
4278,1,6,LAYING,0.3230457
4279,1,6,LAYING,0.3261632
4280,1,6,LAYING,0.3245236
4281,1,6,LAYING,0.3195906
4282,1,6,LAYING,0.3172749
4283,1,6,LAYING,0.3168351
4284,1,6,LAYING,0.3147388
4285,1,6,LAYING,0.3095824
4286,1,6,LAYING,0.3084624
4287,1,6,LAYING,0.3132116
4288,1,6,LAYING,0.3191571
4289,1,6,LAYING,0.3286655
4290,1,6,LAYING,0.3326648
4291,1,6,LAYING,0.3265237
4292,1,6,LAYING,0.3193584
4293,1,6,LAYING,0.3076548
4294,1,6,LAYING,0.2962472
4295,1,6,LAYING,0.2901271
4296,1,6,LAYING,0.2861948
4297,1,6,LAYING,0.2897685
4298,1,6,LAYING,0.2903689
4299,1,6,LAYING,0.2887831
4300,1,6,LAYING,0.2898473
4301,1,6,LAYING,0.2678827
4302,1,6,LAYING,0.227884
4303,1,6,LAYING,0.2017673
4304,1,6,LAYING,0.2003535
4305,1,6,LAYING,0.2113012
4306,1,6,LAYING,0.2117498
4307,1,6,LAYING,0.1989983
4308,1,6,LAYING,0.18454
4309,1,6,LAYING,0.1773146
4310,1,6,LAYING,0.1620033
4311,1,6,LAYING,0.1218768
4312,1,6,LAYING,0.08364683
4313,1,6,LAYING,0.04138201
4314,1,6,LAYING,-0.03002027
4315,1,6,LAYING,-0.07904779
4316,1,6,LAYING,-0.05956092
4317,1,6,LAYING,-0.008661247
4318,1,6,LAYING,0.03305133
4319,1,6,LAYING,0.07957591
4320,1,6,LAYING,0.1248492
4321,1,6,LAYING,0.1250669
4322,1,6,LAYING,0.1078831
4323,1,6,LAYING,0.1126516
4324,1,6,LAYING,0.08024781
4325,1,6,LAYING,0.03016693
4326,1,6,LAYING,0.04698814
4327,1,6,LAYING,0.05723021
4328,1,6,LAYING,0.02065352
4329,1,6,LAYING,-0.02339734
4330,1,6,LAYING,-0.08615691
4331,1,6,LAYING,-0.08318963
4332,1,6,LAYING,-0.003881118
4333,1,6,LAYING,0.03107184
4334,1,6,LAYING,0.0193094
4335,1,6,LAYING,0.00398224
4336,1,6,LAYING,0.007915585
4337,1,6,LAYING,0.01546733
4338,1,6,LAYING,0.01669439
4339,1,6,LAYING,0.03803122
4340,1,6,LAYING,0.03498823
4341,1,6,LAYING,0.02850468
4342,1,6,LAYING,0.0547325
4343,1,6,LAYING,0.05953711
4344,1,6,LAYING,0.04757639
4345,1,6,LAYING,0.02492404
4346,1,6,LAYING,0.009880367
4347,1,6,LAYING,0.02449302
4348,1,6,LAYING,0.03543507
4349,1,6,LAYING,0.04746154
4350,1,6,LAYING,0.04553359
4351,1,6,LAYING,0.0343559
4352,1,6,LAYING,0.04679729
4353,1,6,LAYING,0.05422056
4354,1,6,LAYING,0.05915401
4355,1,6,LAYING,0.06286731
4356,1,6,LAYING,0.05988109
4357,1,6,LAYING,0.0725324
4358,1,6,LAYING,0.07595841
4359,1,6,LAYING,0.05973512
4360,1,6,LAYING,0.04579864
4361,1,6,LAYING,0.04422265
4362,1,6,LAYING,0.05722799
4363,1,6,LAYING,0.06442989
4364,1,6,LAYING,0.06247141
4365,1,6,LAYING,0.06117302
4366,1,6,LAYING,0.05585825
4367,1,6,LAYING,0.05158695
4368,1,6,LAYING,0.05574981
4369,1,6,LAYING,0.07075425
4370,1,6,LAYING,0.08071651
4371,1,6,LAYING,0.06946677
4372,1,6,LAYING,0.05908559
4373,1,6,LAYING,0.06648646
4374,1,6,LAYING,0.0776307
4375,1,6,LAYING,0.08741307
4376,1,6,LAYING,0.09913275
4377,1,6,LAYING,0.100652
4378,1,6,LAYING,0.09650342
4379,1,6,LAYING,0.09839284
4380,1,6,LAYING,0.09513773
4381,1,6,LAYING,0.09304259
4382,1,6,LAYING,0.09552772
4383,1,6,LAYING,0.09380812
4384,1,6,LAYING,0.09430119
4385,1,6,LAYING,0.0928339
4386,1,6,LAYING,0.09064217
4387,1,6,LAYING,0.09206468
4388,1,6,LAYING,0.09137372
4389,1,6,LAYING,0.09030543
4390,1,6,LAYING,0.0869438
4391,1,6,LAYING,0.08329835
4392,1,6,LAYING,0.08346426
4393,1,6,LAYING,0.08598626
4394,1,6,LAYING,0.08742336
4395,1,6,LAYING,0.08123134
4396,1,6,LAYING,0.07746654
4397,1,6,LAYING,0.0882618
4398,1,6,LAYING,0.09857537
4399,1,6,LAYING,0.09322168
4400,1,6,LAYING,0.08791905
4401,1,6,LAYING,0.09068741
4402,1,6,LAYING,0.08696876
4403,1,6,LAYING,0.08719657
4404,1,6,LAYING,0.09669858
4405,1,6,LAYING,0.09976124
4406,1,6,LAYING,0.09706394
4407,1,6,LAYING,0.08605117
4408,1,6,LAYING,0.07207447
4409,1,6,LAYING,0.07094937
4410,1,6,LAYING,0.07783623
4411,1,6,LAYING,0.082853
4412,1,6,LAYING,0.08243616
4413,1,6,LAYING,0.08240312
4414,1,6,LAYING,0.08629569
4415,1,6,LAYING,0.09190662
4416,1,6,LAYING,0.1009785
4417,1,6,LAYING,0.1044553
4418,1,6,LAYING,0.1008694
4419,1,6,LAYING,0.09749427
4420,1,6,LAYING,0.09240548
4421,1,6,LAYING,0.08987277
4422,1,6,LAYING,0.08944731
4423,1,6,LAYING,0.09063891
4424,1,6,LAYING,0.1009266
4425,1,6,LAYING,0.1088299
4426,1,6,LAYING,0.1048197
4427,1,6,LAYING,0.1029113
4428,1,6,LAYING,0.1077401
4429,1,6,LAYING,0.1090153
4430,1,6,LAYING,0.1061481
4431,1,6,LAYING,0.105847
4432,1,6,LAYING,0.1103604
4433,1,6,LAYING,0.1159021
4434,1,6,LAYING,0.1162389
4435,1,6,LAYING,0.1143535
4436,1,6,LAYING,0.1155721
4437,1,6,LAYING,0.1142989
4438,1,6,LAYING,0.1085243
4439,1,6,LAYING,0.1049465
4440,1,6,LAYING,0.1107333
4441,1,6,LAYING,0.1246705
4442,1,6,LAYING,0.1346875
4443,1,6,LAYING,0.1374728
4444,1,6,LAYING,0.1348025
4445,1,6,LAYING,0.1276451
4446,1,6,LAYING,0.1216861
4447,1,6,LAYING,0.1198458
4448,1,6,LAYING,0.1295971
4449,1,6,LAYING,0.1408002
4450,1,6,LAYING,0.1348006
4451,1,6,LAYING,0.1293729
4452,1,6,LAYING,0.1328933
4453,1,6,LAYING,0.1364703
4454,1,6,LAYING,0.1438931
4455,1,6,LAYING,0.1446702
4456,1,6,LAYING,0.1392345
4457,1,6,LAYING,0.1410562
4458,1,6,LAYING,0.1432123
4459,1,6,LAYING,0.1446108
4460,1,6,LAYING,0.1446145
4461,1,6,LAYING,0.1388741
4462,1,6,LAYING,0.1364775
4463,1,6,LAYING,0.1376249
4464,1,6,LAYING,0.1385599
4465,1,6,LAYING,0.1393917
4466,1,6,LAYING,0.1374414
4467,1,6,LAYING,0.1333154
4468,1,6,LAYING,0.1272701
4469,1,6,LAYING,0.1276551
4470,1,6,LAYING,0.1365699
4471,1,6,LAYING,0.1414474
4472,1,6,LAYING,0.1397856
4473,1,6,LAYING,0.1332486
4474,1,6,LAYING,0.128555
4475,1,6,LAYING,0.1318239
4476,1,6,LAYING,0.1374549
4477,1,6,LAYING,0.1418134
4478,1,6,LAYING,0.140993
4479,1,6,LAYING,0.1386313
4480,1,6,LAYING,0.1368527
4481,1,6,LAYING,0.1254688
4482,1,6,LAYING,0.1181546
4483,1,6,LAYING,0.1341962
4484,1,6,LAYING,0.1442406
4485,1,6,LAYING,0.1147928
4486,1,6,LAYING,0.09076388
4487,1,6,LAYING,0.120302
4488,1,6,LAYING,0.136424
4489,1,6,LAYING,0.07570027
4490,1,6,LAYING,0.008027276
4491,1,6,LAYING,0.01054462
4492,1,6,LAYING,0.05876024
4493,1,6,LAYING,0.09646882
4494,1,6,LAYING,0.1081582
4495,1,6,LAYING,0.1179685
4496,1,6,LAYING,0.1344375
4497,1,6,LAYING,0.1362597
4498,1,6,LAYING,0.137685
4499,1,6,LAYING,0.1494744
4500,1,6,LAYING,0.1572197
4501,1,6,LAYING,0.2074758
4502,1,6,LAYING,0.2801273
4503,1,6,LAYING,0.2607875
4504,1,6,LAYING,0.1775185
4505,1,6,LAYING,0.1427527
4506,1,6,LAYING,0.1908139
4507,1,6,LAYING,0.2492012
4508,1,6,LAYING,0.2186435
4509,1,6,LAYING,0.1652654
4510,1,6,LAYING,0.1399719
4511,1,6,LAYING,0.09765674
4512,1,6,LAYING,0.08530254
4513,1,6,LAYING,0.05920876
4514,1,6,LAYING,0.02430819
4515,1,6,LAYING,0.08894083
4516,1,6,LAYING,0.1217309
4517,1,6,LAYING,0.05533898
4518,1,6,LAYING,-0.01152933
4519,1,6,LAYING,-0.03216642
4520,1,6,LAYING,0.02790765
4521,1,6,LAYING,0.06951409
4522,1,6,LAYING,0.02703071
4523,1,6,LAYING,0.007940357
4524,1,6,LAYING,0.05320565
4525,1,6,LAYING,0.08319033
4526,1,6,LAYING,0.04344765
4527,1,6,LAYING,0.007816263
4528,1,6,LAYING,0.01550836
4529,1,6,LAYING,0.0305825
4530,1,6,LAYING,0.04732267
4531,1,6,LAYING,0.03937235
4532,1,6,LAYING,0.01143049
4533,1,6,LAYING,-0.01655913
4534,1,6,LAYING,-0.03468006
4535,1,6,LAYING,-0.02374089
4536,1,6,LAYING,-0.02443751
4537,1,6,LAYING,-0.04739965
4538,1,6,LAYING,-0.05615842
4539,1,6,LAYING,-0.05211501
4540,1,6,LAYING,-0.03699789
4541,1,6,LAYING,-0.01371398
4542,1,6,LAYING,0.01126094
4543,1,6,LAYING,0.02149396
4544,1,6,LAYING,-0.01032836
4545,1,6,LAYING,-0.06072327
4546,1,6,LAYING,-0.08163323
4547,1,6,LAYING,-0.05912387
4548,1,6,LAYING,-0.03712004
4549,1,6,LAYING,-0.0509535
4550,1,6,LAYING,-0.05392627
4551,1,6,LAYING,-0.0787336
4552,1,6,LAYING,-0.237133
4553,1,6,LAYING,-0.4333811
4554,1,6,LAYING,-0.4419689
4555,1,6,LAYING,-0.3049483
4556,1,6,LAYING,-0.2266779
4557,1,6,LAYING,-0.1789096
4558,1,6,LAYING,-0.08391556
4559,1,6,LAYING,-0.01984911
4560,1,6,LAYING,-0.09988142
4561,1,6,LAYING,-0.2664731
4562,1,6,LAYING,-0.2658183
4563,1,6,LAYING,-0.1730369
4564,1,6,LAYING,-0.1376927
4565,1,6,LAYING,-0.05779907
4566,1,6,LAYING,-0.0778313
4567,1,6,LAYING,-0.1718424
4568,1,6,LAYING,-0.1942844
4569,1,6,LAYING,-0.2227639
4570,1,6,LAYING,-0.1575478
4571,1,6,LAYING,-0.1326777
4572,1,6,LAYING,-0.313075
4573,1,6,LAYING,-0.4665558
4574,1,6,LAYING,-0.4396302
4575,1,6,LAYING,-0.2756868
4576,1,6,LAYING,-0.1653329
4577,1,6,LAYING,-0.1539449
4578,1,6,LAYING,-0.1550028
4579,1,6,LAYING,-0.1398579
4580,1,6,LAYING,-0.08652034
4581,1,6,LAYING,-0.1130094
4582,1,6,LAYING,-0.1616028
4583,1,6,LAYING,-0.1663703
4584,1,6,LAYING,-0.2163197
4585,1,6,LAYING,-0.2404403
4586,1,6,LAYING,-0.2640627
4587,1,6,LAYING,-0.2517607
4588,1,6,LAYING,-0.2044059
4589,1,6,LAYING,-0.2375461
4590,1,6,LAYING,-0.2186151
4591,1,6,LAYING,-0.1762874
4592,1,6,LAYING,-0.1738002
4593,1,6,LAYING,-0.155685
4594,1,6,LAYING,-0.183897
4595,1,6,LAYING,-0.1967179
4596,1,6,LAYING,-0.1842624
4597,1,6,LAYING,-0.1856343
4598,1,6,LAYING,-0.1664864
4599,1,6,LAYING,-0.1693495
4600,1,6,LAYING,-0.1836157
4601,1,6,LAYING,-0.1985015
4602,1,6,LAYING,-0.20454
4603,1,6,LAYING,-0.1772649
4604,1,6,LAYING,-0.1581916
4605,1,6,LAYING,-0.1455612
4606,1,6,LAYING,-0.1407935
4607,1,6,LAYING,-0.1479638
4608,1,6,LAYING,-0.1514271
4609,1,6,LAYING,-0.1563307
4610,1,6,LAYING,-0.1497389
4611,1,6,LAYING,-0.1476069
4612,1,6,LAYING,-0.1554856
4613,1,6,LAYING,-0.1547812
4614,1,6,LAYING,-0.1414644
4615,1,6,LAYING,-0.1112649
4616,1,6,LAYING,-0.09537732
4617,1,6,LAYING,-0.1071773
4618,1,6,LAYING,-0.1406417
4619,1,6,LAYING,-0.1770675
4620,1,6,LAYING,-0.1654582
4621,1,6,LAYING,-0.1336088
4622,1,6,LAYING,-0.1141468
4623,1,6,LAYING,-0.09668806
4624,1,6,LAYING,-0.1431883
4625,1,6,LAYING,-0.2441375
4626,1,6,LAYING,-0.288964
4627,1,6,LAYING,-0.2695584
4628,1,6,LAYING,-0.2416778
4629,1,6,LAYING,-0.227691
4630,1,6,LAYING,-0.223522
4631,1,6,LAYING,-0.2207899
4632,1,6,LAYING,-0.2152117
4633,1,6,LAYING,-0.1863166
4634,1,6,LAYING,-0.1467475
4635,1,6,LAYING,-0.132207
4636,1,6,LAYING,-0.1466122
4637,1,6,LAYING,-0.1782674
4638,1,6,LAYING,-0.2105727
4639,1,6,LAYING,-0.2285839
4640,1,6,LAYING,-0.2225226
4641,1,6,LAYING,-0.227219
4642,1,6,LAYING,-0.2510448
4643,1,6,LAYING,-0.2482144
4644,1,6,LAYING,-0.2343943
4645,1,6,LAYING,-0.2164549
4646,1,6,LAYING,-0.1988692
4647,1,6,LAYING,-0.1984563
4648,1,6,LAYING,-0.1882492
4649,1,6,LAYING,-0.1868714
4650,1,6,LAYING,-0.1957682
4651,1,6,LAYING,-0.1962531
4652,1,6,LAYING,-0.197195
4653,1,6,LAYING,-0.1889746
4654,1,6,LAYING,-0.1921616
4655,1,6,LAYING,-0.1998025
4656,1,6,LAYING,-0.2001751
4657,1,6,LAYING,-0.2117738
4658,1,6,LAYING,-0.2149606
4659,1,6,LAYING,-0.2137939
4660,1,6,LAYING,-0.2111408
4661,1,6,LAYING,-0.2047031
4662,1,6,LAYING,-0.2023866
4663,1,6,LAYING,-0.1877037
4664,1,6,LAYING,-0.1798578
4665,1,6,LAYING,-0.1880663
4666,1,6,LAYING,-0.1959653
4667,1,6,LAYING,-0.200484
4668,1,6,LAYING,-0.1944871
4669,1,6,LAYING,-0.1920573
4670,1,6,LAYING,-0.1971266
4671,1,6,LAYING,-0.1995156
4672,1,6,LAYING,-0.1976572
4673,1,6,LAYING,-0.1920112
4674,1,6,LAYING,-0.1913851
4675,1,6,LAYING,-0.1914953
4676,1,6,LAYING,-0.1913576
4677,1,6,LAYING,-0.1911156
4678,1,6,LAYING,-0.1872778
4679,1,6,LAYING,-0.1885818
4680,1,6,LAYING,-0.1935124
4681,1,6,LAYING,-0.2008146
4682,1,6,LAYING,-0.2028342
4683,1,6,LAYING,-0.1953628
4684,1,6,LAYING,-0.1937423
4685,1,6,LAYING,-0.1962765
4686,1,6,LAYING,-0.1977297
4687,1,6,LAYING,-0.1967962
4688,1,6,LAYING,-0.194725
4689,1,6,LAYING,-0.1973892
4690,1,6,LAYING,-0.1981228
4691,1,6,LAYING,-0.1994178
4692,1,6,LAYING,-0.2027159
4693,1,6,LAYING,-0.2007505
4694,1,6,LAYING,-0.1977624
4695,1,6,LAYING,-0.1940927
4696,1,6,LAYING,-0.1917492
4697,1,6,LAYING,-0.1941126
4698,1,6,LAYING,-0.1969242
4699,1,6,LAYING,-0.198605
4700,1,6,LAYING,-0.1956395
4701,1,6,LAYING,-0.190647
4702,1,6,LAYING,-0.1907496
4703,1,6,LAYING,-0.1918502
4704,1,6,LAYING,-0.1932148
4705,1,6,LAYING,-0.1968374
4706,1,6,LAYING,-0.1971874
4707,1,6,LAYING,-0.1953189
4708,1,6,LAYING,-0.1948909
4709,1,6,LAYING,-0.1973937
4710,1,6,LAYING,-0.2017784
4711,1,6,LAYING,-0.2002877
4712,1,6,LAYING,-0.1996001
4713,1,6,LAYING,-0.2055957
4714,1,6,LAYING,-0.207915
4715,1,6,LAYING,-0.207153
4716,1,6,LAYING,-0.2066022
4717,1,6,LAYING,-0.2067891
4718,1,6,LAYING,-0.2075138
4719,1,6,LAYING,-0.205492
4720,1,6,LAYING,-0.2026743
4721,1,6,LAYING,-0.1988904
4722,1,6,LAYING,-0.1989265
4723,1,6,LAYING,-0.2015836
4724,1,6,LAYING,-0.1991804
4725,1,6,LAYING,-0.1997645
4726,1,6,LAYING,-0.2008895
4727,1,6,LAYING,-0.1990644
4728,1,6,LAYING,-0.2007086
4729,1,6,LAYING,-0.2009138
4730,1,6,LAYING,-0.2010422
4731,1,6,LAYING,-0.2011906
4732,1,6,LAYING,-0.1992317
4733,1,6,LAYING,-0.2010715
4734,1,6,LAYING,-0.2018495
4735,1,6,LAYING,-0.1984648
4736,1,6,LAYING,-0.1918921
4737,1,6,LAYING,-0.1864785
4738,1,6,LAYING,-0.1951166
4739,1,6,LAYING,-0.2061071
4740,1,6,LAYING,-0.2031841
4741,1,6,LAYING,-0.1993981
4742,1,6,LAYING,-0.1960875
4743,1,6,LAYING,-0.1887974
4744,1,6,LAYING,-0.1953435
4745,1,6,LAYING,-0.2082099
4746,1,6,LAYING,-0.2114732
4747,1,6,LAYING,-0.2170045
4748,1,6,LAYING,-0.2124454
4749,1,6,LAYING,-0.192812
4750,1,6,LAYING,-0.1894931
4751,1,6,LAYING,-0.2033389
4752,1,6,LAYING,-0.212378
4753,1,6,LAYING,-0.2012048
4754,1,6,LAYING,-0.1814632
4755,1,6,LAYING,-0.1814377
4756,1,6,LAYING,-0.1914969
4757,1,6,LAYING,-0.2011248
4758,1,6,LAYING,-0.2080314
4759,1,6,LAYING,-0.2040912
4760,1,6,LAYING,-0.2025545
4761,1,6,LAYING,-0.201674
4762,1,6,LAYING,-0.1996035
4763,1,6,LAYING,-0.2016922
4764,1,6,LAYING,-0.1973637
4765,1,6,LAYING,-0.1973078
4766,1,6,LAYING,-0.2046086
4767,1,6,LAYING,-0.2082093
4768,1,6,LAYING,-0.2088184
4769,1,6,LAYING,-0.206283
4770,1,6,LAYING,-0.2060382
4771,1,6,LAYING,-0.2021291
4772,1,6,LAYING,-0.196295
4773,1,6,LAYING,-0.2012577
4774,1,6,LAYING,-0.2054545
4775,1,6,LAYING,-0.2055028
4776,1,6,LAYING,-0.205096
4777,1,6,LAYING,-0.2036688
4778,1,6,LAYING,-0.2061929
4779,1,6,LAYING,-0.2075302
4780,1,6,LAYING,-0.2058799
4781,1,6,LAYING,-0.2052072
4782,1,6,LAYING,-0.2054512
4783,1,6,LAYING,-0.2050102
4784,1,6,LAYING,-0.2008091
4785,1,6,LAYING,-0.1972928
4786,1,6,LAYING,-0.1978996
4787,1,6,LAYING,-0.1975799
4788,1,6,LAYING,-0.1955583
4789,1,6,LAYING,-0.1994058
4790,1,6,LAYING,-0.208922
4791,1,6,LAYING,-0.212515
4792,1,6,LAYING,-0.207853
4793,1,6,LAYING,-0.2017528
4794,1,6,LAYING,-0.2001106
4795,1,6,LAYING,-0.2005194
4796,1,6,LAYING,-0.1969508
4797,1,6,LAYING,-0.1949494
4798,1,6,LAYING,-0.1973893
4799,1,6,LAYING,-0.2006053
4800,1,6,LAYING,-0.2030888
4801,1,6,LAYING,-0.2024987
4802,1,6,LAYING,-0.1999039
4803,1,6,LAYING,-0.1978201
4804,1,6,LAYING,-0.1988485
4805,1,6,LAYING,-0.201953
4806,1,6,LAYING,-0.2031742
4807,1,6,LAYING,-0.2031044
4808,1,6,LAYING,-0.2024354
4809,1,6,LAYING,-0.202206
4810,1,6,LAYING,-0.200452
4811,1,6,LAYING,-0.1975738
4812,1,6,LAYING,-0.1995643
4813,1,6,LAYING,-0.2018625
4814,1,6,LAYING,-0.201548
4815,1,6,LAYING,-0.2027282
4816,1,6,LAYING,-0.2017063
4817,1,6,LAYING,-0.1974857
4818,1,6,LAYING,-0.196088
4819,1,6,LAYING,-0.1977292
4820,1,6,LAYING,-0.1976288
4821,1,6,LAYING,-0.1975835
4822,1,6,LAYING,-0.199288
4823,1,6,LAYING,-0.1986441
4824,1,6,LAYING,-0.1983616
4825,1,6,LAYING,-0.200126
4826,1,6,LAYING,-0.2011102
4827,1,6,LAYING,-0.2030003
4828,1,6,LAYING,-0.2049284
4829,1,6,LAYING,-0.2055043
4830,1,6,LAYING,-0.2035653
4831,1,6,LAYING,-0.1985626
4832,1,6,LAYING,-0.1952593
4833,1,6,LAYING,-0.1947726
4834,1,6,LAYING,-0.1964011
4835,1,6,LAYING,-0.1993406
4836,1,6,LAYING,-0.20117
4837,1,6,LAYING,-0.2018623
4838,1,6,LAYING,-0.2003272
4839,1,6,LAYING,-0.1997175
4840,1,6,LAYING,-0.2022196
4841,1,6,LAYING,-0.2031845
4842,1,6,LAYING,-0.2028823
4843,1,6,LAYING,-0.2022607
4844,1,6,LAYING,-0.2009165
4845,1,6,LAYING,-0.1995539
4846,1,6,LAYING,-0.1986095
4847,1,6,LAYING,-0.1988679
4848,1,6,LAYING,-0.198408
4849,1,6,LAYING,-0.1984781
4850,1,6,LAYING,-0.1991924
4851,1,6,LAYING,-0.199094
4852,1,6,LAYING,-0.2004576
4853,1,6,LAYING,-0.2002226
4854,1,6,LAYING,-0.199999
4855,1,6,LAYING,-0.2031489
4856,1,6,LAYING,-0.2042502
4857,1,6,LAYING,-0.2015444
4858,1,6,LAYING,-0.1977489
4859,1,6,LAYING,-0.1971348
4860,1,6,LAYING,-0.1990501
4861,1,6,LAYING,-0.2028569
4862,1,6,LAYING,-0.2079937
4863,1,6,LAYING,-0.2025991
4864,1,6,LAYING,-0.1951786
4865,1,6,LAYING,-0.2000451
4866,1,6,LAYING,-0.2012518
4867,1,6,LAYING,-0.1967869
4868,1,6,LAYING,-0.1976028
4869,1,6,LAYING,-0.1990055
4870,1,6,LAYING,-0.2003719
4871,1,6,LAYING,-0.2005728
4872,1,6,LAYING,-0.1992062
4873,1,6,LAYING,-0.2005949
4874,1,6,LAYING,-0.2010112
4875,1,6,LAYING,-0.2011967
4876,1,6,LAYING,-0.2014633
4877,1,6,LAYING,-0.1982048
4878,1,6,LAYING,-0.1965064
4879,1,6,LAYING,-0.1966432
4880,1,6,LAYING,-0.1947248
4881,1,6,LAYING,-0.1922968
4882,1,6,LAYING,-0.1924665
4883,1,6,LAYING,-0.1939329
4884,1,6,LAYING,-0.1926917
4885,1,6,LAYING,-0.1931169
4886,1,6,LAYING,-0.1956663
4887,1,6,LAYING,-0.1970543
4888,1,6,LAYING,-0.1997192
4889,1,6,LAYING,-0.2004088
4890,1,6,LAYING,-0.1997886
4891,1,6,LAYING,-0.200214
4892,1,6,LAYING,-0.1997371
4893,1,6,LAYING,-0.1998365
4894,1,6,LAYING,-0.1982124
4895,1,6,LAYING,-0.1971814
4896,1,6,LAYING,-0.2009044
4897,1,6,LAYING,-0.2036392
4898,1,6,LAYING,-0.2008148
4899,1,6,LAYING,-0.1959163
4900,1,6,LAYING,-0.1952386
4901,1,6,LAYING,-0.1961449
4902,1,6,LAYING,-0.1958342
4903,1,6,LAYING,-0.1974307
4904,1,6,LAYING,-0.2000545
4905,1,6,LAYING,-0.202121
4906,1,6,LAYING,-0.2007807
4907,1,6,LAYING,-0.1989432
4908,1,6,LAYING,-0.2004774
4909,1,6,LAYING,-0.2002851
4910,1,6,LAYING,-0.2004906
4911,1,6,LAYING,-0.2013587
4912,1,6,LAYING,-0.1976765
4913,1,6,LAYING,-0.1947502
4914,1,6,LAYING,-0.1972366
4915,1,6,LAYING,-0.2017528
4916,1,6,LAYING,-0.2032622
4917,1,6,LAYING,-0.2008751
4918,1,6,LAYING,-0.1980876
4919,1,6,LAYING,-0.1969463
4920,1,6,LAYING,-0.1956371
4921,1,6,LAYING,-0.1935953
4922,1,6,LAYING,-0.1946689
4923,1,6,LAYING,-0.1968589
4924,1,6,LAYING,-0.197212
4925,1,6,LAYING,-0.1976291
4926,1,6,LAYING,-0.1966185
4927,1,6,LAYING,-0.1952805
4928,1,6,LAYING,-0.1946833
4929,1,6,LAYING,-0.1957767
4930,1,6,LAYING,-0.199267
4931,1,6,LAYING,-0.1988141
4932,1,6,LAYING,-0.1966692
4933,1,6,LAYING,-0.1960856
4934,1,6,LAYING,-0.195514
4935,1,6,LAYING,-0.1985687
4936,1,6,LAYING,-0.1998887
4937,1,6,LAYING,-0.1986025
4938,1,6,LAYING,-0.2005544
4939,1,6,LAYING,-0.2003426
4940,1,6,LAYING,-0.1989859
4941,1,6,LAYING,-0.1985224
4942,1,6,LAYING,-0.1956513
4943,1,6,LAYING,-0.1953619
4944,1,6,LAYING,-0.1973224
4945,1,6,LAYING,-0.1972542
4946,1,6,LAYING,-0.1972523
4947,1,6,LAYING,-0.1975971
4948,1,6,LAYING,-0.1988984
4949,1,6,LAYING,-0.1998023
4950,1,6,LAYING,-0.1956423
4951,1,6,LAYING,-0.1912884
4952,1,6,LAYING,-0.1935108
4953,1,6,LAYING,-0.1981793
4954,1,6,LAYING,-0.202083
4955,1,6,LAYING,-0.2057745
4956,1,6,LAYING,-0.2053613
4957,1,6,LAYING,-0.201464
4958,1,6,LAYING,-0.1992163
4959,1,6,LAYING,-0.1991678
4960,1,6,LAYING,-0.1988755
4961,1,6,LAYING,-0.1965467
4962,1,6,LAYING,-0.1964072
4963,1,6,LAYING,-0.1971643
4964,1,6,LAYING,-0.1939054
4965,1,6,LAYING,-0.193067
4966,1,6,LAYING,-0.1934719
4967,1,6,LAYING,-0.1929145
4968,1,6,LAYING,-0.1969363
4969,1,6,LAYING,-0.2015612
4970,1,6,LAYING,-0.2034933
4971,1,6,LAYING,-0.2013023
4972,1,6,LAYING,-0.1985049
4973,1,6,LAYING,-0.2004976
4974,1,6,LAYING,-0.200153
4975,1,6,LAYING,-0.1980981
4976,1,6,LAYING,-0.1971071
4977,1,6,LAYING,-0.1958154
4978,1,6,LAYING,-0.2002455
4979,1,6,LAYING,-0.2043447
4980,1,6,LAYING,-0.2006254
4981,1,6,LAYING,-0.1967085
4982,1,6,LAYING,-0.1962999
4983,1,6,LAYING,-0.1971836
4984,1,6,LAYING,-0.1999371
4985,1,6,LAYING,-0.2018734
4986,1,6,LAYING,-0.1974873
4987,1,6,LAYING,-0.1922946
4988,1,6,LAYING,-0.1926831
4989,1,6,LAYING,-0.1938246
4990,1,6,LAYING,-0.1952103
4991,1,6,LAYING,-0.1997575
4992,1,1,WALKING,1.387865
4993,1,1,WALKING,1.39283
4994,1,1,WALKING,1.129705
4995,1,1,WALKING,0.7203537
4996,1,1,WALKING,0.694602
4997,1,1,WALKING,0.926829
4998,1,1,WALKING,1.033021
4999,1,1,WALKING,1.019115
5000,1,1,WALKING,0.9588146
5001,1,1,WALKING,0.9395811
5002,1,1,WALKING,0.9478828
5003,1,1,WALKING,0.926902
5004,1,1,WALKING,0.9121456
5005,1,1,WALKING,0.9353896
5006,1,1,WALKING,0.9757412
5007,1,1,WALKING,0.9740135
5008,1,1,WALKING,0.9574558
5009,1,1,WALKING,0.9521128
5010,1,1,WALKING,0.9409201
5011,1,1,WALKING,0.9969166
5012,1,1,WALKING,1.072071
5013,1,1,WALKING,1.054904
5014,1,1,WALKING,1.028719
5015,1,1,WALKING,1.037632
5016,1,1,WALKING,1.030593
5017,1,1,WALKING,1.031123
5018,1,1,WALKING,1.039337
5019,1,1,WALKING,1.032277
5020,1,1,WALKING,1.039153
5021,1,1,WALKING,1.072697
5022,1,1,WALKING,1.139012
5023,1,1,WALKING,1.204334
5024,1,1,WALKING,1.187365
5025,1,1,WALKING,1.102055
5026,1,1,WALKING,0.9823413
5027,1,1,WALKING,0.8639636
5028,1,1,WALKING,0.8377552
5029,1,1,WALKING,0.864315
5030,1,1,WALKING,0.8644483
5031,1,1,WALKING,0.8928184
5032,1,1,WALKING,1.019499
5033,1,1,WALKING,1.170454
5034,1,1,WALKING,1.175984
5035,1,1,WALKING,1.127813
5036,1,1,WALKING,1.176439
5037,1,1,WALKING,1.143355
5038,1,1,WALKING,0.9844302
5039,1,1,WALKING,0.8746827
5040,1,1,WALKING,0.8669082
5041,1,1,WALKING,0.892344
5042,1,1,WALKING,0.8485411
5043,1,1,WALKING,0.8063632
5044,1,1,WALKING,0.7766625
5045,1,1,WALKING,0.7458184
5046,1,1,WALKING,0.8709132
5047,1,1,WALKING,0.9855923
5048,1,1,WALKING,0.9695726
5049,1,1,WALKING,0.9519391
5050,1,1,WALKING,0.9378329
5051,1,1,WALKING,1.026247
5052,1,1,WALKING,1.167304
5053,1,1,WALKING,1.233753
5054,1,1,WALKING,1.25757
5055,1,1,WALKING,1.288947
5056,1,1,WALKING,1.426164
5057,1,1,WALKING,1.496596
5058,1,1,WALKING,1.305815
5059,1,1,WALKING,0.9738244
5060,1,1,WALKING,0.6913776
5061,1,1,WALKING,0.6492949
5062,1,1,WALKING,0.8106172
5063,1,1,WALKING,0.9734472
5064,1,1,WALKING,1.040501
5065,1,1,WALKING,1.043094
5066,1,1,WALKING,1.016086
5067,1,1,WALKING,0.8536427
5068,1,1,WALKING,0.6200492
5069,1,1,WALKING,0.5921955
5070,1,1,WALKING,0.764442
5071,1,1,WALKING,0.8930882
5072,1,1,WALKING,0.954825
5073,1,1,WALKING,0.9965834
5074,1,1,WALKING,0.9591872
5075,1,1,WALKING,0.9362187
5076,1,1,WALKING,0.9660956
5077,1,1,WALKING,0.9836843
5078,1,1,WALKING,1.02707
5079,1,1,WALKING,1.07299
5080,1,1,WALKING,1.113724
5081,1,1,WALKING,1.20634
5082,1,1,WALKING,1.326766
5083,1,1,WALKING,1.383976
5084,1,1,WALKING,1.338608
5085,1,1,WALKING,1.196393
5086,1,1,WALKING,0.9511511
5087,1,1,WALKING,0.7868964
5088,1,1,WALKING,0.8559308
5089,1,1,WALKING,1.079928
5090,1,1,WALKING,1.397661
5091,1,1,WALKING,1.531087
5092,1,1,WALKING,1.325995
5093,1,1,WALKING,1.111877
5094,1,1,WALKING,0.9403184
5095,1,1,WALKING,0.7874425
5096,1,1,WALKING,0.8005
5097,1,1,WALKING,0.7746061
5098,1,1,WALKING,0.6855571
5099,1,1,WALKING,0.6757468
5100,1,1,WALKING,0.6084948
5101,1,1,WALKING,0.5200255
5102,1,1,WALKING,0.5084297
5103,1,1,WALKING,0.5794683
5104,1,1,WALKING,0.7328944
5105,1,1,WALKING,0.9133838
5106,1,1,WALKING,1.105895
5107,1,1,WALKING,1.246056
5108,1,1,WALKING,1.337964
5109,1,1,WALKING,1.376512
5110,1,1,WALKING,1.331481
5111,1,1,WALKING,1.347578
5112,1,1,WALKING,1.401607
5113,1,1,WALKING,1.407725
5114,1,1,WALKING,1.272945
5115,1,1,WALKING,0.8764992
5116,1,1,WALKING,0.5792235
5117,1,1,WALKING,0.7130404
5118,1,1,WALKING,0.990639
5119,1,1,WALKING,1.094669
5120,1,1,WALKING,1.016552
5121,1,1,WALKING,0.8485091
5122,1,1,WALKING,0.7518578
5123,1,1,WALKING,0.7364702
5124,1,1,WALKING,0.6958857
5125,1,1,WALKING,0.7869642
5126,1,1,WALKING,0.9654996
5127,1,1,WALKING,1.000556
5128,1,1,WALKING,0.9389306
5129,1,1,WALKING,0.8756684
5130,1,1,WALKING,0.9091745
5131,1,1,WALKING,0.9460272
5132,1,1,WALKING,0.930034
5133,1,1,WALKING,0.9999721
5134,1,1,WALKING,1.069878
5135,1,1,WALKING,1.15435
5136,1,1,WALKING,1.221505
5137,1,1,WALKING,1.204654
5138,1,1,WALKING,1.288103
5139,1,1,WALKING,1.359225
5140,1,1,WALKING,1.276283
5141,1,1,WALKING,1.076126
5142,1,1,WALKING,0.8669211
5143,1,1,WALKING,0.9587646
5144,1,1,WALKING,1.263684
5145,1,1,WALKING,1.464505
5146,1,1,WALKING,1.493945
5147,1,1,WALKING,1.292912
5148,1,1,WALKING,1.047295
5149,1,1,WALKING,0.9645337
5150,1,1,WALKING,0.9006208
5151,1,1,WALKING,0.7600779
5152,1,1,WALKING,0.6398192
5153,1,1,WALKING,0.6877372
5154,1,1,WALKING,0.7426131
5155,1,1,WALKING,0.6773995
5156,1,1,WALKING,0.7175411
5157,1,1,WALKING,0.7382082
5158,1,1,WALKING,0.7372405
5159,1,1,WALKING,0.8667196
5160,1,1,WALKING,0.9183915
5161,1,1,WALKING,1.001048
5162,1,1,WALKING,1.163369
5163,1,1,WALKING,1.282451
5164,1,1,WALKING,1.357326
5165,1,1,WALKING,1.253604
5166,1,1,WALKING,1.196838
5167,1,1,WALKING,1.349116
5168,1,1,WALKING,1.427974
5169,1,1,WALKING,1.286065
5170,1,1,WALKING,0.9750182
5171,1,1,WALKING,0.7788726
5172,1,1,WALKING,0.8748163
5173,1,1,WALKING,1.029084
5174,1,1,WALKING,1.053002
5175,1,1,WALKING,1.018508
5176,1,1,WALKING,0.9389663
5177,1,1,WALKING,0.8297883
5178,1,1,WALKING,0.8263407
5179,1,1,WALKING,0.7609493
5180,1,1,WALKING,0.6148995
5181,1,1,WALKING,0.6900082
5182,1,1,WALKING,0.8628564
5183,1,1,WALKING,0.966143
5184,1,1,WALKING,0.9882246
5185,1,1,WALKING,0.9108504
5186,1,1,WALKING,0.9076175
5187,1,1,WALKING,0.9674527
5188,1,1,WALKING,0.9931327
5189,1,1,WALKING,1.036999
5190,1,1,WALKING,1.04868
5191,1,1,WALKING,1.074344
5192,1,1,WALKING,1.216287
5193,1,1,WALKING,1.376868
5194,1,1,WALKING,1.39487
5195,1,1,WALKING,1.274773
5196,1,1,WALKING,1.155721
5197,1,1,WALKING,1.017681
5198,1,1,WALKING,0.9436047
5199,1,1,WALKING,1.065832
5200,1,1,WALKING,1.223122
5201,1,1,WALKING,1.393656
5202,1,1,WALKING,1.453646
5203,1,1,WALKING,1.261641
5204,1,1,WALKING,1.077507
5205,1,1,WALKING,0.9101534
5206,1,1,WALKING,0.7679288
5207,1,1,WALKING,0.7598749
5208,1,1,WALKING,0.7171687
5209,1,1,WALKING,0.6652632
5210,1,1,WALKING,0.630755
5211,1,1,WALKING,0.5814143
5212,1,1,WALKING,0.6077832
5213,1,1,WALKING,0.6819597
5214,1,1,WALKING,0.8203052
5215,1,1,WALKING,0.9563517
5216,1,1,WALKING,0.9978213
5217,1,1,WALKING,1.070344
5218,1,1,WALKING,1.24257
5219,1,1,WALKING,1.452904
5220,1,1,WALKING,1.528028
5221,1,1,WALKING,1.47954
5222,1,1,WALKING,1.513038
5223,1,1,WALKING,1.460993
5224,1,1,WALKING,1.099408
5225,1,1,WALKING,0.683668
5226,1,1,WALKING,0.6776228
5227,1,1,WALKING,1.00261
5228,1,1,WALKING,1.104948
5229,1,1,WALKING,0.9880206
5230,1,1,WALKING,0.9259822
5231,1,1,WALKING,0.8857326
5232,1,1,WALKING,0.7819057
5233,1,1,WALKING,0.6067965
5234,1,1,WALKING,0.628278
5235,1,1,WALKING,0.8195682
5236,1,1,WALKING,0.9491415
5237,1,1,WALKING,1.086451
5238,1,1,WALKING,1.011428
5239,1,1,WALKING,0.8451921
5240,1,1,WALKING,0.8843438
5241,1,1,WALKING,0.897613
5242,1,1,WALKING,0.9629572
5243,1,1,WALKING,1.029785
5244,1,1,WALKING,0.9813777
5245,1,1,WALKING,1.043024
5246,1,1,WALKING,1.08116
5247,1,1,WALKING,1.107853
5248,1,1,WALKING,1.223435
5249,1,1,WALKING,1.270435
5250,1,1,WALKING,1.261887
5251,1,1,WALKING,1.162313
5252,1,1,WALKING,1.03519
5253,1,1,WALKING,1.076945
5254,1,1,WALKING,1.24991
5255,1,1,WALKING,1.40095
5256,1,1,WALKING,1.384228
5257,1,1,WALKING,1.198223
5258,1,1,WALKING,0.995021
5259,1,1,WALKING,0.9015916
5260,1,1,WALKING,0.9013345
5261,1,1,WALKING,0.8754379
5262,1,1,WALKING,0.7928636
5263,1,1,WALKING,0.6954148
5264,1,1,WALKING,0.6098924
5265,1,1,WALKING,0.5870093
5266,1,1,WALKING,0.6351918
5267,1,1,WALKING,0.6857693
5268,1,1,WALKING,0.735412
5269,1,1,WALKING,0.7813207
5270,1,1,WALKING,0.8229514
5271,1,1,WALKING,0.9705836
5272,1,1,WALKING,1.213052
5273,1,1,WALKING,1.430871
5274,1,1,WALKING,1.516583
5275,1,1,WALKING,1.432665
5276,1,1,WALKING,1.386131
5277,1,1,WALKING,1.450816
5278,1,1,WALKING,1.396772
5279,1,1,WALKING,1.090411
5280,1,1,WALKING,0.6658573
5281,1,1,WALKING,0.5714407
5282,1,1,WALKING,0.9210744
5283,1,1,WALKING,1.142666
5284,1,1,WALKING,1.051402
5285,1,1,WALKING,0.9260214
5286,1,1,WALKING,0.8218086
5287,1,1,WALKING,0.7867982
5288,1,1,WALKING,0.7705204
5289,1,1,WALKING,0.7060631
5290,1,1,WALKING,0.7965373
5291,1,1,WALKING,0.9753789
5292,1,1,WALKING,1.001678
5293,1,1,WALKING,0.9715758
5294,1,1,WALKING,0.9330839
5295,1,1,WALKING,0.8441407
5296,1,1,WALKING,0.8426319
5297,1,1,WALKING,0.8862085
5298,1,1,WALKING,0.9118555
5299,1,1,WALKING,1.058386
5300,1,1,WALKING,1.217783
5301,1,1,WALKING,1.241245
5302,1,1,WALKING,1.209925
5303,1,1,WALKING,1.206247
5304,1,1,WALKING,1.25511
5305,1,1,WALKING,1.262712
5306,1,1,WALKING,1.128799
5307,1,1,WALKING,0.9296299
5308,1,1,WALKING,0.8921931
5309,1,1,WALKING,1.138296
5310,1,1,WALKING,1.441753
5311,1,1,WALKING,1.533829
5312,1,1,WALKING,1.389148
5313,1,1,WALKING,1.108835
5314,1,1,WALKING,0.8367131
5315,1,1,WALKING,0.7527058
5316,1,1,WALKING,0.7897604
5317,1,1,WALKING,0.6967889
5318,1,1,WALKING,0.6300677
5319,1,1,WALKING,0.6609566
5320,1,1,WALKING,0.6027336
5321,1,1,WALKING,0.6126664
5322,1,1,WALKING,0.6679729
5323,1,1,WALKING,0.7171463
5324,1,1,WALKING,0.8459372
5325,1,1,WALKING,0.9114597
5326,1,1,WALKING,1.054307
5327,1,1,WALKING,1.316139
5328,1,1,WALKING,1.490814
5329,1,1,WALKING,1.52327
5330,1,1,WALKING,1.354516
5331,1,1,WALKING,1.225814
5332,1,1,WALKING,1.280609
5333,1,1,WALKING,1.248986
5334,1,1,WALKING,1.045444
5335,1,1,WALKING,0.8885086
5336,1,1,WALKING,0.9441241
5337,1,1,WALKING,0.9894093
5338,1,1,WALKING,0.924865
5339,1,1,WALKING,0.9234247
5340,1,1,WALKING,0.8973608
5341,1,1,WALKING,0.8530549
5342,1,1,WALKING,0.8434508
5343,1,1,WALKING,0.7262411
5344,1,1,WALKING,0.6539452
5345,1,1,WALKING,0.7921455
5346,1,1,WALKING,0.9461344
5347,1,1,WALKING,0.9722267
5348,1,1,WALKING,0.902626
5349,1,1,WALKING,0.8418464
5350,1,1,WALKING,0.8667836
5351,1,1,WALKING,0.9492376
5352,1,1,WALKING,1.072646
5353,1,1,WALKING,1.173908
5354,1,1,WALKING,1.203076
5355,1,1,WALKING,1.229151
5356,1,1,WALKING,1.242123
5357,1,1,WALKING,1.228248
5358,1,1,WALKING,1.228657
5359,1,1,WALKING,1.207391
5360,1,1,WALKING,1.171385
5361,1,1,WALKING,1.149793
5362,1,1,WALKING,1.122603
5363,1,1,WALKING,1.143909
5364,1,1,WALKING,1.252495
5365,1,1,WALKING,1.339514
5366,1,1,WALKING,1.271933
5367,1,1,WALKING,1.044966
5368,1,1,WALKING,0.8194272
5369,1,1,WALKING,0.7778016
5370,1,1,WALKING,0.8036508
5371,1,1,WALKING,0.6907158
5372,1,1,WALKING,0.6229778
5373,1,1,WALKING,0.6703234
5374,1,1,WALKING,0.6470397
5375,1,1,WALKING,0.667284
5376,1,1,WALKING,0.7302707
5377,1,1,WALKING,0.7447096
5378,1,1,WALKING,0.8122961
5379,1,1,WALKING,0.8629073
5380,1,1,WALKING,0.9589066
5381,1,1,WALKING,1.210014
5382,1,1,WALKING,1.480297
5383,1,1,WALKING,1.590203
5384,1,1,WALKING,1.430019
5385,1,1,WALKING,1.312833
5386,1,1,WALKING,1.384402
5387,1,1,WALKING,1.276338
5388,1,1,WALKING,0.9906831
5389,1,1,WALKING,0.8196411
5390,1,1,WALKING,0.9026479
5391,1,1,WALKING,1.062744
5392,1,1,WALKING,1.043682
5393,1,1,WALKING,0.9285105
5394,1,1,WALKING,0.7793763
5395,1,1,WALKING,0.7179202
5396,1,1,WALKING,0.7887219
5397,1,1,WALKING,0.7507897
5398,1,1,WALKING,0.7604902
5399,1,1,WALKING,0.9008422
5400,1,1,WALKING,0.9736352
5401,1,1,WALKING,0.9907573
5402,1,1,WALKING,0.9233421
5403,1,1,WALKING,0.9023284
5404,1,1,WALKING,0.9628458
5405,1,1,WALKING,0.9774751
5406,1,1,WALKING,1.024427
5407,1,1,WALKING,1.019275
5408,1,1,WALKING,1.030851
5409,1,1,WALKING,1.136975
5410,1,1,WALKING,1.171924
5411,1,1,WALKING,1.20993
5412,1,1,WALKING,1.258377
5413,1,1,WALKING,1.255813
5414,1,1,WALKING,1.144744
5415,1,1,WALKING,0.9359311
5416,1,1,WALKING,0.9312092
5417,1,1,WALKING,1.169354
5418,1,1,WALKING,1.454129
5419,1,1,WALKING,1.561948
5420,1,1,WALKING,1.34899
5421,1,1,WALKING,1.086511
5422,1,1,WALKING,0.9344586
5423,1,1,WALKING,0.8350158
5424,1,1,WALKING,0.7890537
5425,1,1,WALKING,0.7048452
5426,1,1,WALKING,0.637845
5427,1,1,WALKING,0.6470164
5428,1,1,WALKING,0.6409587
5429,1,1,WALKING,0.6558578
5430,1,1,WALKING,0.6761404
5431,1,1,WALKING,0.7203222
5432,1,1,WALKING,0.8323295
5433,1,1,WALKING,0.8830969
5434,1,1,WALKING,0.9788741
5435,1,1,WALKING,1.212286
5436,1,1,WALKING,1.391948
5437,1,1,WALKING,1.458939
5438,1,1,WALKING,1.427385
5439,1,1,WALKING,1.40436
5440,1,1,WALKING,1.457977
5441,1,1,WALKING,1.411646
5442,1,1,WALKING,1.177932
5443,1,1,WALKING,0.7901393
5444,1,1,WALKING,0.5713827
5445,1,1,WALKING,0.7727153
5446,1,1,WALKING,1.014525
5447,1,1,WALKING,1.114116
5448,1,1,WALKING,1.065798
5449,1,1,WALKING,0.8444516
5450,1,1,WALKING,0.8097476
5451,1,1,WALKING,0.8477197
5452,1,1,WALKING,0.7474753
5453,1,1,WALKING,0.7711448
5454,1,1,WALKING,0.8527977
5455,1,1,WALKING,0.9499976
5456,1,1,WALKING,1.005196
5457,1,1,WALKING,0.9094112
5458,1,1,WALKING,0.9036261
5459,1,1,WALKING,0.9643494
5460,1,1,WALKING,1.010049
5461,1,1,WALKING,1.04217
5462,1,1,WALKING,0.9969543
5463,1,1,WALKING,1.002318
5464,1,1,WALKING,1.034079
5465,1,1,WALKING,1.080558
5466,1,1,WALKING,1.163223
5467,1,1,WALKING,1.17636
5468,1,1,WALKING,1.205133
5469,1,1,WALKING,1.240025
5470,1,1,WALKING,1.177969
5471,1,1,WALKING,1.052163
5472,1,1,WALKING,0.940872
5473,1,1,WALKING,0.9712309
5474,1,1,WALKING,1.17919
5475,1,1,WALKING,1.438008
5476,1,1,WALKING,1.495319
5477,1,1,WALKING,1.275332
5478,1,1,WALKING,1.034752
5479,1,1,WALKING,0.9032712
5480,1,1,WALKING,0.8407954
5481,1,1,WALKING,0.8294061
5482,1,1,WALKING,0.7867704
5483,1,1,WALKING,0.7211886
5484,1,1,WALKING,0.7099895
5485,1,1,WALKING,0.6926033
5486,1,1,WALKING,0.6620138
5487,1,1,WALKING,0.7105082
5488,1,1,WALKING,0.8119407
5489,1,1,WALKING,0.8883817
5490,1,1,WALKING,0.9226172
5491,1,1,WALKING,0.9670275
5492,1,1,WALKING,1.124005
5493,1,1,WALKING,1.330951
5494,1,1,WALKING,1.391111
5495,1,1,WALKING,1.353094
5496,1,1,WALKING,1.410427
5497,1,1,WALKING,1.489099
5498,1,1,WALKING,1.367724
5499,1,1,WALKING,0.9989287
5500,1,1,WALKING,0.5798994
5501,1,1,WALKING,0.5296504
5502,1,1,WALKING,0.911064
5503,1,1,WALKING,1.165218
5504,1,1,WALKING,1.046428
5505,1,1,WALKING,1.051911
5506,1,1,WALKING,1.079723
5507,1,1,WALKING,1.152605
5508,1,1,WALKING,1.243663
5509,1,1,WALKING,1.347546
5510,1,1,WALKING,1.394581
5511,1,1,WALKING,1.248929
5512,1,1,WALKING,0.9732859
5513,1,1,WALKING,0.7817574
5514,1,1,WALKING,0.7270543
5515,1,1,WALKING,0.7546594
5516,1,1,WALKING,0.8325826
5517,1,1,WALKING,0.9480457
5518,1,1,WALKING,1.032911
5519,1,1,WALKING,0.9912072
5520,1,1,WALKING,0.9079891
5521,1,1,WALKING,0.8578734
5522,1,1,WALKING,0.8366429
5523,1,1,WALKING,0.8950204
5524,1,1,WALKING,0.9397383
5525,1,1,WALKING,0.9308366
5526,1,1,WALKING,0.9163843
5527,1,1,WALKING,0.8705698
5528,1,1,WALKING,0.881286
5529,1,1,WALKING,0.9351144
5530,1,1,WALKING,0.9673257
5531,1,1,WALKING,0.9931472
5532,1,1,WALKING,0.9493531
5533,1,1,WALKING,0.9271737
5534,1,1,WALKING,0.9933493
5535,1,1,WALKING,1.055866
5536,1,1,WALKING,1.095989
5537,1,1,WALKING,1.107443
5538,1,1,WALKING,1.152385
5539,1,1,WALKING,1.22848
5540,1,1,WALKING,1.237215
5541,1,1,WALKING,1.19681
5542,1,1,WALKING,1.115233
5543,1,1,WALKING,1.006104
5544,1,1,WALKING,0.9471028
5545,1,1,WALKING,0.9711693
5546,1,1,WALKING,1.035426
5547,1,1,WALKING,1.15531
5548,1,1,WALKING,1.33026
5549,1,1,WALKING,1.329908
5550,1,1,WALKING,1.195115
5551,1,1,WALKING,1.120618
5552,1,1,WALKING,0.9631628
5553,1,1,WALKING,0.8485241
5554,1,1,WALKING,0.8600969
5555,1,1,WALKING,0.7640126
5556,1,1,WALKING,0.694406
5557,1,1,WALKING,0.7075229
5558,1,1,WALKING,0.6997807
5559,1,1,WALKING,0.7366367
5560,1,1,WALKING,0.7845247
5561,1,1,WALKING,0.835629
5562,1,1,WALKING,0.877705
5563,1,1,WALKING,0.9154782
5564,1,1,WALKING,0.9941464
5565,1,1,WALKING,1.080815
5566,1,1,WALKING,1.216663
5567,1,1,WALKING,1.302711
5568,1,1,WALKING,1.266584
5569,1,1,WALKING,1.278847
5570,1,1,WALKING,1.337368
5571,1,1,WALKING,1.349843
5572,1,1,WALKING,1.268118
5573,1,1,WALKING,1.015575
5574,1,1,WALKING,0.7573091
5575,1,1,WALKING,0.7824455
5576,1,1,WALKING,0.9521903
5577,1,1,WALKING,1.007754
5578,1,1,WALKING,1.026195
5579,1,1,WALKING,0.991496
5580,1,1,WALKING,0.8963329
5581,1,1,WALKING,0.8074926
5582,1,1,WALKING,0.6583188
5583,1,1,WALKING,0.6682955
5584,1,1,WALKING,0.8564691
5585,1,1,WALKING,0.9727067
5586,1,1,WALKING,1.068232
5587,1,1,WALKING,1.011505
5588,1,1,WALKING,0.8879389
5589,1,1,WALKING,0.9451841
5590,1,1,WALKING,0.9580444
5591,1,1,WALKING,0.973824
5592,1,1,WALKING,1.021588
5593,1,1,WALKING,0.9675918
5594,1,1,WALKING,0.9919049
5595,1,1,WALKING,1.054196
5596,1,1,WALKING,1.167839
5597,1,1,WALKING,1.349729
5598,1,1,WALKING,1.364404
5599,1,1,WALKING,1.289677
5600,1,1,WALKING,1.165324
5601,1,1,WALKING,0.953431
5602,1,1,WALKING,0.8625931
5603,1,1,WALKING,0.9705055
5604,1,1,WALKING,1.153108
5605,1,1,WALKING,1.319574
5606,1,1,WALKING,1.426337
5607,1,1,WALKING,1.361794
5608,1,1,WALKING,1.168421
5609,1,1,WALKING,0.9912659
5610,1,1,WALKING,0.8680718
5611,1,1,WALKING,0.8278863
5612,1,1,WALKING,0.7746005
5613,1,1,WALKING,0.7286536
5614,1,1,WALKING,0.7189906
5615,1,1,WALKING,0.6550404
5616,1,1,WALKING,0.6491117
5617,1,1,WALKING,0.6515908
5618,1,1,WALKING,0.6713886
5619,1,1,WALKING,0.7866625
5620,1,1,WALKING,0.8616515
5621,1,1,WALKING,0.9974116
5622,1,1,WALKING,1.188254
5623,1,1,WALKING,1.348145
5624,1,1,WALKING,1.44589
5625,1,1,WALKING,1.373154
5626,1,1,WALKING,1.352998
5627,1,1,WALKING,1.426871
5628,1,1,WALKING,1.390043
5629,1,1,WALKING,1.182668
5630,1,1,WALKING,0.8042369
5631,1,1,WALKING,0.6220394
5632,1,1,WALKING,0.7885076
5633,1,1,WALKING,0.9721862
5634,1,1,WALKING,1.074926
5635,1,1,WALKING,0.9980553
5636,1,1,WALKING,0.7794243
5637,1,1,WALKING,0.7587948
5638,1,1,WALKING,0.773166
5639,1,1,WALKING,0.6961624
5640,1,1,WALKING,0.7876721
5641,1,1,WALKING,0.8934067
5642,1,1,WALKING,0.9455929
5643,1,1,WALKING,0.9934061
5644,1,1,WALKING,0.9347106
5645,1,1,WALKING,0.9456873
5646,1,1,WALKING,0.9846671
5647,1,1,WALKING,0.9743561
5648,1,1,WALKING,1.008013
5649,1,1,WALKING,1.014918
5650,1,1,WALKING,1.097711
5651,1,1,WALKING,1.210892
5652,1,1,WALKING,1.226754
5653,1,1,WALKING,1.241697
5654,1,1,WALKING,1.22914
5655,1,1,WALKING,1.151233
5656,1,1,WALKING,1.003731
5657,1,1,WALKING,0.9340361
5658,1,1,WALKING,1.065718
5659,1,1,WALKING,1.264038
5660,1,1,WALKING,1.504351
5661,1,1,WALKING,1.591402
5662,1,1,WALKING,1.325685
5663,1,1,WALKING,1.031859
5664,1,1,WALKING,0.9368965
5665,1,1,WALKING,0.837293
5666,1,1,WALKING,0.6473066
5667,1,1,WALKING,0.6221252
5668,1,1,WALKING,0.7101281
5669,1,1,WALKING,0.6431748
5670,1,1,WALKING,0.634139
5671,1,1,WALKING,0.6895447
5672,1,1,WALKING,0.6334526
5673,1,1,WALKING,0.677556
5674,1,1,WALKING,0.7830413
5675,1,1,WALKING,0.881151
5676,1,1,WALKING,1.009432
5677,1,1,WALKING,1.111916
5678,1,1,WALKING,1.29754
5679,1,1,WALKING,1.377849
5680,1,1,WALKING,1.302502
5681,1,1,WALKING,1.336233
5682,1,1,WALKING,1.36602
5683,1,1,WALKING,1.38634
5684,1,1,WALKING,1.358186
5685,1,1,WALKING,1.089165
5686,1,1,WALKING,0.7939928
5687,1,1,WALKING,0.7607772
5688,1,1,WALKING,0.9552728
5689,1,1,WALKING,1.046963
5690,1,1,WALKING,0.9499143
5691,1,1,WALKING,0.8800756
5692,1,1,WALKING,0.8372257
5693,1,1,WALKING,0.7763458
5694,1,1,WALKING,0.7279638
5695,1,1,WALKING,0.7630382
5696,1,1,WALKING,0.8750768
5697,1,1,WALKING,0.9458152
5698,1,1,WALKING,0.9556144
5699,1,1,WALKING,0.9010797
5700,1,1,WALKING,0.8822318
5701,1,1,WALKING,0.9663663
5702,1,1,WALKING,1.032332
5703,1,1,WALKING,1.033691
5704,1,1,WALKING,0.9816906
5705,1,1,WALKING,0.9730752
5706,1,1,WALKING,1.087743
5707,1,1,WALKING,1.256415
5708,1,1,WALKING,1.347867
5709,1,1,WALKING,1.288865
5710,1,1,WALKING,1.233847
5711,1,1,WALKING,1.165327
5712,1,1,WALKING,0.9823903
5713,1,1,WALKING,0.9292415
5714,1,1,WALKING,1.072222
5715,1,1,WALKING,1.275771
5716,1,1,WALKING,1.431772
5717,1,1,WALKING,1.379378
5718,1,1,WALKING,1.160662
5719,1,1,WALKING,0.918354
5720,1,1,WALKING,0.7726716
5721,1,1,WALKING,0.7520545
5722,1,1,WALKING,0.7047432
5723,1,1,WALKING,0.6752424
5724,1,1,WALKING,0.7019043
5725,1,1,WALKING,0.6509814
5726,1,1,WALKING,0.6294431
5727,1,1,WALKING,0.6782582
5728,1,1,WALKING,0.7221923
5729,1,1,WALKING,0.7933078
5730,1,1,WALKING,0.8115097
5731,1,1,WALKING,0.844371
5732,1,1,WALKING,1.035928
5733,1,1,WALKING,1.307597
5734,1,1,WALKING,1.507503
5735,1,1,WALKING,1.497436
5736,1,1,WALKING,1.433352
5737,1,1,WALKING,1.470811
5738,1,1,WALKING,1.428639
5739,1,1,WALKING,1.207138
5740,1,1,WALKING,0.8043262
5741,1,1,WALKING,0.5611522
5742,1,1,WALKING,0.8704659
5743,1,1,WALKING,1.200349
5744,1,1,WALKING,1.13028
5745,1,1,WALKING,1.021286
5746,1,1,WALKING,0.8932733
5747,1,1,WALKING,0.7171599
5748,1,1,WALKING,0.6881649
5749,1,1,WALKING,0.6854823
5750,1,1,WALKING,0.7283623
5751,1,1,WALKING,0.8903895
5752,1,1,WALKING,0.9884487
5753,1,1,WALKING,0.964931
5754,1,1,WALKING,0.8760143
5755,1,1,WALKING,0.8363401
5756,1,1,WALKING,0.8979033
5757,1,1,WALKING,0.9865756
5758,1,1,WALKING,1.06784
5759,1,1,WALKING,1.111808
5760,1,1,WALKING,1.156162
5761,1,1,WALKING,1.223084
5762,1,1,WALKING,1.261563
5763,1,1,WALKING,1.2549
5764,1,1,WALKING,1.203835
5765,1,1,WALKING,1.116497
5766,1,1,WALKING,0.983597
5767,1,1,WALKING,0.960643
5768,1,1,WALKING,1.196981
5769,1,1,WALKING,1.49925
5770,1,1,WALKING,1.572386
5771,1,1,WALKING,1.305242
5772,1,1,WALKING,0.9819856
5773,1,1,WALKING,0.8820783
5774,1,1,WALKING,0.8189855
5775,1,1,WALKING,0.6936829
5776,1,1,WALKING,0.6832383
5777,1,1,WALKING,0.7130701
5778,1,1,WALKING,0.6269237
5779,1,1,WALKING,0.621682
5780,1,1,WALKING,0.6811864
5781,1,1,WALKING,0.6335633
5782,1,1,WALKING,0.7065046
5783,1,1,WALKING,0.8332821
5784,1,1,WALKING,0.8757982
5785,1,1,WALKING,0.9695467
5786,1,1,WALKING,1.042456
5787,1,1,WALKING,1.204883
5788,1,1,WALKING,1.443807
5789,1,1,WALKING,1.495755
5790,1,1,WALKING,1.426888
5791,1,1,WALKING,1.384535
5792,1,1,WALKING,1.355927
5793,1,1,WALKING,1.078533
5794,1,1,WALKING,0.668823
5795,1,1,WALKING,0.6826941
5796,1,1,WALKING,0.9798097
5797,1,1,WALKING,1.104297
5798,1,1,WALKING,1.032588
5799,1,1,WALKING,0.9194406
5800,1,1,WALKING,0.8375763
5801,1,1,WALKING,0.7268688
5802,1,1,WALKING,0.6309889
5803,1,1,WALKING,0.6533817
5804,1,1,WALKING,0.800696
5805,1,1,WALKING,1.016794
5806,1,1,WALKING,1.073401
5807,1,1,WALKING,0.9124524
5808,1,1,WALKING,0.8303734
5809,1,1,WALKING,0.8915939
5810,1,1,WALKING,0.9326138
5811,1,1,WALKING,0.993388
5812,1,1,WALKING,1.103957
5813,1,1,WALKING,1.113406
5814,1,1,WALKING,1.073209
5815,1,1,WALKING,1.170389
5816,1,1,WALKING,1.293724
5817,1,1,WALKING,1.339095
5818,1,1,WALKING,1.297989
5819,1,1,WALKING,1.107339
5820,1,1,WALKING,0.9457561
5821,1,1,WALKING,0.9572801
5822,1,1,WALKING,1.095027
5823,1,1,WALKING,1.318216
5824,1,1,WALKING,1.474811
5825,1,1,WALKING,1.405167
5826,1,1,WALKING,1.167945
5827,1,1,WALKING,0.9772501
5828,1,1,WALKING,0.8358183
5829,1,1,WALKING,0.7022045
5830,1,1,WALKING,0.6496027
5831,1,1,WALKING,0.5951843
5832,1,1,WALKING,0.5650768
5833,1,1,WALKING,0.5840705
5834,1,1,WALKING,0.5841889
5835,1,1,WALKING,0.6429371
5836,1,1,WALKING,0.7770325
5837,1,1,WALKING,0.9130399
5838,1,1,WALKING,0.9801907
5839,1,1,WALKING,1.111846
5840,1,1,WALKING,1.372928
5841,1,1,WALKING,1.488635
5842,1,1,WALKING,1.441683
5843,1,1,WALKING,1.411078
5844,1,1,WALKING,1.397514
5845,1,1,WALKING,1.311042
5846,1,1,WALKING,1.064885
5847,1,1,WALKING,0.7931324
5848,1,1,WALKING,0.7677175
5849,1,1,WALKING,0.9312388
5850,1,1,WALKING,0.9817497
5851,1,1,WALKING,0.9413463
5852,1,1,WALKING,0.9469674
5853,1,1,WALKING,0.9236761
5854,1,1,WALKING,0.8221516
5855,1,1,WALKING,0.6706364
5856,1,1,WALKING,0.6332657
5857,1,1,WALKING,0.750946
5858,1,1,WALKING,0.8755767
5859,1,1,WALKING,0.9813186
5860,1,1,WALKING,0.9595615
5861,1,1,WALKING,0.8773418
5862,1,1,WALKING,0.9071835
5863,1,1,WALKING,0.9066574
5864,1,1,WALKING,0.9280247
5865,1,1,WALKING,1.016639
5866,1,1,WALKING,1.045444
5867,1,1,WALKING,1.124715
5868,1,1,WALKING,1.213218
5869,1,1,WALKING,1.231494
5870,1,1,WALKING,1.277799
5871,1,1,WALKING,1.288699
5872,1,1,WALKING,1.185379
5873,1,1,WALKING,1.018209
5874,1,1,WALKING,0.968453
5875,1,1,WALKING,1.147958
5876,1,1,WALKING,1.382382
5877,1,1,WALKING,1.455621
5878,1,1,WALKING,1.30127
5879,1,1,WALKING,1.097726
5880,1,1,WALKING,0.9661528
5881,1,1,WALKING,0.7922865
5882,1,1,WALKING,0.6963793
5883,1,1,WALKING,0.7374823
5884,1,1,WALKING,0.6786015
5885,1,1,WALKING,0.5983463
5886,1,1,WALKING,0.630065
5887,1,1,WALKING,0.6387629
5888,1,1,WALKING,0.669881
5889,1,1,WALKING,0.7747305
5890,1,1,WALKING,0.8303419
5891,1,1,WALKING,0.8832011
5892,1,1,WALKING,1.047653
5893,1,1,WALKING,1.30451
5894,1,1,WALKING,1.463347
5895,1,1,WALKING,1.364154
5896,1,1,WALKING,1.268409
5897,1,1,WALKING,1.357936
5898,1,1,WALKING,1.421915
5899,1,1,WALKING,1.407569
5900,1,1,WALKING,1.167776
5901,1,1,WALKING,0.7444455
5902,1,1,WALKING,0.7511101
5903,1,1,WALKING,1.054614
5904,1,1,WALKING,1.11135
5905,1,1,WALKING,1.014112
5906,1,1,WALKING,0.8566832
5907,1,1,WALKING,0.7655969
5908,1,1,WALKING,0.735542
5909,1,1,WALKING,0.6517973
5910,1,1,WALKING,0.7317349
5911,1,1,WALKING,0.8596023
5912,1,1,WALKING,0.9427217
5913,1,1,WALKING,1.025819
5914,1,1,WALKING,0.9581499
5915,1,1,WALKING,0.9319501
5916,1,1,WALKING,0.9472132
5917,1,1,WALKING,0.9319184
5918,1,1,WALKING,1.028091
5919,1,1,WALKING,1.080074
5920,1,1,WALKING,1.140331
5921,1,1,WALKING,1.239943
5922,1,1,WALKING,1.231053
5923,1,1,WALKING,1.229731
5924,1,1,WALKING,1.200635
5925,1,1,WALKING,1.097057
5926,1,1,WALKING,0.9821025
5927,1,1,WALKING,0.8877547
5928,1,1,WALKING,0.9637392
5929,1,1,WALKING,1.208531
5930,1,1,WALKING,1.496449
5931,1,1,WALKING,1.633125
5932,1,1,WALKING,1.410575
5933,1,1,WALKING,1.055485
5934,1,1,WALKING,0.8192671
5935,1,1,WALKING,0.670685
5936,1,1,WALKING,0.6664066
5937,1,1,WALKING,0.6978337
5938,1,1,WALKING,0.6603414
5939,1,1,WALKING,0.6706936
5940,1,1,WALKING,0.6519893
5941,1,1,WALKING,0.629405
5942,1,1,WALKING,0.6993365
5943,1,1,WALKING,0.7887301
5944,1,1,WALKING,0.8990946
5945,1,1,WALKING,0.9939228
5946,1,1,WALKING,1.123579
5947,1,1,WALKING,1.286538
5948,1,1,WALKING,1.38275
5949,1,1,WALKING,1.51125
5950,1,1,WALKING,1.529189
5951,1,1,WALKING,1.415639
5952,1,1,WALKING,1.396593
5953,1,1,WALKING,1.232938
5954,1,1,WALKING,0.9153976
5955,1,1,WALKING,0.7609417
5956,1,1,WALKING,0.8560712
5957,1,1,WALKING,1.124347
5958,1,1,WALKING,1.163099
5959,1,1,WALKING,0.9598878
5960,1,1,WALKING,0.8164868
5961,1,1,WALKING,0.690429
5962,1,1,WALKING,0.6714643
5963,1,1,WALKING,0.680778
5964,1,1,WALKING,0.7596066
5965,1,1,WALKING,1.020845
5966,1,1,WALKING,1.059747
5967,1,1,WALKING,0.9473383
5968,1,1,WALKING,0.8853764
5969,1,1,WALKING,0.8471211
5970,1,1,WALKING,0.9411715
5971,1,1,WALKING,1.007887
5972,1,1,WALKING,1.021132
5973,1,1,WALKING,1.040312
5974,1,1,WALKING,1.075746
5975,1,1,WALKING,1.159859
5976,1,1,WALKING,1.184819
5977,1,1,WALKING,1.262134
5978,1,1,WALKING,1.343702
5979,1,1,WALKING,1.249297
5980,1,1,WALKING,1.104177
5981,1,1,WALKING,1.006357
5982,1,1,WALKING,1.006443
5983,1,1,WALKING,1.086358
5984,1,1,WALKING,1.259833
5985,1,1,WALKING,1.483068
5986,1,1,WALKING,1.445271
5987,1,1,WALKING,1.209331
5988,1,1,WALKING,1.01491
5989,1,1,WALKING,0.8279965
5990,1,1,WALKING,0.7934204
5991,1,1,WALKING,0.7979786
5992,1,1,WALKING,0.6760245
5993,1,1,WALKING,0.7098455
5994,1,1,WALKING,0.6889641
5995,1,1,WALKING,0.5844093
5996,1,1,WALKING,0.7027628
5997,1,1,WALKING,0.7320596
5998,1,1,WALKING,0.7508412
5999,1,1,WALKING,0.8503429
6000,1,1,WALKING,0.8491951
6001,1,1,WALKING,0.9874865
6002,1,1,WALKING,1.192232
6003,1,1,WALKING,1.403667
6004,1,1,WALKING,1.54093
6005,1,1,WALKING,1.437027
6006,1,1,WALKING,1.421517
6007,1,1,WALKING,1.430592
6008,1,1,WALKING,1.284192
6009,1,1,WALKING,1.086433
6010,1,1,WALKING,0.8213608
6011,1,1,WALKING,0.7512107
6012,1,1,WALKING,0.9418274
6013,1,1,WALKING,1.050455
6014,1,1,WALKING,0.9689209
6015,1,1,WALKING,0.8628272
6016,1,1,WALKING,0.8282817
6017,1,1,WALKING,0.7574608
6018,1,1,WALKING,0.7221059
6019,1,1,WALKING,0.8098888
6020,1,1,WALKING,0.9088241
6021,1,1,WALKING,0.991615
6022,1,1,WALKING,0.9728433
6023,1,1,WALKING,0.8932896
6024,1,1,WALKING,0.8893765
6025,1,1,WALKING,0.9127721
6026,1,1,WALKING,0.9926605
6027,1,1,WALKING,1.064956
6028,1,1,WALKING,1.061959
6029,1,1,WALKING,1.089269
6030,1,1,WALKING,1.103215
6031,1,1,WALKING,1.102922
6032,1,1,WALKING,1.167862
6033,1,1,WALKING,1.256483
6034,1,1,WALKING,1.261473
6035,1,1,WALKING,1.110552
6036,1,1,WALKING,0.919335
6037,1,1,WALKING,0.8834834
6038,1,1,WALKING,1.109069
6039,1,1,WALKING,1.430317
6040,1,1,WALKING,1.525427
6041,1,1,WALKING,1.386651
6042,1,1,WALKING,1.129571
6043,1,1,WALKING,0.8485653
6044,1,1,WALKING,0.7920314
6045,1,1,WALKING,0.8837434
6046,1,1,WALKING,0.8154022
6047,1,1,WALKING,0.7194523
6048,1,1,WALKING,0.6632173
6049,1,1,WALKING,0.5504536
6050,1,1,WALKING,0.5945633
6051,1,1,WALKING,0.7118758
6052,1,1,WALKING,0.7755111
6053,1,1,WALKING,0.8770703
6054,1,1,WALKING,0.8591063
6055,1,1,WALKING,0.8643089
6056,1,1,WALKING,1.027524
6057,1,1,WALKING,1.202217
6058,1,1,WALKING,1.372056
6059,1,1,WALKING,1.436443
6060,1,1,WALKING,1.52055
6061,1,1,WALKING,1.595618
6062,1,1,WALKING,1.49339
6063,1,1,WALKING,1.398151
6064,1,1,WALKING,1.04711
6065,1,1,WALKING,0.5516942
6066,1,1,WALKING,0.5738821
6067,1,1,WALKING,0.9453756
6068,1,1,WALKING,1.277648
6069,1,1,WALKING,1.303958
6070,1,1,WALKING,0.9889756
6071,1,1,WALKING,0.7226054
6072,1,1,WALKING,0.5713051
6073,1,1,WALKING,0.5732392
6074,1,1,WALKING,0.7756886
6075,1,1,WALKING,0.9823497
6076,1,1,WALKING,1.080954
6077,1,1,WALKING,0.9621315
6078,1,1,WALKING,0.8347
6079,1,1,WALKING,0.8671833
6080,1,1,WALKING,0.9074133
6081,1,1,WALKING,0.9900091
6082,1,1,WALKING,0.9910417
6083,1,1,WALKING,0.9363878
6084,1,1,WALKING,1.008636
6085,1,1,WALKING,1.087231
6086,1,1,WALKING,1.218023
6087,1,1,WALKING,1.280993
6088,1,1,WALKING,1.210965
6089,1,1,WALKING,1.247415
6090,1,1,WALKING,1.203965
6091,1,1,WALKING,1.050883
6092,1,1,WALKING,1.024963
6093,1,1,WALKING,1.14637
6094,1,1,WALKING,1.347945
6095,1,1,WALKING,1.370934
6096,1,1,WALKING,1.225374
6097,1,1,WALKING,1.083234
6098,1,1,WALKING,0.9046371
6099,1,1,WALKING,0.8333536
6100,1,1,WALKING,0.8219829
6101,1,1,WALKING,0.7206582
6102,1,1,WALKING,0.6626628
6103,1,1,WALKING,0.6500919
6104,1,1,WALKING,0.6543565
6105,1,1,WALKING,0.679051
6106,1,1,WALKING,0.7159028
6107,1,1,WALKING,0.7938053
6108,1,1,WALKING,0.8279793
6109,1,1,WALKING,0.8559393
6110,1,1,WALKING,0.9280896
6111,1,1,WALKING,1.029564
6112,1,1,WALKING,1.303722
6113,1,1,WALKING,1.566137
6114,1,1,WALKING,1.543499
6115,1,1,WALKING,1.521579
6116,1,1,WALKING,1.561955
6117,1,1,WALKING,1.293258
6118,1,1,WALKING,0.8054824
6119,1,1,WALKING,0.4993323
6120,1,1,WALKING,0.6015976
6121,1,1,WALKING,1.011564
6122,1,1,WALKING,1.284643
6123,1,1,WALKING,1.181829
6124,1,1,WALKING,0.8713434
6125,1,1,WALKING,0.6498708
6126,1,1,WALKING,0.606586
6127,1,1,WALKING,0.6182794
6128,1,1,WALKING,0.7525507
6129,1,1,WALKING,0.9846303
6130,1,1,WALKING,1.067409
6131,1,1,WALKING,0.9737997
6132,1,1,WALKING,0.8891258
6133,1,1,WALKING,0.8706251
6134,1,1,WALKING,0.8770717
6135,1,1,WALKING,0.9999121
6136,1,1,WALKING,1.096327
6137,1,1,WALKING,1.021884
6138,1,1,WALKING,0.9496116
6139,1,1,WALKING,0.9308736
6140,1,1,WALKING,1.026831
6141,1,1,WALKING,1.163322
6142,1,1,WALKING,1.19355
6143,1,1,WALKING,1.262145
6144,1,1,WALKING,1.331309
6145,1,1,WALKING,1.248634
6146,1,1,WALKING,1.071616
6147,1,1,WALKING,0.9195979
6148,1,1,WALKING,0.9270481
6149,1,1,WALKING,1.129003
6150,1,1,WALKING,1.34253
6151,1,1,WALKING,1.383667
6152,1,1,WALKING,1.235625
6153,1,1,WALKING,1.014508
6154,1,1,WALKING,0.9021875
6155,1,1,WALKING,0.8789298
6156,1,1,WALKING,0.8510185
6157,1,1,WALKING,0.8106793
6158,1,1,WALKING,0.729576
6159,1,1,WALKING,0.692121
6160,1,1,WALKING,0.6891521
6161,1,1,WALKING,0.6880091
6162,1,1,WALKING,0.7459241
6163,1,1,WALKING,0.7857831
6164,1,1,WALKING,0.8140415
6165,1,1,WALKING,0.8391579
6166,1,1,WALKING,0.9010112
6167,1,1,WALKING,1.145562
6168,1,1,WALKING,1.427226
6169,1,1,WALKING,1.514249
6170,1,1,WALKING,1.470039
6171,1,1,WALKING,1.478531
6172,1,1,WALKING,1.468493
6173,1,1,WALKING,1.269186
6174,1,1,WALKING,0.9138541
6175,1,1,WALKING,0.610973
6176,1,1,WALKING,0.6844904
6177,1,1,WALKING,1.016004
6178,1,1,WALKING,1.222658
6179,1,1,WALKING,1.222854
6180,1,1,WALKING,0.9799119
6181,1,1,WALKING,0.7292139
6182,1,1,WALKING,0.6630671
6183,1,1,WALKING,0.6789386
6184,1,1,WALKING,0.8305026
6185,1,1,WALKING,1.004147
6186,1,1,WALKING,1.0671
6187,1,1,WALKING,0.9931395
6188,1,1,WALKING,0.8608152
6189,1,1,WALKING,0.8773005
6190,1,1,WALKING,0.9342905
6191,1,1,WALKING,0.9964417
6192,1,1,WALKING,1.015241
6193,1,1,WALKING,0.932941
6194,1,1,WALKING,0.9522608
6195,1,1,WALKING,0.9737536
6196,1,1,WALKING,1.009667
6197,1,1,WALKING,1.102513
6198,1,1,WALKING,1.151823
6199,1,1,WALKING,1.281677
6200,1,1,WALKING,1.301161
6201,1,1,WALKING,1.183986
6202,1,1,WALKING,1.102808
6203,1,1,WALKING,0.9229288
6204,1,1,WALKING,0.8426251
6205,1,1,WALKING,1.010625
6206,1,1,WALKING,1.241063
6207,1,1,WALKING,1.424501
6208,1,1,WALKING,1.40042
6209,1,1,WALKING,1.17969
6210,1,1,WALKING,0.9655508
6211,1,1,WALKING,0.880394
6212,1,1,WALKING,0.9353212
6213,1,1,WALKING,0.9424314
6214,1,1,WALKING,0.8425056
6215,1,1,WALKING,0.748094
6216,1,1,WALKING,0.6343208
6217,1,1,WALKING,0.6099862
6218,1,1,WALKING,0.6860974
6219,1,1,WALKING,0.7413853
6220,1,1,WALKING,0.8663665
6221,1,1,WALKING,0.8884649
6222,1,1,WALKING,0.8167027
6223,1,1,WALKING,0.9114157
6224,1,1,WALKING,0.9940148
6225,1,1,WALKING,1.168004
6226,1,1,WALKING,1.42644
6227,1,1,WALKING,1.350077
6228,1,1,WALKING,1.267919
6229,1,1,WALKING,1.434182
6230,1,1,WALKING,1.453681
6231,1,1,WALKING,1.259262
6232,1,1,WALKING,0.9110551
6233,1,1,WALKING,0.5734377
6234,1,1,WALKING,0.6656137
6235,1,1,WALKING,1.022623
6236,1,1,WALKING,1.254678
6237,1,1,WALKING,1.294955
6238,1,1,WALKING,1.044658
6239,1,1,WALKING,0.7714721
6240,1,1,WALKING,0.7251818
6241,1,1,WALKING,0.7359304
6242,1,1,WALKING,0.8372317
6243,1,1,WALKING,0.9762084
6244,1,1,WALKING,1.028245
6245,1,1,WALKING,0.9868853
6246,1,1,WALKING,0.9138808
6247,1,1,WALKING,0.9675864
6248,1,1,WALKING,0.9857239
6249,1,1,WALKING,0.9659229
6250,1,1,WALKING,1.017772
6251,1,1,WALKING,0.9946159
6252,1,1,WALKING,0.9977334
6253,1,1,WALKING,0.9950008
6254,1,1,WALKING,0.9570568
6255,1,1,WALKING,1.02252
6256,1,1,WALKING,1.115886
6257,1,1,WALKING,1.266589
6258,1,1,WALKING,1.360794
6259,1,1,WALKING,1.271317
6260,1,1,WALKING,1.124654
6261,1,1,WALKING,0.9164386
6262,1,1,WALKING,0.7747496
6263,1,1,WALKING,0.8277863
6264,1,1,WALKING,0.9892349
6265,1,1,WALKING,1.220434
6266,1,1,WALKING,1.326366
6267,1,1,WALKING,1.223971
6268,1,1,WALKING,1.16122
6269,1,1,WALKING,1.127098
6270,1,1,WALKING,1.045842
6271,1,1,WALKING,1.010232
6272,1,1,WALKING,0.9634494
6273,1,1,WALKING,0.9939164
6274,1,1,WALKING,1.117235
6275,1,1,WALKING,1.16122
6276,1,1,WALKING,1.137588
6277,1,1,WALKING,1.05873
6278,1,1,WALKING,1.005064
6279,1,1,WALKING,1.055927
6280,1,1,WALKING,1.192419
6281,1,1,WALKING,1.361518
6282,1,1,WALKING,1.383572
6283,1,1,WALKING,1.226406
6284,1,1,WALKING,1.092736
6285,1,1,WALKING,1.030775
6286,1,1,WALKING,0.9879317
6287,1,1,WALKING,0.9139449
6288,1,1,WALKING,0.7992473
6289,1,1,WALKING,0.7139051
6290,1,1,WALKING,0.6467694
6291,1,1,WALKING,0.613526
6292,1,1,WALKING,0.6286784
6293,1,1,WALKING,0.6488108
6294,1,1,WALKING,0.7276212
6295,1,1,WALKING,0.8361056
6296,1,1,WALKING,0.9061907
6297,1,1,WALKING,0.9809334
6298,1,1,WALKING,1.107503
6299,1,1,WALKING,1.306174
6300,1,1,WALKING,1.44354
6301,1,1,WALKING,1.418321
6302,1,1,WALKING,1.384487
6303,1,1,WALKING,1.396469
6304,1,1,WALKING,1.342639
6305,1,1,WALKING,1.202091
6306,1,1,WALKING,0.992738
6307,1,1,WALKING,0.8213377
6308,1,1,WALKING,0.8351176
6309,1,1,WALKING,0.9201807
6310,1,1,WALKING,0.9796027
6311,1,1,WALKING,1.034598
6312,1,1,WALKING,1.007112
6313,1,1,WALKING,0.9599259
6314,1,1,WALKING,0.8851649
6315,1,1,WALKING,0.7392836
6316,1,1,WALKING,0.7303006
6317,1,1,WALKING,0.8358962
6318,1,1,WALKING,0.8879269
6319,1,1,WALKING,0.8665386
6320,1,1,WALKING,0.8169163
6321,1,1,WALKING,0.8294449
6322,1,1,WALKING,0.881961
6323,1,1,WALKING,0.9623955
6324,1,1,WALKING,1.033326
6325,1,1,WALKING,1.032287
6326,1,1,WALKING,1.05193
6327,1,1,WALKING,1.084814
6328,1,1,WALKING,1.165946
6329,1,1,WALKING,1.347646
6330,1,1,WALKING,1.467557
6331,1,1,WALKING,1.474003
6332,1,1,WALKING,1.328371
6333,1,1,WALKING,0.9952103
6334,1,1,WALKING,0.729721
6335,1,1,WALKING,0.7741953
6336,1,1,WALKING,1.006161
6337,1,1,WALKING,1.213647
6338,1,1,WALKING,1.371437
6339,1,1,WALKING,1.350505
6340,1,1,WALKING,1.141447
6341,1,1,WALKING,0.9628368
6342,1,1,WALKING,0.8471148
6343,1,1,WALKING,0.8247263
6344,1,1,WALKING,0.7822288
6345,1,1,WALKING,0.6721079
6346,1,1,WALKING,0.6710693
6347,1,1,WALKING,0.6064601
6348,1,1,WALKING,0.511786
6349,1,1,WALKING,0.575214
6350,1,1,WALKING,0.7004836
6351,1,1,WALKING,0.8878832
6352,1,1,WALKING,1.011907
6353,1,1,WALKING,1.088072
6354,1,1,WALKING,1.347332
6355,1,1,WALKING,1.606267
6356,1,1,WALKING,1.571708
6357,1,1,WALKING,1.461063
6358,1,1,WALKING,1.548182
6359,1,1,WALKING,1.51779
6360,1,1,WALKING,1.257735
6361,1,1,WALKING,0.871213
6362,1,1,WALKING,0.5023971
6363,1,1,WALKING,0.747817
6364,1,1,WALKING,1.186022
6365,1,1,WALKING,1.169023
6366,1,1,WALKING,1.117778
6367,1,1,WALKING,0.970007
6368,1,1,WALKING,0.7469696
6369,1,1,WALKING,0.6489825
6370,1,1,WALKING,0.5521873
6371,1,1,WALKING,0.7095839
6372,1,1,WALKING,0.8879407
6373,1,1,WALKING,0.9139803
6374,1,1,WALKING,0.9481403
6375,1,1,WALKING,0.8759025
6376,1,1,WALKING,0.9299051
6377,1,1,WALKING,0.988374
6378,1,1,WALKING,0.9739776
6379,1,1,WALKING,1.080284
6380,1,1,WALKING,1.074125
6381,1,1,WALKING,1.123046
6382,1,1,WALKING,1.220295
6383,1,1,WALKING,1.215333
6384,1,1,WALKING,1.28022
6385,1,1,WALKING,1.226038
6386,1,1,WALKING,1.07567
6387,1,1,WALKING,0.9756127
6388,1,1,WALKING,0.9746679
6389,1,1,WALKING,1.125271
6390,1,1,WALKING,1.35697
6391,1,1,WALKING,1.665851
6392,1,1,WALKING,1.572027
6393,1,1,WALKING,1.062818
6394,1,1,WALKING,0.8039385
6395,1,1,WALKING,0.728787
6396,1,1,WALKING,0.7405897
6397,1,1,WALKING,0.6974795
6398,1,1,WALKING,0.5631318
6399,1,1,WALKING,0.6323486
6400,1,1,WALKING,0.5532989
6401,1,1,WALKING,0.5046181
6402,1,1,WALKING,0.6812638
6403,1,1,WALKING,0.6810815
6404,1,1,WALKING,0.7790144
6405,1,1,WALKING,0.9154434
6406,1,1,WALKING,1.106333
6407,1,1,WALKING,1.517004
6408,1,1,WALKING,1.581384
6409,1,1,WALKING,1.410164
6410,1,1,WALKING,1.362572
6411,1,1,WALKING,1.386704
6412,1,1,WALKING,1.349821
6413,1,1,WALKING,1.025677
6414,1,1,WALKING,0.6798715
6415,1,1,WALKING,0.6423675
6416,1,1,WALKING,0.7911075
6417,1,1,WALKING,0.9214976
6418,1,1,WALKING,1.055215
6419,1,1,WALKING,1.076742
6420,1,1,WALKING,0.896168
6421,1,1,WALKING,0.8731038
6422,1,1,WALKING,0.8300766
6423,1,1,WALKING,0.6770528
6424,1,1,WALKING,0.7128596
6425,1,1,WALKING,0.7449033
6426,1,1,WALKING,0.8835808
6427,1,1,WALKING,1.004042
6428,1,1,WALKING,0.9107824
6429,1,1,WALKING,0.9207469
6430,1,1,WALKING,0.9012177
6431,1,1,WALKING,0.9170621
6432,1,1,WALKING,1.030228
6433,1,1,WALKING,1.043788
6434,1,1,WALKING,1.094208
6435,1,1,WALKING,1.117993
6436,1,1,WALKING,1.138578
6437,1,1,WALKING,1.219794
6438,1,1,WALKING,1.282264
6439,1,1,WALKING,1.314305
6440,1,1,WALKING,1.154318
6441,1,1,WALKING,0.9412115
6442,1,1,WALKING,0.931468
6443,1,1,WALKING,1.121683
6444,1,1,WALKING,1.402949
6445,1,1,WALKING,1.526301
6446,1,1,WALKING,1.419629
6447,1,1,WALKING,1.171893
6448,1,1,WALKING,0.9011897
6449,1,1,WALKING,0.7687118
6450,1,1,WALKING,0.7037209
6451,1,1,WALKING,0.6241057
6452,1,1,WALKING,0.6456213
6453,1,1,WALKING,0.6729455
6454,1,1,WALKING,0.6188456
6455,1,1,WALKING,0.6515255
6456,1,1,WALKING,0.6804168
6457,1,1,WALKING,0.7034129
6458,1,1,WALKING,0.8398542
6459,1,1,WALKING,0.9234053
6460,1,1,WALKING,1.06215
6461,1,1,WALKING,1.287171
6462,1,1,WALKING,1.412721
6463,1,1,WALKING,1.46146
6464,1,1,WALKING,1.398223
6465,1,1,WALKING,1.361032
6466,1,1,WALKING,1.400232
6467,1,1,WALKING,1.307531
6468,1,1,WALKING,1.013558
6469,1,1,WALKING,0.6121034
6470,1,1,WALKING,0.5608616
6471,1,1,WALKING,0.9181074
6472,1,1,WALKING,1.143657
6473,1,1,WALKING,1.142805
6474,1,1,WALKING,1.00742
6475,1,1,WALKING,0.8174045
6476,1,1,WALKING,0.7207537
6477,1,1,WALKING,0.6634421
6478,1,1,WALKING,0.6887516
6479,1,1,WALKING,0.8177054
6480,1,1,WALKING,0.9424158
6481,1,1,WALKING,0.987241
6482,1,1,WALKING,0.8957226
6483,1,1,WALKING,0.8491496
6484,1,1,WALKING,0.8978223
6485,1,1,WALKING,0.9284446
6486,1,1,WALKING,1.016752
6487,1,1,WALKING,1.069253
6488,1,1,WALKING,1.038532
6489,1,1,WALKING,1.078906
6490,1,1,WALKING,1.212589
6491,1,1,WALKING,1.344712
6492,1,1,WALKING,1.333417
6493,1,1,WALKING,1.256388
6494,1,1,WALKING,1.163567
6495,1,1,WALKING,0.9932679
6496,1,1,WALKING,1.043854
6497,1,1,WALKING,1.266733
6498,1,1,WALKING,1.327155
6499,1,1,WALKING,1.343425
6500,1,1,WALKING,1.221818
6501,1,1,WALKING,0.9719166
6502,1,1,WALKING,0.8794728
6503,1,1,WALKING,0.7727721
6504,1,1,WALKING,0.647746
6505,1,1,WALKING,0.5917238
6506,1,1,WALKING,0.5446894
6507,1,1,WALKING,0.6217926
6508,1,1,WALKING,0.6831746
6509,1,1,WALKING,0.6875662
6510,1,1,WALKING,0.7377752
6511,1,1,WALKING,0.7750419
6512,1,1,WALKING,0.8850879
6513,1,1,WALKING,1.077227
6514,1,1,WALKING,1.356645
6515,1,1,WALKING,1.630254
6516,1,1,WALKING,1.64462
6517,1,1,WALKING,1.515223
6518,1,1,WALKING,1.447087
6519,1,1,WALKING,1.389547
6520,1,1,WALKING,1.125329
6521,1,1,WALKING,0.7694286
6522,1,1,WALKING,0.7170612
6523,1,1,WALKING,0.7549064
6524,1,1,WALKING,0.8796127
6525,1,1,WALKING,1.24335
6526,1,1,WALKING,1.160829
6527,1,1,WALKING,0.8262597
6528,1,1,WALKING,0.7508646
6529,1,1,WALKING,0.5308639
6530,1,1,WALKING,0.5324939
6531,1,1,WALKING,0.8236303
6532,1,1,WALKING,0.9574939
6533,1,1,WALKING,1.095651
6534,1,1,WALKING,0.9604362
6535,1,1,WALKING,0.7983907
6536,1,1,WALKING,0.8912692
6537,1,1,WALKING,0.8269737
6538,1,1,WALKING,0.904725
6539,1,1,WALKING,1.060758
6540,1,1,WALKING,1.0827
6541,1,1,WALKING,1.126438
6542,1,1,WALKING,1.074493
6543,1,1,WALKING,1.127491
6544,1,1,WALKING,1.226015
6545,1,1,WALKING,1.238373
6546,1,1,WALKING,1.206924
6547,1,1,WALKING,1.008885
6548,1,1,WALKING,0.9722674
6549,1,1,WALKING,1.208702
6550,1,1,WALKING,1.462371
6551,1,1,WALKING,1.477899
6552,1,1,WALKING,1.142841
6553,1,1,WALKING,0.857728
6554,1,1,WALKING,0.765058
6555,1,1,WALKING,0.731871
6556,1,1,WALKING,0.6946645
6557,1,1,WALKING,0.6244161
6558,1,1,WALKING,0.5989612
6559,1,1,WALKING,0.5384868
6560,1,1,WALKING,0.555607
6561,1,1,WALKING,0.6751468
6562,1,1,WALKING,0.7404786
6563,1,1,WALKING,0.8297249
6564,1,1,WALKING,0.8564301
6565,1,1,WALKING,0.9260346
6566,1,1,WALKING,1.127927
6567,1,1,WALKING,1.244485
6568,1,1,WALKING,1.32324
6569,1,1,WALKING,1.400131
6570,1,1,WALKING,1.412703
6571,1,1,WALKING,1.393047
6572,1,1,WALKING,1.504775
6573,1,1,WALKING,1.586018
6574,1,1,WALKING,1.21869
6575,1,1,WALKING,0.7803656
6576,1,1,WALKING,0.7635717
6577,1,1,WALKING,0.980142
6578,1,1,WALKING,1.070878
6579,1,1,WALKING,0.9720425
6580,1,1,WALKING,0.9133384
6581,1,1,WALKING,0.860071
6582,1,1,WALKING,0.746394
6583,1,1,WALKING,0.6859697
6584,1,1,WALKING,0.7068351
6585,1,1,WALKING,0.8112918
6586,1,1,WALKING,0.914774
6587,1,1,WALKING,0.9755141
6588,1,1,WALKING,0.9558153
6589,1,1,WALKING,0.910926
6590,1,1,WALKING,0.9332226
6591,1,1,WALKING,0.9305256
6592,1,1,WALKING,0.9837638
6593,1,1,WALKING,1.063977
6594,1,1,WALKING,1.069992
6595,1,1,WALKING,1.113564
6596,1,1,WALKING,1.158918
6597,1,1,WALKING,1.230775
6598,1,1,WALKING,1.300981
6599,1,1,WALKING,1.228644
6600,1,1,WALKING,1.096737
6601,1,1,WALKING,1.008931
6602,1,1,WALKING,1.1018
6603,1,1,WALKING,1.346484
6604,1,1,WALKING,1.44826
6605,1,1,WALKING,1.335693
6606,1,1,WALKING,1.111874
6607,1,1,WALKING,0.897469
6608,1,1,WALKING,0.8194254
6609,1,1,WALKING,0.8277542
6610,1,1,WALKING,0.8013421
6611,1,1,WALKING,0.7169772
6612,1,1,WALKING,0.6215646
6613,1,1,WALKING,0.607542
6614,1,1,WALKING,0.6727963
6615,1,1,WALKING,0.7077828
6616,1,1,WALKING,0.7383306
6617,1,1,WALKING,0.7846703
6618,1,1,WALKING,0.8022113
6619,1,1,WALKING,0.8994277
6620,1,1,WALKING,1.094814
6621,1,1,WALKING,1.328854
6622,1,1,WALKING,1.527534
6623,1,1,WALKING,1.513023
6624,1,1,WALKING,1.396682
6625,1,1,WALKING,1.366356
6626,1,1,WALKING,1.376357
6627,1,1,WALKING,1.312936
6628,1,1,WALKING,0.9618288
6629,1,1,WALKING,0.5628291
6630,1,1,WALKING,0.6609975
6631,1,1,WALKING,0.9778207
6632,1,1,WALKING,1.045076
6633,1,1,WALKING,1.002013
6634,1,1,WALKING,0.900915
6635,1,1,WALKING,0.8028756
6636,1,1,WALKING,0.8383605
6637,1,1,WALKING,0.8077884
6638,1,1,WALKING,0.7584392
6639,1,1,WALKING,0.8266398
6640,1,1,WALKING,0.8948859
6641,1,1,WALKING,0.9462709
6642,1,1,WALKING,0.9289477
6643,1,1,WALKING,0.8926293
6644,1,1,WALKING,0.9108338
6645,1,1,WALKING,0.9011656
6646,1,1,WALKING,0.9164847
6647,1,1,WALKING,0.9680811
6648,1,1,WALKING,1.033312
6649,1,1,WALKING,1.110376
6650,1,1,WALKING,1.136859
6651,1,1,WALKING,1.176079
6652,1,1,WALKING,1.268492
6653,1,1,WALKING,1.315132
6654,1,1,WALKING,1.21604
6655,1,1,WALKING,1.014863
6656,1,1,WALKING,0.9293387
6657,1,1,WALKING,1.102667
6658,1,1,WALKING,1.387514
6659,1,1,WALKING,1.470479
6660,1,1,WALKING,1.305612
6661,1,1,WALKING,1.09257
6662,1,1,WALKING,0.9392957
6663,1,1,WALKING,0.8925997
6664,1,1,WALKING,0.85644
6665,1,1,WALKING,0.7455252
6666,1,1,WALKING,0.658969
6667,1,1,WALKING,0.5799865
6668,1,1,WALKING,0.5397647
6669,1,1,WALKING,0.616147
6670,1,1,WALKING,0.6970332
6671,1,1,WALKING,0.7799716
6672,1,1,WALKING,0.8375817
6673,1,1,WALKING,0.8117284
6674,1,1,WALKING,0.8921776
6675,1,1,WALKING,1.077297
6676,1,1,WALKING,1.201894
6677,1,1,WALKING,1.299915
6678,1,1,WALKING,1.397653
6679,1,1,WALKING,1.409702
6680,1,1,WALKING,1.367369
6681,1,1,WALKING,1.454391
6682,1,1,WALKING,1.492751
6683,1,1,WALKING,1.198097
6684,1,1,WALKING,0.7678388
6685,1,1,WALKING,0.5669624
6686,1,1,WALKING,0.8276686
6687,1,1,WALKING,1.096305
6688,1,1,WALKING,0.9599774
6689,1,1,WALKING,0.9083835
6690,1,1,WALKING,0.9301307
6691,1,1,WALKING,0.817014
6692,1,1,WALKING,0.7918627
6693,1,1,WALKING,0.7454259
6694,1,1,WALKING,0.8006734
6695,1,1,WALKING,0.9689153
6696,1,1,WALKING,0.9624793
6697,1,1,WALKING,0.9428657
6698,1,1,WALKING,0.9252972
6699,1,1,WALKING,0.8765976
6700,1,1,WALKING,0.9119037
6701,1,1,WALKING,0.9258548
6702,1,1,WALKING,0.9326382
6703,1,1,WALKING,0.995629
6704,1,1,WALKING,1.085065
6705,1,1,WALKING,1.156436
6706,1,1,WALKING,1.179934
6707,1,1,WALKING,1.235895
6708,1,1,WALKING,1.279533
6709,1,1,WALKING,1.223357
6710,1,1,WALKING,1.112314
6711,1,1,WALKING,0.9694454
6712,1,1,WALKING,0.9101939
6713,1,1,WALKING,1.093336
6714,1,1,WALKING,1.390273
6715,1,1,WALKING,1.505174
6716,1,1,WALKING,1.372556
6717,1,1,WALKING,1.120756
6718,1,1,WALKING,0.8550287
6719,1,1,WALKING,0.7111359
6720,1,1,WALKING,0.7358651
6721,1,1,WALKING,0.7496771
6722,1,1,WALKING,0.7065391
6723,1,1,WALKING,0.6901249
6724,1,1,WALKING,0.6286253
6725,1,1,WALKING,0.6002353
6726,1,1,WALKING,0.693042
6727,1,1,WALKING,0.7785998
6728,1,1,WALKING,0.8489282
6729,1,1,WALKING,0.9095023
6730,1,1,WALKING,0.9979459
6731,1,1,WALKING,1.185943
6732,1,1,WALKING,1.367512
6733,1,1,WALKING,1.437857
6734,1,1,WALKING,1.35807
6735,1,1,WALKING,1.311941
6736,1,1,WALKING,1.455931
6737,1,1,WALKING,1.508028
6738,1,1,WALKING,1.262929
6739,1,1,WALKING,0.9364052
6740,1,1,WALKING,0.8595731
6741,1,1,WALKING,0.9687125
6742,1,1,WALKING,1.003762
6743,1,1,WALKING,1.043422
6744,1,1,WALKING,1.03581
6745,1,1,WALKING,0.8982801
6746,1,1,WALKING,0.8349391
6747,1,1,WALKING,0.8144965
6748,1,1,WALKING,0.7845893
6749,1,1,WALKING,0.7993621
6750,1,1,WALKING,0.857585
6751,1,1,WALKING,0.9614797
6752,1,1,WALKING,0.9377719
6753,1,1,WALKING,0.8676622
6754,1,1,WALKING,0.9089965
6755,1,1,WALKING,0.8923367
6756,1,1,WALKING,0.9047492
6757,1,1,WALKING,0.9609167
6758,1,1,WALKING,0.9469053
6759,1,1,WALKING,0.9962568
6760,1,1,WALKING,1.053109
6761,1,1,WALKING,1.115646
6762,1,1,WALKING,1.241874
6763,1,1,WALKING,1.304293
6764,1,1,WALKING,1.318006
6765,1,1,WALKING,1.291535
6766,1,1,WALKING,1.168901
6767,1,1,WALKING,0.9761425
6768,1,1,WALKING,0.8775114
6769,1,1,WALKING,0.9971213
6770,1,1,WALKING,1.198313
6771,1,1,WALKING,1.440296
6772,1,1,WALKING,1.565606
6773,1,1,WALKING,1.317137
6774,1,1,WALKING,0.9750094
6775,1,1,WALKING,0.800161
6776,1,1,WALKING,0.7458828
6777,1,1,WALKING,0.7486778
6778,1,1,WALKING,0.7025033
6779,1,1,WALKING,0.6886599
6780,1,1,WALKING,0.6758693
6781,1,1,WALKING,0.6048004
6782,1,1,WALKING,0.6722986
6783,1,1,WALKING,0.7769362
6784,1,1,WALKING,0.8379409
6785,1,1,WALKING,0.9081196
6786,1,1,WALKING,0.917808
6787,1,1,WALKING,1.040066
6788,1,1,WALKING,1.313398
6789,1,1,WALKING,1.53576
6790,1,1,WALKING,1.586787
6791,1,1,WALKING,1.503688
6792,1,1,WALKING,1.443746
6793,1,1,WALKING,1.2546
6794,1,1,WALKING,0.8584967
6795,1,1,WALKING,0.6262108
6796,1,1,WALKING,0.8157933
6797,1,1,WALKING,1.158244
6798,1,1,WALKING,1.200705
6799,1,1,WALKING,1.055502
6800,1,1,WALKING,0.9055715
6801,1,1,WALKING,0.7208372
6802,1,1,WALKING,0.6533685
6803,1,1,WALKING,0.6565418
6804,1,1,WALKING,0.7639369
6805,1,1,WALKING,0.94157
6806,1,1,WALKING,0.9886291
6807,1,1,WALKING,1.067192
6808,1,1,WALKING,1.02285
6809,1,1,WALKING,0.8427791
6810,1,1,WALKING,0.8970079
6811,1,1,WALKING,0.9613123
6812,1,1,WALKING,0.9484843
6813,1,1,WALKING,0.9984439
6814,1,1,WALKING,0.9921339
6815,1,1,WALKING,1.044492
6816,1,1,WALKING,1.16287
6817,1,1,WALKING,1.206525
6818,1,1,WALKING,1.262947
6819,1,1,WALKING,1.283032
6820,1,1,WALKING,1.183609
6821,1,1,WALKING,1.035654
6822,1,1,WALKING,0.9462404
6823,1,1,WALKING,1.056505
6824,1,1,WALKING,1.269395
6825,1,1,WALKING,1.391532
6826,1,1,WALKING,1.386007
6827,1,1,WALKING,1.221682
6828,1,1,WALKING,1.033123
6829,1,1,WALKING,0.9368688
6830,1,1,WALKING,0.8333333
6831,1,1,WALKING,0.7606241
6832,1,1,WALKING,0.7399939
6833,1,1,WALKING,0.6784778
6834,1,1,WALKING,0.6484277
6835,1,1,WALKING,0.6675078
6836,1,1,WALKING,0.6663426
6837,1,1,WALKING,0.7197906
6838,1,1,WALKING,0.8075091
6839,1,1,WALKING,0.846576
6840,1,1,WALKING,0.896934
6841,1,1,WALKING,1.01171
6842,1,1,WALKING,1.295889
6843,1,1,WALKING,1.633899
6844,1,1,WALKING,1.604476
6845,1,1,WALKING,1.385418
6846,1,1,WALKING,1.395214
6847,1,1,WALKING,1.413709
6848,1,1,WALKING,1.283582
6849,1,1,WALKING,0.9572589
6850,1,1,WALKING,0.5530103
6851,1,1,WALKING,0.6883088
6852,1,1,WALKING,1.055016
6853,1,1,WALKING,1.070411
6854,1,1,WALKING,1.067013
6855,1,1,WALKING,0.9908911
6856,1,1,WALKING,0.8743572
6857,1,1,WALKING,0.8613918
6858,1,1,WALKING,0.7053164
6859,1,1,WALKING,0.6967407
6860,1,1,WALKING,0.8071653
6861,1,1,WALKING,0.8474147
6862,1,1,WALKING,0.9668974
6863,1,1,WALKING,0.9837945
6864,1,1,WALKING,0.9805003
6865,1,1,WALKING,0.9731412
6866,1,1,WALKING,0.9120723
6867,1,1,WALKING,0.9492316
6868,1,1,WALKING,0.9506708
6869,1,1,WALKING,1.005042
6870,1,1,WALKING,1.113077
6871,1,1,WALKING,1.171538
6872,1,1,WALKING,1.276062
6873,1,1,WALKING,1.327055
6874,1,1,WALKING,1.330177
6875,1,1,WALKING,1.188936
6876,1,1,WALKING,0.9115215
6877,1,1,WALKING,0.8593224
6878,1,1,WALKING,1.039191
6879,1,1,WALKING,1.282591
6880,1,1,WALKING,1.443974
6881,1,1,WALKING,1.39452
6882,1,1,WALKING,1.190673
6883,1,1,WALKING,0.9654998
6884,1,1,WALKING,0.8778383
6885,1,1,WALKING,0.8828304
6886,1,1,WALKING,0.8138149
6887,1,1,WALKING,0.7278475
6888,1,1,WALKING,0.6660936
6889,1,1,WALKING,0.5685376
6890,1,1,WALKING,0.5518265
6891,1,1,WALKING,0.6271123
6892,1,1,WALKING,0.663921
6893,1,1,WALKING,0.7361767
6894,1,1,WALKING,0.8114272
6895,1,1,WALKING,0.9205561
6896,1,1,WALKING,1.263073
6897,1,1,WALKING,1.584828
6898,1,1,WALKING,1.587756
6899,1,1,WALKING,1.430555
6900,1,1,WALKING,1.333511
6901,1,1,WALKING,1.297255
6902,1,1,WALKING,1.248132
6903,1,1,WALKING,1.102643
6904,1,1,WALKING,0.8244562
6905,1,1,WALKING,0.7522414
6906,1,1,WALKING,1.001456
6907,1,1,WALKING,1.130022
6908,1,1,WALKING,1.019914
6909,1,1,WALKING,0.8833933
6910,1,1,WALKING,0.8144237
6911,1,1,WALKING,0.751602
6912,1,1,WALKING,0.7123868
6913,1,1,WALKING,0.7894914
6914,1,1,WALKING,0.8835537
6915,1,1,WALKING,0.9770509
6916,1,1,WALKING,0.994516
6917,1,1,WALKING,0.9043243
6918,1,1,WALKING,0.9116998
6919,1,1,WALKING,0.9272922
6920,1,1,WALKING,0.9238627
6921,1,1,WALKING,0.9793704
6922,1,1,WALKING,1.04081
6923,1,1,WALKING,1.149314
6924,1,1,WALKING,1.181513
6925,1,1,WALKING,1.159398
6926,1,1,WALKING,1.216726
6927,1,1,WALKING,1.267122
6928,1,1,WALKING,1.308705
6929,1,1,WALKING,1.23595
6930,1,1,WALKING,1.020761
6931,1,1,WALKING,0.899121
6932,1,1,WALKING,0.987653
6933,1,1,WALKING,1.24315
6934,1,1,WALKING,1.425479
6935,1,1,WALKING,1.376696
6936,1,1,WALKING,1.26338
6937,1,1,WALKING,1.116883
6938,1,1,WALKING,0.8164117
6939,1,1,WALKING,0.6195613
6940,1,1,WALKING,0.6801853
6941,1,1,WALKING,0.684617
6942,1,1,WALKING,0.6835423
6943,1,1,WALKING,0.7266347
6944,1,1,WALKING,0.6601287
6945,1,1,WALKING,0.6782235
6946,1,1,WALKING,0.7203311
6947,1,1,WALKING,0.7522326
6948,1,1,WALKING,0.8816088
6949,1,1,WALKING,0.9965453
6950,1,1,WALKING,1.166108
6951,1,1,WALKING,1.326501
6952,1,1,WALKING,1.455833
6953,1,1,WALKING,1.500886
6954,1,1,WALKING,1.372477
6955,1,1,WALKING,1.410945
6956,1,1,WALKING,1.434797
6957,1,1,WALKING,1.23107
6958,1,1,WALKING,0.9530344
6959,1,1,WALKING,0.6455405
6960,1,1,WALKING,0.8026676
6961,1,1,WALKING,1.140305
6962,1,1,WALKING,1.075154
6963,1,1,WALKING,0.9967992
6964,1,1,WALKING,0.8361244
6965,1,1,WALKING,0.6560375
6966,1,1,WALKING,0.6936883
6967,1,1,WALKING,0.6695185
6968,1,1,WALKING,0.814199
6969,1,1,WALKING,1.061799
6970,1,1,WALKING,1.080345
6971,1,1,WALKING,0.9902976
6972,1,1,WALKING,0.8551833
6973,1,1,WALKING,0.8680587
6974,1,1,WALKING,0.9649066
6975,1,1,WALKING,1.003158
6976,1,1,WALKING,1.047735
6977,1,1,WALKING,1.015931
6978,1,1,WALKING,1.062461
6979,1,1,WALKING,1.168655
6980,1,1,WALKING,1.219184
6981,1,1,WALKING,1.292634
6982,1,1,WALKING,1.275439
6983,1,1,WALKING,1.187168
6984,1,1,WALKING,1.009981
6985,1,1,WALKING,0.8553391
6986,1,1,WALKING,0.993047
6987,1,1,WALKING,1.225115
6988,1,1,WALKING,1.416901
6989,1,1,WALKING,1.466497
6990,1,1,WALKING,1.222794
6991,1,1,WALKING,0.9624305
6992,1,1,WALKING,0.8360801
6993,1,1,WALKING,0.7797683
6994,1,1,WALKING,0.773596
6995,1,1,WALKING,0.7283233
6996,1,1,WALKING,0.6639161
6997,1,1,WALKING,0.6161208
6998,1,1,WALKING,0.6091296
6999,1,1,WALKING,0.6728169
7000,1,1,WALKING,0.7052046
7001,1,1,WALKING,0.723913
7002,1,1,WALKING,0.802111
7003,1,1,WALKING,0.9106459
7004,1,1,WALKING,1.041554
7005,1,1,WALKING,1.228986
7006,1,1,WALKING,1.453274
7007,1,1,WALKING,1.442327
7008,1,1,WALKING,1.303756
7009,1,1,WALKING,1.374645
7010,1,1,WALKING,1.338071
7011,1,1,WALKING,1.261893
7012,1,1,WALKING,1.260313
7013,1,1,WALKING,0.8917996
7014,1,1,WALKING,0.631126
7015,1,1,WALKING,0.8591232
7016,1,1,WALKING,1.067153
7017,1,1,WALKING,1.09281
7018,1,1,WALKING,1.02099
7019,1,1,WALKING,0.9133641
7020,1,1,WALKING,0.7710141
7021,1,1,WALKING,0.6738745
7022,1,1,WALKING,0.7297076
7023,1,1,WALKING,0.851807
7024,1,1,WALKING,1.03126
7025,1,1,WALKING,1.081455
7026,1,1,WALKING,0.9384444
7027,1,1,WALKING,0.8675833
7028,1,1,WALKING,0.8832931
7029,1,1,WALKING,0.941559
7030,1,1,WALKING,1.00345
7031,1,1,WALKING,1.004509
7032,1,1,WALKING,1.000787
7033,1,1,WALKING,1.02085
7034,1,1,WALKING,1.067574
7035,1,1,WALKING,1.143488
7036,1,1,WALKING,1.242991
7037,1,1,WALKING,1.315694
7038,1,1,WALKING,1.29844
7039,1,1,WALKING,1.157944
7040,1,1,WALKING,0.9226666
7041,1,1,WALKING,0.7902553
7042,1,1,WALKING,0.8545722
7043,1,1,WALKING,1.011717
7044,1,1,WALKING,1.231718
7045,1,1,WALKING,1.384546
7046,1,1,WALKING,1.298797
7047,1,1,WALKING,1.12571
7048,1,1,WALKING,0.99025
7049,1,1,WALKING,0.8989501
7050,1,1,WALKING,0.9077104
7051,1,1,WALKING,0.8420683
7052,1,1,WALKING,0.7389575
7053,1,1,WALKING,0.7609366
7054,1,1,WALKING,0.718596
7055,1,1,WALKING,0.6888034
7056,1,1,WALKING,0.7212279
7057,1,1,WALKING,0.6936577
7058,1,1,WALKING,0.7356176
7059,1,1,WALKING,0.7926706
7060,1,1,WALKING,0.8750265
7061,1,1,WALKING,1.087578
7062,1,1,WALKING,1.343928
7063,1,1,WALKING,1.502555
7064,1,1,WALKING,1.380306
7065,1,1,WALKING,1.26484
7066,1,1,WALKING,1.380402
7067,1,1,WALKING,1.405178
7068,1,1,WALKING,1.309736
7069,1,1,WALKING,1.020672
7070,1,1,WALKING,0.6434437
7071,1,1,WALKING,0.7728674
7072,1,1,WALKING,1.054858
7073,1,1,WALKING,0.9875283
7074,1,1,WALKING,0.9450807
7075,1,1,WALKING,0.8804121
7076,1,1,WALKING,0.7892849
7077,1,1,WALKING,0.840181
7078,1,1,WALKING,0.729837
7079,1,1,WALKING,0.7083072
7080,1,1,WALKING,0.928626
7081,1,1,WALKING,1.052508
7082,1,1,WALKING,1.079291
7083,1,1,WALKING,0.9897775
7084,1,1,WALKING,0.9295744
7085,1,1,WALKING,0.9311688
7086,1,1,WALKING,0.9118109
7087,1,1,WALKING,0.9951998
7088,1,1,WALKING,0.9757328
7089,1,1,WALKING,0.9440202
7090,1,1,WALKING,1.001348
7091,1,1,WALKING,1.002209
7092,1,1,WALKING,1.149072
7093,1,1,WALKING,1.305151
7094,1,1,WALKING,1.336807
7095,1,1,WALKING,1.321419
7096,1,1,WALKING,1.212227
7097,1,1,WALKING,1.095845
7098,1,1,WALKING,0.9043502
7099,1,1,WALKING,0.7680073
7100,1,1,WALKING,0.8846807
7101,1,1,WALKING,1.094052
7102,1,1,WALKING,1.356619
7103,1,1,WALKING,1.500035
7104,1,1,WALKING,0.6356514
7105,1,1,WALKING,0.7563035
7106,1,1,WALKING,0.9789585
7107,1,1,WALKING,1.233137
7108,1,1,WALKING,1.560783
7109,1,1,WALKING,1.7462
7110,1,1,WALKING,1.504969
7111,1,1,WALKING,1.230699
7112,1,1,WALKING,1.169836
7113,1,1,WALKING,1.246137
7114,1,1,WALKING,1.29024
7115,1,1,WALKING,1.040133
7116,1,1,WALKING,0.7797879
7117,1,1,WALKING,0.844845
7118,1,1,WALKING,0.9690856
7119,1,1,WALKING,0.9755525
7120,1,1,WALKING,0.9711192
7121,1,1,WALKING,0.9570362
7122,1,1,WALKING,0.9427734
7123,1,1,WALKING,0.8977869
7124,1,1,WALKING,0.7559712
7125,1,1,WALKING,0.6927687
7126,1,1,WALKING,0.7720437
7127,1,1,WALKING,0.8631361
7128,1,1,WALKING,0.9426249
7129,1,1,WALKING,0.946841
7130,1,1,WALKING,0.8890409
7131,1,1,WALKING,0.8823288
7132,1,1,WALKING,0.9214995
7133,1,1,WALKING,0.9919666
7134,1,1,WALKING,1.065944
7135,1,1,WALKING,1.103086
7136,1,1,WALKING,1.119169
7137,1,1,WALKING,1.145143
7138,1,1,WALKING,1.253859
7139,1,1,WALKING,1.392411
7140,1,1,WALKING,1.327962
7141,1,1,WALKING,1.056368
7142,1,1,WALKING,0.8171584
7143,1,1,WALKING,0.8031286
7144,1,1,WALKING,1.027406
7145,1,1,WALKING,1.170439
7146,1,1,WALKING,1.096123
7147,1,1,WALKING,1.079192
7148,1,1,WALKING,1.08658
7149,1,1,WALKING,0.9654347
7150,1,1,WALKING,0.8612456
7151,1,1,WALKING,0.8316439
7152,1,1,WALKING,0.750656
7153,1,1,WALKING,0.6265521
7154,1,1,WALKING,0.5629773
7155,1,1,WALKING,0.4884467
7156,1,1,WALKING,0.4311802
7157,1,1,WALKING,0.5058409
7158,1,1,WALKING,0.6499405
7159,1,1,WALKING,0.8622803
7160,1,1,WALKING,1.050971
7161,1,1,WALKING,1.186628
7162,1,1,WALKING,1.442211
7163,1,1,WALKING,1.595724
7164,1,1,WALKING,1.458101
7165,1,1,WALKING,1.363426
7166,1,1,WALKING,1.413108
7167,1,1,WALKING,1.379082
7168,1,1,WALKING,1.271727
7169,1,1,WALKING,1.019858
7170,1,1,WALKING,0.6849628
7171,1,1,WALKING,0.7858524
7172,1,1,WALKING,1.043222
7173,1,1,WALKING,0.9759324
7174,1,1,WALKING,0.9699961
7175,1,1,WALKING,0.9682786
7176,1,1,WALKING,0.8698412
7177,1,1,WALKING,0.8493141
7178,1,1,WALKING,0.6996352
7179,1,1,WALKING,0.6757898
7180,1,1,WALKING,0.8316838
7181,1,1,WALKING,0.8798711
7182,1,1,WALKING,0.9471703
7183,1,1,WALKING,0.9294887
7184,1,1,WALKING,0.9099436
7185,1,1,WALKING,0.9611449
7186,1,1,WALKING,0.919207
7187,1,1,WALKING,0.9823278
7188,1,1,WALKING,1.106861
7189,1,1,WALKING,1.212538
7190,1,1,WALKING,1.289641
7191,1,1,WALKING,1.290097
7192,1,1,WALKING,1.360289
7193,1,1,WALKING,1.270015
7194,1,1,WALKING,0.9885358
7195,1,1,WALKING,0.8651226
7196,1,1,WALKING,0.9235995
7197,1,1,WALKING,1.118236
7198,1,1,WALKING,1.374305
7199,1,1,WALKING,1.548477
7200,1,1,WALKING,1.422039
7201,1,1,WALKING,1.123918
7202,1,1,WALKING,1.023443
7203,1,1,WALKING,0.8712368
7204,1,1,WALKING,0.6581351
7205,1,1,WALKING,0.6686759
7206,1,1,WALKING,0.6762429
7207,1,1,WALKING,0.5974832
7208,1,1,WALKING,0.563807
7209,1,1,WALKING,0.5904539
7210,1,1,WALKING,0.6021398
7211,1,1,WALKING,0.6478648
7212,1,1,WALKING,0.7793477
7213,1,1,WALKING,0.8482939
7214,1,1,WALKING,0.9560849
7215,1,1,WALKING,1.171134
7216,1,1,WALKING,1.428777
7217,1,1,WALKING,1.588681
7218,1,1,WALKING,1.439633
7219,1,1,WALKING,1.30373
7220,1,1,WALKING,1.314702
7221,1,1,WALKING,1.238315
7222,1,1,WALKING,1.101786
7223,1,1,WALKING,0.903458
7224,1,1,WALKING,0.8542819
7225,1,1,WALKING,1.045491
7226,1,1,WALKING,1.124206
7227,1,1,WALKING,1.006924
7228,1,1,WALKING,0.8989343
7229,1,1,WALKING,0.9230062
7230,1,1,WALKING,0.8986164
7231,1,1,WALKING,0.7381926
7232,1,1,WALKING,0.6823728
7233,1,1,WALKING,0.7267891
7234,1,1,WALKING,0.8125558
7235,1,1,WALKING,0.9191753
7236,1,1,WALKING,0.8983348
7237,1,1,WALKING,0.8482674
7238,1,1,WALKING,0.8608004
7239,1,1,WALKING,0.8853937
7240,1,1,WALKING,0.9723902
7241,1,1,WALKING,1.087881
7242,1,1,WALKING,1.144762
7243,1,1,WALKING,1.155512
7244,1,1,WALKING,1.172935
7245,1,1,WALKING,1.216792
7246,1,1,WALKING,1.274043
7247,1,1,WALKING,1.278455
7248,1,1,WALKING,1.132483
7249,1,1,WALKING,0.9409052
7250,1,1,WALKING,0.9234327
7251,1,1,WALKING,1.106813
7252,1,1,WALKING,1.428695
7253,1,1,WALKING,1.650505
7254,1,1,WALKING,1.381614
7255,1,1,WALKING,0.9308928
7256,1,1,WALKING,0.8149614
7257,1,1,WALKING,0.7226409
7258,1,1,WALKING,0.6169294
7259,1,1,WALKING,0.7007032
7260,1,1,WALKING,0.6607892
7261,1,1,WALKING,0.6164365
7262,1,1,WALKING,0.6551102
7263,1,1,WALKING,0.6079888
7264,1,1,WALKING,0.6837563
7265,1,1,WALKING,0.7987597
7266,1,1,WALKING,0.8479842
7267,1,1,WALKING,0.8994023
7268,1,1,WALKING,0.9730533
7269,1,1,WALKING,1.238653
7270,1,1,WALKING,1.513408
7271,1,1,WALKING,1.55981
7272,1,1,WALKING,1.452402
7273,1,1,WALKING,1.355686
7274,1,1,WALKING,1.370437
7275,1,1,WALKING,1.21909
7276,1,1,WALKING,0.851508
7277,1,1,WALKING,0.6799203
7278,1,1,WALKING,0.9182232
7279,1,1,WALKING,1.249436
7280,1,1,WALKING,1.23143
7281,1,1,WALKING,1.067517
7282,1,1,WALKING,0.9354715
7283,1,1,WALKING,0.7835933
7284,1,1,WALKING,0.8014199
7285,1,1,WALKING,0.77743
7286,1,1,WALKING,0.6797841
7287,1,1,WALKING,0.7694297
7288,1,1,WALKING,0.8624346
7289,1,1,WALKING,0.9427926
7290,1,1,WALKING,0.9749257
7291,1,1,WALKING,0.8780623
7292,1,1,WALKING,0.8700131
7293,1,1,WALKING,0.8993843
7294,1,1,WALKING,0.9483552
7295,1,1,WALKING,1.07844
7296,1,1,WALKING,1.128987
7297,1,1,WALKING,1.139051
7298,1,1,WALKING,1.181006
7299,1,1,WALKING,1.224591
7300,1,1,WALKING,1.274656
7301,1,1,WALKING,1.277033
7302,1,1,WALKING,1.18394
7303,1,1,WALKING,0.9963026
7304,1,1,WALKING,0.8899173
7305,1,1,WALKING,1.043133
7306,1,1,WALKING,1.294905
7307,1,1,WALKING,1.439362
7308,1,1,WALKING,1.407555
7309,1,1,WALKING,1.175484
7310,1,1,WALKING,0.9214359
7311,1,1,WALKING,0.8400271
7312,1,1,WALKING,0.7895079
7313,1,1,WALKING,0.6756462
7314,1,1,WALKING,0.6583909
7315,1,1,WALKING,0.6616377
7316,1,1,WALKING,0.6154158
7317,1,1,WALKING,0.6739195
7318,1,1,WALKING,0.7394211
7319,1,1,WALKING,0.7598793
7320,1,1,WALKING,0.823075
7321,1,1,WALKING,0.8601579
7322,1,1,WALKING,0.953581
7323,1,1,WALKING,1.19151
7324,1,1,WALKING,1.491275
7325,1,1,WALKING,1.636612
7326,1,1,WALKING,1.483766
7327,1,1,WALKING,1.36306
7328,1,1,WALKING,1.32994
7329,1,1,WALKING,1.083145
7330,1,1,WALKING,0.8032836
7331,1,1,WALKING,0.7461462
7332,1,1,WALKING,0.9702225
7333,1,1,WALKING,1.198651
7334,1,1,WALKING,1.028424
7335,1,1,WALKING,0.8403219
7336,1,1,WALKING,0.905016
7337,1,1,WALKING,0.8675959
7338,1,1,WALKING,0.8195004
7339,1,1,WALKING,0.8349415
7340,1,1,WALKING,0.7887668
7341,1,1,WALKING,0.8640344
7342,1,1,WALKING,0.9500007
7343,1,1,WALKING,0.8980728
7344,1,1,WALKING,0.8798926
7345,1,1,WALKING,0.8928677
7346,1,1,WALKING,0.904897
7347,1,1,WALKING,0.9587063
7348,1,1,WALKING,1.01731
7349,1,1,WALKING,1.054216
7350,1,1,WALKING,1.085448
7351,1,1,WALKING,1.092078
7352,1,1,WALKING,1.075352
7353,1,1,WALKING,1.125873
7354,1,1,WALKING,1.216446
7355,1,1,WALKING,1.245339
7356,1,1,WALKING,1.160184
7357,1,1,WALKING,1.005238
7358,1,1,WALKING,0.9999935
7359,1,1,WALKING,1.195701
7360,1,1,WALKING,1.429742
7361,1,1,WALKING,1.490214
7362,1,1,WALKING,1.262414
7363,1,1,WALKING,1.012156
7364,1,1,WALKING,0.9261775
7365,1,1,WALKING,0.8943861
7366,1,1,WALKING,0.8352049
7367,1,1,WALKING,0.707021
7368,1,1,WALKING,0.6262832
7369,1,1,WALKING,0.6467017
7370,1,1,WALKING,0.6388579
7371,1,1,WALKING,0.650116
7372,1,1,WALKING,0.7204706
7373,1,1,WALKING,0.758553
7374,1,1,WALKING,0.8001713
7375,1,1,WALKING,0.8630629
7376,1,1,WALKING,0.9148956
7377,1,1,WALKING,1.101626
7378,1,1,WALKING,1.365181
7379,1,1,WALKING,1.442772
7380,1,1,WALKING,1.460422
7381,1,1,WALKING,1.529003
7382,1,1,WALKING,1.512957
7383,1,1,WALKING,1.406845
7384,1,1,WALKING,1.107305
7385,1,1,WALKING,0.704421
7386,1,1,WALKING,0.6793605
7387,1,1,WALKING,0.9701091
7388,1,1,WALKING,1.107447
7389,1,1,WALKING,1.069627
7390,1,1,WALKING,0.9743576
7391,1,1,WALKING,0.848348
7392,1,1,WALKING,0.7565816
7393,1,1,WALKING,0.7030141
7394,1,1,WALKING,0.7120566
7395,1,1,WALKING,0.7845741
7396,1,1,WALKING,0.897828
7397,1,1,WALKING,0.9759034
7398,1,1,WALKING,0.9196091
7399,1,1,WALKING,0.8886001
7400,1,1,WALKING,0.9364875
7401,1,1,WALKING,0.9408491
7402,1,1,WALKING,0.9578188
7403,1,1,WALKING,0.983771
7404,1,1,WALKING,1.011775
7405,1,1,WALKING,1.087185
7406,1,1,WALKING,1.163
7407,1,1,WALKING,1.255199
7408,1,1,WALKING,1.339177
7409,1,1,WALKING,1.334653
7410,1,1,WALKING,1.226094
7411,1,1,WALKING,1.019337
7412,1,1,WALKING,0.8980226
7413,1,1,WALKING,1.034139
7414,1,1,WALKING,1.276638
7415,1,1,WALKING,1.437447
7416,1,1,WALKING,1.414031
7417,1,1,WALKING,1.207642
7418,1,1,WALKING,0.9987912
7419,1,1,WALKING,0.8587012
7420,1,1,WALKING,0.7833494
7421,1,1,WALKING,0.7642307
7422,1,1,WALKING,0.7175953
7423,1,1,WALKING,0.6854363
7424,1,1,WALKING,0.6721125
7425,1,1,WALKING,0.6449038
7426,1,1,WALKING,0.6558856
7427,1,1,WALKING,0.6949422
7428,1,1,WALKING,0.7703613
7429,1,1,WALKING,0.7989667
7430,1,1,WALKING,0.8048849
7431,1,1,WALKING,0.9777701
7432,1,1,WALKING,1.236254
7433,1,1,WALKING,1.447135
7434,1,1,WALKING,1.486636
7435,1,1,WALKING,1.339743
7436,1,1,WALKING,1.279751
7437,1,1,WALKING,1.373493
7438,1,1,WALKING,1.41547
7439,1,1,WALKING,1.188835
7440,1,1,WALKING,0.7660991
7441,1,1,WALKING,0.5929775
7442,1,1,WALKING,0.8580229
7443,1,1,WALKING,1.134633
7444,1,1,WALKING,1.069602
7445,1,1,WALKING,0.981943
7446,1,1,WALKING,0.9244179
7447,1,1,WALKING,0.6898632
7448,1,1,WALKING,0.6676977
7449,1,1,WALKING,0.7956183
7450,1,1,WALKING,0.8152633
7451,1,1,WALKING,0.9516127
7452,1,1,WALKING,1.000739
7453,1,1,WALKING,0.966238
7454,1,1,WALKING,1.024267
7455,1,1,WALKING,0.9416098
7456,1,1,WALKING,0.8962602
7457,1,1,WALKING,0.9536886
7458,1,1,WALKING,0.9408673
7459,1,1,WALKING,0.9769108
7460,1,1,WALKING,0.9831271
7461,1,1,WALKING,0.9912717
7462,1,1,WALKING,1.11759
7463,1,1,WALKING,1.222502
7464,1,1,WALKING,1.26562
7465,1,1,WALKING,1.228718
7466,1,1,WALKING,1.153735
7467,1,1,WALKING,1.058117
7468,1,1,WALKING,0.9553592
7469,1,1,WALKING,1.039877
7470,1,1,WALKING,1.255477
7471,1,1,WALKING,1.479815
7472,1,1,WALKING,1.554718
7473,1,1,WALKING,1.265203
7474,1,1,WALKING,0.9420275
7475,1,1,WALKING,0.8397482
7476,1,1,WALKING,0.815465
7477,1,1,WALKING,0.8142266
7478,1,1,WALKING,0.7442656
7479,1,1,WALKING,0.6597039
7480,1,1,WALKING,0.6490024
7481,1,1,WALKING,0.6450967
7482,1,1,WALKING,0.6721919
7483,1,1,WALKING,0.7272404
7484,1,1,WALKING,0.7941403
7485,1,1,WALKING,0.8172873
7486,1,1,WALKING,0.8168854
7487,1,1,WALKING,0.9322664
7488,1,1,WALKING,1.094995
7489,1,1,WALKING,1.302443
7490,1,1,WALKING,1.462518
7491,1,1,WALKING,1.384595
7492,1,1,WALKING,1.351121
7493,1,1,WALKING,1.448746
7494,1,1,WALKING,1.403248
7495,1,1,WALKING,1.152021
7496,1,1,WALKING,0.722293
7497,1,1,WALKING,0.51133
7498,1,1,WALKING,0.8196119
7499,1,1,WALKING,1.127518
7500,1,1,WALKING,1.149863
7501,1,1,WALKING,1.103715
7502,1,1,WALKING,0.9664469
7503,1,1,WALKING,0.7653349
7504,1,1,WALKING,0.6456694
7505,1,1,WALKING,0.6639498
7506,1,1,WALKING,0.8272695
7507,1,1,WALKING,1.007336
7508,1,1,WALKING,1.060041
7509,1,1,WALKING,0.9652886
7510,1,1,WALKING,0.8951152
7511,1,1,WALKING,0.9210348
7512,1,1,WALKING,0.9317514
7513,1,1,WALKING,0.9738709
7514,1,1,WALKING,0.9937097
7515,1,1,WALKING,0.9610133
7516,1,1,WALKING,0.9876331
7517,1,1,WALKING,1.027166
7518,1,1,WALKING,1.123104
7519,1,1,WALKING,1.254895
7520,1,1,WALKING,1.321438
7521,1,1,WALKING,1.345344
7522,1,1,WALKING,1.252239
7523,1,1,WALKING,1.05676
7524,1,1,WALKING,0.8759923
7525,1,1,WALKING,0.8449885
7526,1,1,WALKING,1.061342
7527,1,1,WALKING,1.337147
7528,1,1,WALKING,1.43402
7529,1,1,WALKING,1.282247
7530,1,1,WALKING,1.031868
7531,1,1,WALKING,0.8743989
7532,1,1,WALKING,0.8028409
7533,1,1,WALKING,0.7990784
7534,1,1,WALKING,0.7863488
7535,1,1,WALKING,0.7378103
7536,1,1,WALKING,0.7221032
7537,1,1,WALKING,0.6784563
7538,1,1,WALKING,0.6702776
7539,1,1,WALKING,0.7099827
7540,1,1,WALKING,0.7250014
7541,1,1,WALKING,0.8044371
7542,1,1,WALKING,0.8817527
7543,1,1,WALKING,0.9355934
7544,1,1,WALKING,1.08393
7545,1,1,WALKING,1.320329
7546,1,1,WALKING,1.527086
7547,1,1,WALKING,1.519992
7548,1,1,WALKING,1.426631
7549,1,1,WALKING,1.436878
7550,1,1,WALKING,1.386669
7551,1,1,WALKING,1.129429
7552,1,1,WALKING,0.7090905
7553,1,1,WALKING,0.5477371
7554,1,1,WALKING,0.8868299
7555,1,1,WALKING,1.166797
7556,1,1,WALKING,1.144613
7557,1,1,WALKING,1.088908
7558,1,1,WALKING,0.9665131
7559,1,1,WALKING,0.8158913
7560,1,1,WALKING,0.7823225
7561,1,1,WALKING,0.7566931
7562,1,1,WALKING,0.7306485
7563,1,1,WALKING,0.8564633
7564,1,1,WALKING,1.005889
7565,1,1,WALKING,1.002982
7566,1,1,WALKING,0.9653196
7567,1,1,WALKING,0.9505925
7568,1,1,WALKING,0.9576726
7569,1,1,WALKING,0.9803929
7570,1,1,WALKING,0.9642409
7571,1,1,WALKING,0.9725196
7572,1,1,WALKING,0.9825668
7573,1,1,WALKING,1.000809
7574,1,1,WALKING,1.08895
7575,1,1,WALKING,1.176962
7576,1,1,WALKING,1.259975
7577,1,1,WALKING,1.283253
7578,1,1,WALKING,1.199146
7579,1,1,WALKING,1.053256
7580,1,1,WALKING,0.9013466
7581,1,1,WALKING,0.9059661
7582,1,1,WALKING,1.096683
7583,1,1,WALKING,1.340658
7584,1,1,WALKING,1.467573
7585,1,1,WALKING,1.369969
7586,1,1,WALKING,1.184531
7587,1,1,WALKING,0.9999912
7588,1,1,WALKING,0.887483
7589,1,1,WALKING,0.9034526
7590,1,1,WALKING,0.8235346
7591,1,1,WALKING,0.6892755
7592,1,1,WALKING,0.6544891
7593,1,1,WALKING,0.5951361
7594,1,1,WALKING,0.6216619
7595,1,1,WALKING,0.7381871
7596,1,1,WALKING,0.8048477
7597,1,1,WALKING,0.8773156
7598,1,1,WALKING,0.8888636
7599,1,1,WALKING,0.915556
7600,1,1,WALKING,1.029619
7601,1,1,WALKING,1.184234
7602,1,1,WALKING,1.375141
7603,1,1,WALKING,1.366315
7604,1,1,WALKING,1.254542
7605,1,1,WALKING,1.278435
7606,1,1,WALKING,1.349687
7607,1,1,WALKING,1.393445
7608,1,1,WALKING,1.133315
7609,1,1,WALKING,0.7384684
7610,1,1,WALKING,0.7601779
7611,1,1,WALKING,0.9567648
7612,1,1,WALKING,1.01881
7613,1,1,WALKING,1.025039
7614,1,1,WALKING,0.9473268
7615,1,1,WALKING,0.8562677
7616,1,1,WALKING,0.815193
7617,1,1,WALKING,0.7818135
7618,1,1,WALKING,0.8047075
7619,1,1,WALKING,0.8972393
7620,1,1,WALKING,0.9946641
7621,1,1,WALKING,0.9972477
7622,1,1,WALKING,0.9281251
7623,1,1,WALKING,0.9250027
7624,1,1,WALKING,0.9427336
7625,1,1,WALKING,0.9573215
7626,1,1,WALKING,0.997858
7627,1,1,WALKING,0.983439
7628,1,1,WALKING,0.981049
7629,1,1,WALKING,1.036497
7630,1,1,WALKING,1.093308
7631,1,1,WALKING,1.157679
7632,1,1,WALKING,1.196712
7633,1,1,WALKING,1.240294
7634,1,1,WALKING,1.250857
7635,1,1,WALKING,1.098796
7636,1,1,WALKING,0.9180192
7637,1,1,WALKING,0.8985339
7638,1,1,WALKING,0.9834551
7639,1,1,WALKING,1.136585
7640,1,1,WALKING,1.392419
7641,1,1,WALKING,1.468986
7642,1,1,WALKING,1.227448
7643,1,1,WALKING,1.027472
7644,1,1,WALKING,0.9549982
7645,1,1,WALKING,0.924088
7646,1,1,WALKING,0.9395919
7647,1,1,WALKING,0.8609976
7648,1,1,WALKING,0.749093
7649,1,1,WALKING,0.6717225
7650,1,1,WALKING,0.6251894
7651,1,1,WALKING,0.7063664
7652,1,1,WALKING,0.7874235
7653,1,1,WALKING,0.8135263
7654,1,1,WALKING,0.8604596
7655,1,1,WALKING,0.9047785
7656,1,1,WALKING,0.9822633
7657,1,1,WALKING,1.101261
7658,1,1,WALKING,1.232372
7659,1,1,WALKING,1.294213
7660,1,1,WALKING,1.266806
7661,1,1,WALKING,1.279786
7662,1,1,WALKING,1.307264
7663,1,1,WALKING,1.260582
7664,1,1,WALKING,1.145075
7665,1,1,WALKING,1.009751
7666,1,1,WALKING,0.9410715
7667,1,1,WALKING,0.901208
7668,1,1,WALKING,0.8937955
7669,1,1,WALKING,1.011712
7670,1,1,WALKING,1.085052
7671,1,1,WALKING,1.020321
7672,1,1,WALKING,0.9320059
7673,1,1,WALKING,0.7964486
7674,1,1,WALKING,0.7329278
7675,1,1,WALKING,0.8130823
7676,1,1,WALKING,0.8912427
7677,1,1,WALKING,0.9837278
7678,1,1,WALKING,1.007675
7679,1,1,WALKING,0.9318882
7680,1,1,WALKING,0.9341592
7681,1,1,WALKING,0.9707956
7682,1,1,WALKING,1.008869
7683,1,1,WALKING,1.047774
7684,1,1,WALKING,0.9822168
7685,1,1,WALKING,0.9204708
7686,1,1,WALKING,0.9613682
7687,1,1,WALKING,1.028792
7688,1,1,WALKING,1.14054
7689,1,1,WALKING,1.287505
7690,1,1,WALKING,1.371937
7691,1,1,WALKING,1.3644
7692,1,1,WALKING,1.21595
7693,1,1,WALKING,0.9453515
7694,1,1,WALKING,0.7769959
7695,1,1,WALKING,0.8269307
7696,1,1,WALKING,1.016857
7697,1,1,WALKING,1.276578
7698,1,1,WALKING,1.422548
7699,1,1,WALKING,1.339604
7700,1,1,WALKING,1.186646
7701,1,1,WALKING,1.015335
7702,1,1,WALKING,0.8850109
7703,1,1,WALKING,0.8844149
7704,1,1,WALKING,0.8200223
7705,1,1,WALKING,0.7394457
7706,1,1,WALKING,0.7546838
7707,1,1,WALKING,0.691933
7708,1,1,WALKING,0.6665075
7709,1,1,WALKING,0.7153815
7710,1,1,WALKING,0.7195143
7711,1,1,WALKING,0.7818617
7712,1,1,WALKING,0.8621023
7713,1,1,WALKING,0.9538383
7714,1,1,WALKING,1.062103
7715,1,1,WALKING,1.166597
7716,1,1,WALKING,1.344701
7717,1,1,WALKING,1.388443
7718,1,1,WALKING,1.345058
7719,1,1,WALKING,1.476287
7720,1,1,WALKING,1.514835
7721,1,1,WALKING,1.204941
7722,1,1,WALKING,0.7055434
7723,1,1,WALKING,0.5028221
7724,1,1,WALKING,0.791869
7725,1,1,WALKING,1.103965
7726,1,1,WALKING,1.259496
7727,1,1,WALKING,1.269956
7728,1,1,WALKING,0.9850239
7729,1,1,WALKING,0.6910761
7730,1,1,WALKING,0.6681937
7731,1,1,WALKING,0.7784459
7732,1,1,WALKING,0.8701713
7733,1,1,WALKING,0.9670501
7734,1,1,WALKING,1.058988
7735,1,1,WALKING,0.9849144
7736,1,1,WALKING,0.874545
7737,1,1,WALKING,0.9013976
7738,1,1,WALKING,0.9577357
7739,1,1,WALKING,1.029977
7740,1,1,WALKING,1.027543
7741,1,1,WALKING,0.9589205
7742,1,1,WALKING,0.9807228
7743,1,1,WALKING,1.002769
7744,1,1,WALKING,1.03723
7745,1,1,WALKING,1.080994
7746,1,1,WALKING,1.083153
7747,1,1,WALKING,1.163409
7748,1,1,WALKING,1.235507
7749,1,1,WALKING,1.212107
7750,1,1,WALKING,1.105267
7751,1,1,WALKING,0.9268618
7752,1,1,WALKING,0.8555235
7753,1,1,WALKING,0.9727431
7754,1,1,WALKING,1.211398
7755,1,1,WALKING,1.389825
7756,1,1,WALKING,1.334096
7757,1,1,WALKING,1.228551
7758,1,1,WALKING,1.216876
7759,1,1,WALKING,1.142104
7760,1,1,WALKING,1.027441
7761,1,1,WALKING,0.9355362
7762,1,1,WALKING,0.7816907
7763,1,1,WALKING,0.6934428
7764,1,1,WALKING,0.6863379
7765,1,1,WALKING,0.6546036
7766,1,1,WALKING,0.6941973
7767,1,1,WALKING,0.7413492
7768,1,1,WALKING,0.777144
7769,1,1,WALKING,0.8810084
7770,1,1,WALKING,0.9965557
7771,1,1,WALKING,1.121749
7772,1,1,WALKING,1.258588
7773,1,1,WALKING,1.367387
7774,1,1,WALKING,1.299388
7775,1,1,WALKING,1.190273
7776,1,1,WALKING,1.270875
7777,1,1,WALKING,1.244035
7778,1,1,WALKING,1.115634
7779,1,1,WALKING,1.038196
7780,1,1,WALKING,0.8511525
7781,1,1,WALKING,0.7303425
7782,1,1,WALKING,0.8487007
7783,1,1,WALKING,1.041593
7784,1,1,WALKING,1.049111
7785,1,1,WALKING,0.9674701
7786,1,1,WALKING,0.967976
7787,1,1,WALKING,0.830834
7788,1,1,WALKING,0.7437789
7789,1,1,WALKING,0.8191713
7790,1,1,WALKING,0.853767
7791,1,1,WALKING,0.9833537
7792,1,1,WALKING,1.026098
7793,1,1,WALKING,0.9254159
7794,1,1,WALKING,0.9234406
7795,1,1,WALKING,0.9352041
7796,1,1,WALKING,0.9656529
7797,1,1,WALKING,1.01977
7798,1,1,WALKING,1.053972
7799,1,1,WALKING,1.013482
7800,1,1,WALKING,0.9161579
7801,1,1,WALKING,0.9744981
7802,1,1,WALKING,1.069705
7803,1,1,WALKING,1.102446
7804,1,1,WALKING,1.135391
7805,1,1,WALKING,1.109656
7806,1,1,WALKING,1.135642
7807,1,1,WALKING,1.176633
7808,1,1,WALKING,1.142251
7809,1,1,WALKING,1.03759
7810,1,1,WALKING,0.8683364
7811,1,1,WALKING,0.9320694
7812,1,1,WALKING,1.178504
7813,1,1,WALKING,1.294096
7814,1,1,WALKING,1.323249
7815,1,1,WALKING,1.282694
7816,1,1,WALKING,1.192882
7817,1,1,WALKING,1.061716
7818,1,1,WALKING,0.9705112
7819,1,1,WALKING,0.955905
7820,1,1,WALKING,0.8087366
7821,1,1,WALKING,0.7009258
7822,1,1,WALKING,0.7012304
7823,1,1,WALKING,0.7076725
7824,1,1,WALKING,0.788368
7825,1,1,WALKING,0.7908111
7826,1,1,WALKING,0.8275963
7827,1,1,WALKING,0.8592728
7828,1,1,WALKING,0.7959363
7829,1,1,WALKING,0.9107253
7830,1,1,WALKING,0.9920263
7831,1,1,WALKING,1.054053
7832,1,1,WALKING,1.222928
7833,1,1,WALKING,1.239696
7834,1,1,WALKING,1.27446
7835,1,1,WALKING,1.433443
7836,1,1,WALKING,1.519784
7837,1,1,WALKING,1.347829
7838,1,1,WALKING,0.9238491
7839,1,1,WALKING,0.6670635
7840,1,1,WALKING,0.8297063
7841,1,1,WALKING,1.094969
7842,1,1,WALKING,1.096755
7843,1,1,WALKING,0.9858548
7844,1,1,WALKING,0.8946136
7845,1,1,WALKING,0.7993212
7846,1,1,WALKING,0.8078151
7847,1,1,WALKING,0.7888072
7848,1,1,WALKING,0.837597
7849,1,1,WALKING,1.010474
7850,1,1,WALKING,1.039348
7851,1,1,WALKING,1.029145
7852,1,1,WALKING,0.9847894
7853,1,1,WALKING,0.9079365
7854,1,1,WALKING,0.9263982
7855,1,1,WALKING,0.9509296
7856,1,1,WALKING,1.000743
7857,1,1,WALKING,1.008222
7858,1,1,WALKING,0.9877277
7859,1,1,WALKING,1.018622
7860,1,1,WALKING,1.001088
7861,1,1,WALKING,1.009507
7862,1,1,WALKING,1.059662
7863,1,1,WALKING,1.143674
7864,1,1,WALKING,1.250238
7865,1,1,WALKING,1.241996
7866,1,1,WALKING,1.174878
7867,1,1,WALKING,1.074537
7868,1,1,WALKING,0.9283731
7869,1,1,WALKING,0.8739643
7870,1,1,WALKING,0.97224
7871,1,1,WALKING,1.168265
7872,1,1,WALKING,1.360235
7873,1,1,WALKING,1.420006
7874,1,1,WALKING,1.280178
7875,1,1,WALKING,1.102947
7876,1,1,WALKING,0.9997399
7877,1,1,WALKING,0.8572101
7878,1,1,WALKING,0.7422699
7879,1,1,WALKING,0.7020071
7880,1,1,WALKING,0.6748237
7881,1,1,WALKING,0.7625214
7882,1,1,WALKING,0.920687
7883,1,1,WALKING,1.007041
7884,1,1,WALKING,0.9995133
7885,1,1,WALKING,0.8847623
7886,1,1,WALKING,0.7514429
7887,1,1,WALKING,0.7297738
7888,1,1,WALKING,0.8157563
7889,1,1,WALKING,0.9673755
7890,1,1,WALKING,1.199126
7891,1,1,WALKING,1.380292
7892,1,1,WALKING,1.351262
7893,1,1,WALKING,1.316232
7894,1,1,WALKING,1.388264
7895,1,1,WALKING,1.37893
7896,1,1,WALKING,1.241671
7897,1,1,WALKING,0.949327
7898,1,1,WALKING,0.6538805
7899,1,1,WALKING,0.6800417
7900,1,1,WALKING,0.9129808
7901,1,1,WALKING,1.079825
7902,1,1,WALKING,1.104028
7903,1,1,WALKING,1.044834
7904,1,1,WALKING,1.023919
7905,1,1,WALKING,0.8943104
7906,1,1,WALKING,0.6761385
7907,1,1,WALKING,0.7237598
7908,1,1,WALKING,0.9144157
7909,1,1,WALKING,0.9818589
7910,1,1,WALKING,0.9717767
7911,1,1,WALKING,0.9295471
7912,1,1,WALKING,0.9164045
7913,1,1,WALKING,0.8768129
7914,1,1,WALKING,0.8451557
7915,1,1,WALKING,0.9840993
7916,1,1,WALKING,1.100647
7917,1,1,WALKING,1.107792
7918,1,1,WALKING,1.135077
7919,1,1,WALKING,1.147299
7920,1,1,WALKING,1.149011
7921,1,1,WALKING,1.180711
7922,1,1,WALKING,1.240187
7923,1,1,WALKING,1.227384
7924,1,1,WALKING,1.080682
7925,1,1,WALKING,0.927715
7926,1,1,WALKING,0.8611092
7927,1,1,WALKING,0.9089741
7928,1,1,WALKING,1.101822
7929,1,1,WALKING,1.441853
7930,1,1,WALKING,1.609465
7931,1,1,WALKING,1.367725
7932,1,1,WALKING,1.084004
7933,1,1,WALKING,0.8818856
7934,1,1,WALKING,0.766672
7935,1,1,WALKING,0.8544267
7936,1,1,WALKING,0.8356068
7937,1,1,WALKING,0.7344684
7938,1,1,WALKING,0.705608
7939,1,1,WALKING,0.6164022
7940,1,1,WALKING,0.6331978
7941,1,1,WALKING,0.734638
7942,1,1,WALKING,0.8058061
7943,1,1,WALKING,0.8803621
7944,1,1,WALKING,0.8636297
7945,1,1,WALKING,0.9222261
7946,1,1,WALKING,1.124421
7947,1,1,WALKING,1.328682
7948,1,1,WALKING,1.464396
7949,1,1,WALKING,1.379725
7950,1,1,WALKING,1.294823
7951,1,1,WALKING,1.356686
7952,1,1,WALKING,1.307076
7953,1,1,WALKING,1.154741
7954,1,1,WALKING,0.8836609
7955,1,1,WALKING,0.6737878
7956,1,1,WALKING,0.8589236
7957,1,1,WALKING,1.057514
7958,1,1,WALKING,1.036304
7959,1,1,WALKING,1.01554
7960,1,1,WALKING,0.9361367
7961,1,1,WALKING,0.8261286
7962,1,1,WALKING,0.7541667
7963,1,1,WALKING,0.7368501
7964,1,1,WALKING,0.8697501
7965,1,1,WALKING,0.986961
7966,1,1,WALKING,1.021808
7967,1,1,WALKING,1.041989
7968,1,1,WALKING,0.9658922
7969,1,1,WALKING,0.8988116
7970,1,1,WALKING,0.9311081
7971,1,1,WALKING,0.9785425
7972,1,1,WALKING,0.9987977
7973,1,1,WALKING,0.9940319
7974,1,1,WALKING,0.9799122
7975,1,1,WALKING,0.9698205
7976,1,1,WALKING,1.027713
7977,1,1,WALKING,1.135802
7978,1,1,WALKING,1.217875
7979,1,1,WALKING,1.263248
7980,1,1,WALKING,1.249882
7981,1,1,WALKING,1.173067
7982,1,1,WALKING,1.002056
7983,1,1,WALKING,0.8384801
7984,1,1,WALKING,0.8742955
7985,1,1,WALKING,1.095358
7986,1,1,WALKING,1.384873
7987,1,1,WALKING,1.488723
7988,1,1,WALKING,1.285191
7989,1,1,WALKING,1.046485
7990,1,1,WALKING,0.9189475
7991,1,1,WALKING,0.8822553
7992,1,1,WALKING,0.9076422
7993,1,1,WALKING,0.8561247
7994,1,1,WALKING,0.7657188
7995,1,1,WALKING,0.7164113
7996,1,1,WALKING,0.6719106
7997,1,1,WALKING,0.6968707
7998,1,1,WALKING,0.7466625
7999,1,1,WALKING,0.8092658
8000,1,3,WALKING_DOWNSTAIRS,0.7911462
8001,1,3,WALKING_DOWNSTAIRS,0.7993577
8002,1,3,WALKING_DOWNSTAIRS,0.8239362
8003,1,3,WALKING_DOWNSTAIRS,0.862911
8004,1,3,WALKING_DOWNSTAIRS,0.8725306
8005,1,3,WALKING_DOWNSTAIRS,0.8874329
8006,1,3,WALKING_DOWNSTAIRS,0.8848654
8007,1,3,WALKING_DOWNSTAIRS,0.9135456
8008,1,3,WALKING_DOWNSTAIRS,0.9330374
8009,1,3,WALKING_DOWNSTAIRS,0.8860893
8010,1,3,WALKING_DOWNSTAIRS,0.8690956
8011,1,3,WALKING_DOWNSTAIRS,0.8925367
8012,1,3,WALKING_DOWNSTAIRS,0.9626064
8013,1,3,WALKING_DOWNSTAIRS,1.079476
8014,1,3,WALKING_DOWNSTAIRS,1.150295
8015,1,3,WALKING_DOWNSTAIRS,1.183389
8016,1,3,WALKING_DOWNSTAIRS,1.237186
8017,1,3,WALKING_DOWNSTAIRS,1.272736
8018,1,3,WALKING_DOWNSTAIRS,1.267895
8019,1,3,WALKING_DOWNSTAIRS,1.330162
8020,1,3,WALKING_DOWNSTAIRS,1.478346
8021,1,3,WALKING_DOWNSTAIRS,1.554385
8022,1,3,WALKING_DOWNSTAIRS,1.489221
8023,1,3,WALKING_DOWNSTAIRS,1.296199
8024,1,3,WALKING_DOWNSTAIRS,1.009778
8025,1,3,WALKING_DOWNSTAIRS,0.8326377
8026,1,3,WALKING_DOWNSTAIRS,0.8646903
8027,1,3,WALKING_DOWNSTAIRS,0.8678778
8028,1,3,WALKING_DOWNSTAIRS,0.822222
8029,1,3,WALKING_DOWNSTAIRS,0.8655755
8030,1,3,WALKING_DOWNSTAIRS,0.825324
8031,1,3,WALKING_DOWNSTAIRS,0.7635196
8032,1,3,WALKING_DOWNSTAIRS,0.8051886
8033,1,3,WALKING_DOWNSTAIRS,0.7894525
8034,1,3,WALKING_DOWNSTAIRS,0.7740465
8035,1,3,WALKING_DOWNSTAIRS,0.7585172
8036,1,3,WALKING_DOWNSTAIRS,0.6941786
8037,1,3,WALKING_DOWNSTAIRS,0.703007
8038,1,3,WALKING_DOWNSTAIRS,0.7675487
8039,1,3,WALKING_DOWNSTAIRS,0.8827555
8040,1,3,WALKING_DOWNSTAIRS,0.9899037
8041,1,3,WALKING_DOWNSTAIRS,1.00113
8042,1,3,WALKING_DOWNSTAIRS,0.9786552
8043,1,3,WALKING_DOWNSTAIRS,0.9652972
8044,1,3,WALKING_DOWNSTAIRS,1.005328
8045,1,3,WALKING_DOWNSTAIRS,1.050202
8046,1,3,WALKING_DOWNSTAIRS,1.048907
8047,1,3,WALKING_DOWNSTAIRS,1.069406
8048,1,3,WALKING_DOWNSTAIRS,1.111758
8049,1,3,WALKING_DOWNSTAIRS,1.157742
8050,1,3,WALKING_DOWNSTAIRS,1.173906
8051,1,3,WALKING_DOWNSTAIRS,1.161107
8052,1,3,WALKING_DOWNSTAIRS,1.180796
8053,1,3,WALKING_DOWNSTAIRS,1.26858
8054,1,3,WALKING_DOWNSTAIRS,1.53581
8055,1,3,WALKING_DOWNSTAIRS,1.776439
8056,1,3,WALKING_DOWNSTAIRS,1.475674
8057,1,3,WALKING_DOWNSTAIRS,0.9831196
8058,1,3,WALKING_DOWNSTAIRS,0.9937015
8059,1,3,WALKING_DOWNSTAIRS,1.117888
8060,1,3,WALKING_DOWNSTAIRS,1.032525
8061,1,3,WALKING_DOWNSTAIRS,0.9867172
8062,1,3,WALKING_DOWNSTAIRS,0.8689958
8063,1,3,WALKING_DOWNSTAIRS,0.795798
8064,1,3,WALKING_DOWNSTAIRS,0.8433239
8065,1,3,WALKING_DOWNSTAIRS,0.79628
8066,1,3,WALKING_DOWNSTAIRS,0.8297108
8067,1,3,WALKING_DOWNSTAIRS,0.9034426
8068,1,3,WALKING_DOWNSTAIRS,0.9067014
8069,1,3,WALKING_DOWNSTAIRS,0.8836901
8070,1,3,WALKING_DOWNSTAIRS,0.7584893
8071,1,3,WALKING_DOWNSTAIRS,0.6833625
8072,1,3,WALKING_DOWNSTAIRS,0.6580693
8073,1,3,WALKING_DOWNSTAIRS,0.6585311
8074,1,3,WALKING_DOWNSTAIRS,0.753824
8075,1,3,WALKING_DOWNSTAIRS,0.779625
8076,1,3,WALKING_DOWNSTAIRS,0.7784684
8077,1,3,WALKING_DOWNSTAIRS,0.7536951
8078,1,3,WALKING_DOWNSTAIRS,0.7208255
8079,1,3,WALKING_DOWNSTAIRS,0.9242014
8080,1,3,WALKING_DOWNSTAIRS,1.29612
8081,1,3,WALKING_DOWNSTAIRS,1.584593
8082,1,3,WALKING_DOWNSTAIRS,1.579132
8083,1,3,WALKING_DOWNSTAIRS,1.403985
8084,1,3,WALKING_DOWNSTAIRS,1.384354
8085,1,3,WALKING_DOWNSTAIRS,1.483901
8086,1,3,WALKING_DOWNSTAIRS,1.583185
8087,1,3,WALKING_DOWNSTAIRS,1.542409
8088,1,3,WALKING_DOWNSTAIRS,1.348868
8089,1,3,WALKING_DOWNSTAIRS,1.163656
8090,1,3,WALKING_DOWNSTAIRS,1.021863
8091,1,3,WALKING_DOWNSTAIRS,0.9992353
8092,1,3,WALKING_DOWNSTAIRS,0.9301019
8093,1,3,WALKING_DOWNSTAIRS,0.8007806
8094,1,3,WALKING_DOWNSTAIRS,0.8038894
8095,1,3,WALKING_DOWNSTAIRS,0.7007968
8096,1,3,WALKING_DOWNSTAIRS,0.6781227
8097,1,3,WALKING_DOWNSTAIRS,0.8291934
8098,1,3,WALKING_DOWNSTAIRS,0.816593
8099,1,3,WALKING_DOWNSTAIRS,0.8359032
8100,1,3,WALKING_DOWNSTAIRS,0.7702166
8101,1,3,WALKING_DOWNSTAIRS,0.6105819
8102,1,3,WALKING_DOWNSTAIRS,0.7065597
8103,1,3,WALKING_DOWNSTAIRS,0.7745713
8104,1,3,WALKING_DOWNSTAIRS,0.8074879
8105,1,3,WALKING_DOWNSTAIRS,0.8978731
8106,1,3,WALKING_DOWNSTAIRS,0.8882194
8107,1,3,WALKING_DOWNSTAIRS,0.9269844
8108,1,3,WALKING_DOWNSTAIRS,0.9313883
8109,1,3,WALKING_DOWNSTAIRS,0.8792413
8110,1,3,WALKING_DOWNSTAIRS,0.9013494
8111,1,3,WALKING_DOWNSTAIRS,0.9203771
8112,1,3,WALKING_DOWNSTAIRS,1.03043
8113,1,3,WALKING_DOWNSTAIRS,1.208215
8114,1,3,WALKING_DOWNSTAIRS,1.305589
8115,1,3,WALKING_DOWNSTAIRS,1.354931
8116,1,3,WALKING_DOWNSTAIRS,1.364506
8117,1,3,WALKING_DOWNSTAIRS,1.347969
8118,1,3,WALKING_DOWNSTAIRS,1.353215
8119,1,3,WALKING_DOWNSTAIRS,1.444761
8120,1,3,WALKING_DOWNSTAIRS,1.596546
8121,1,3,WALKING_DOWNSTAIRS,1.585733
8122,1,3,WALKING_DOWNSTAIRS,1.253942
8123,1,3,WALKING_DOWNSTAIRS,0.7854149
8124,1,3,WALKING_DOWNSTAIRS,0.587688
8125,1,3,WALKING_DOWNSTAIRS,0.6637375
8126,1,3,WALKING_DOWNSTAIRS,0.7333841
8127,1,3,WALKING_DOWNSTAIRS,0.8743384
8128,1,3,WALKING_DOWNSTAIRS,1.041748
8129,1,3,WALKING_DOWNSTAIRS,1.025515
8130,1,3,WALKING_DOWNSTAIRS,0.9359391
8131,1,3,WALKING_DOWNSTAIRS,0.7970564
8132,1,3,WALKING_DOWNSTAIRS,0.6287271
8133,1,3,WALKING_DOWNSTAIRS,0.582294
8134,1,3,WALKING_DOWNSTAIRS,0.6035545
8135,1,3,WALKING_DOWNSTAIRS,0.7043048
8136,1,3,WALKING_DOWNSTAIRS,0.8933218
8137,1,3,WALKING_DOWNSTAIRS,0.9489981
8138,1,3,WALKING_DOWNSTAIRS,0.8286414
8139,1,3,WALKING_DOWNSTAIRS,0.7294509
8140,1,3,WALKING_DOWNSTAIRS,0.7323081
8141,1,3,WALKING_DOWNSTAIRS,0.7826389
8142,1,3,WALKING_DOWNSTAIRS,0.9672064
8143,1,3,WALKING_DOWNSTAIRS,1.335379
8144,1,3,WALKING_DOWNSTAIRS,1.591924
8145,1,3,WALKING_DOWNSTAIRS,1.571035
8146,1,3,WALKING_DOWNSTAIRS,1.525958
8147,1,3,WALKING_DOWNSTAIRS,1.58464
8148,1,3,WALKING_DOWNSTAIRS,1.658528
8149,1,3,WALKING_DOWNSTAIRS,1.713021
8150,1,3,WALKING_DOWNSTAIRS,1.595229
8151,1,3,WALKING_DOWNSTAIRS,1.33454
8152,1,3,WALKING_DOWNSTAIRS,1.176746
8153,1,3,WALKING_DOWNSTAIRS,1.007742
8154,1,3,WALKING_DOWNSTAIRS,0.7712248
8155,1,3,WALKING_DOWNSTAIRS,0.6157294
8156,1,3,WALKING_DOWNSTAIRS,0.6245627
8157,1,3,WALKING_DOWNSTAIRS,0.8045773
8158,1,3,WALKING_DOWNSTAIRS,0.8572968
8159,1,3,WALKING_DOWNSTAIRS,0.8081876
8160,1,3,WALKING_DOWNSTAIRS,0.8142707
8161,1,3,WALKING_DOWNSTAIRS,0.6757251
8162,1,3,WALKING_DOWNSTAIRS,0.6048192
8163,1,3,WALKING_DOWNSTAIRS,0.6843483
8164,1,3,WALKING_DOWNSTAIRS,0.718717
8165,1,3,WALKING_DOWNSTAIRS,0.7760931
8166,1,3,WALKING_DOWNSTAIRS,0.8230193
8167,1,3,WALKING_DOWNSTAIRS,0.8439929
8168,1,3,WALKING_DOWNSTAIRS,0.8307109
8169,1,3,WALKING_DOWNSTAIRS,0.8683479
8170,1,3,WALKING_DOWNSTAIRS,0.972496
8171,1,3,WALKING_DOWNSTAIRS,0.9783576
8172,1,3,WALKING_DOWNSTAIRS,1.023112
8173,1,3,WALKING_DOWNSTAIRS,1.072784
8174,1,3,WALKING_DOWNSTAIRS,1.07645
8175,1,3,WALKING_DOWNSTAIRS,1.152947
8176,1,3,WALKING_DOWNSTAIRS,1.210316
8177,1,3,WALKING_DOWNSTAIRS,1.268677
8178,1,3,WALKING_DOWNSTAIRS,1.319055
8179,1,3,WALKING_DOWNSTAIRS,1.407541
8180,1,3,WALKING_DOWNSTAIRS,1.634179
8181,1,3,WALKING_DOWNSTAIRS,1.778228
8182,1,3,WALKING_DOWNSTAIRS,1.558159
8183,1,3,WALKING_DOWNSTAIRS,1.093095
8184,1,3,WALKING_DOWNSTAIRS,0.9629049
8185,1,3,WALKING_DOWNSTAIRS,1.175891
8186,1,3,WALKING_DOWNSTAIRS,1.189957
8187,1,3,WALKING_DOWNSTAIRS,0.9294621
8188,1,3,WALKING_DOWNSTAIRS,0.6881477
8189,1,3,WALKING_DOWNSTAIRS,0.778298
8190,1,3,WALKING_DOWNSTAIRS,0.9083508
8191,1,3,WALKING_DOWNSTAIRS,0.8180805
8192,1,3,WALKING_DOWNSTAIRS,0.8564282
8193,1,3,WALKING_DOWNSTAIRS,0.8762861
8194,1,3,WALKING_DOWNSTAIRS,0.8305623
8195,1,3,WALKING_DOWNSTAIRS,0.9115191
8196,1,3,WALKING_DOWNSTAIRS,0.9144142
8197,1,3,WALKING_DOWNSTAIRS,0.9321065
8198,1,3,WALKING_DOWNSTAIRS,0.9282212
8199,1,3,WALKING_DOWNSTAIRS,0.8108542
8200,1,3,WALKING_DOWNSTAIRS,0.7928566
8201,1,3,WALKING_DOWNSTAIRS,0.7728509
8202,1,3,WALKING_DOWNSTAIRS,0.7604953
8203,1,3,WALKING_DOWNSTAIRS,0.8651404
8204,1,3,WALKING_DOWNSTAIRS,0.9719527
8205,1,3,WALKING_DOWNSTAIRS,0.9638004
8206,1,3,WALKING_DOWNSTAIRS,0.803859
8207,1,3,WALKING_DOWNSTAIRS,0.6912408
8208,1,3,WALKING_DOWNSTAIRS,0.7381021
8209,1,3,WALKING_DOWNSTAIRS,0.9561227
8210,1,3,WALKING_DOWNSTAIRS,1.286985
8211,1,3,WALKING_DOWNSTAIRS,1.455456
8212,1,3,WALKING_DOWNSTAIRS,1.495591
8213,1,3,WALKING_DOWNSTAIRS,1.53685
8214,1,3,WALKING_DOWNSTAIRS,1.495073
8215,1,3,WALKING_DOWNSTAIRS,1.414374
8216,1,3,WALKING_DOWNSTAIRS,1.348509
8217,1,3,WALKING_DOWNSTAIRS,1.248293
8218,1,3,WALKING_DOWNSTAIRS,1.135372
8219,1,3,WALKING_DOWNSTAIRS,1.069978
8220,1,3,WALKING_DOWNSTAIRS,1.012183
8221,1,3,WALKING_DOWNSTAIRS,0.976117
8222,1,3,WALKING_DOWNSTAIRS,0.9591475
8223,1,3,WALKING_DOWNSTAIRS,0.8749568
8224,1,3,WALKING_DOWNSTAIRS,0.8163898
8225,1,3,WALKING_DOWNSTAIRS,0.8007588
8226,1,3,WALKING_DOWNSTAIRS,0.7902079
8227,1,3,WALKING_DOWNSTAIRS,0.8141744
8228,1,3,WALKING_DOWNSTAIRS,0.7714465
8229,1,3,WALKING_DOWNSTAIRS,0.7291907
8230,1,3,WALKING_DOWNSTAIRS,0.7704425
8231,1,3,WALKING_DOWNSTAIRS,0.8279004
8232,1,3,WALKING_DOWNSTAIRS,0.9026313
8233,1,3,WALKING_DOWNSTAIRS,0.8834037
8234,1,3,WALKING_DOWNSTAIRS,0.7699927
8235,1,3,WALKING_DOWNSTAIRS,0.7219139
8236,1,3,WALKING_DOWNSTAIRS,0.7567728
8237,1,3,WALKING_DOWNSTAIRS,0.8872759
8238,1,3,WALKING_DOWNSTAIRS,1.122814
8239,1,3,WALKING_DOWNSTAIRS,1.437708
8240,1,3,WALKING_DOWNSTAIRS,1.603482
8241,1,3,WALKING_DOWNSTAIRS,1.384381
8242,1,3,WALKING_DOWNSTAIRS,1.168435
8243,1,3,WALKING_DOWNSTAIRS,1.28698
8244,1,3,WALKING_DOWNSTAIRS,1.510978
8245,1,3,WALKING_DOWNSTAIRS,1.634017
8246,1,3,WALKING_DOWNSTAIRS,1.398295
8247,1,3,WALKING_DOWNSTAIRS,0.924999
8248,1,3,WALKING_DOWNSTAIRS,0.837382
8249,1,3,WALKING_DOWNSTAIRS,0.9812151
8250,1,3,WALKING_DOWNSTAIRS,0.9471917
8251,1,3,WALKING_DOWNSTAIRS,0.9173289
8252,1,3,WALKING_DOWNSTAIRS,0.8845475
8253,1,3,WALKING_DOWNSTAIRS,0.8320846
8254,1,3,WALKING_DOWNSTAIRS,0.8547098
8255,1,3,WALKING_DOWNSTAIRS,0.8453193
8256,1,3,WALKING_DOWNSTAIRS,0.8519296
8257,1,3,WALKING_DOWNSTAIRS,0.9200274
8258,1,3,WALKING_DOWNSTAIRS,0.9844059
8259,1,3,WALKING_DOWNSTAIRS,0.9837479
8260,1,3,WALKING_DOWNSTAIRS,0.8975468
8261,1,3,WALKING_DOWNSTAIRS,0.8298952
8262,1,3,WALKING_DOWNSTAIRS,0.8039765
8263,1,3,WALKING_DOWNSTAIRS,0.8084298
8264,1,3,WALKING_DOWNSTAIRS,0.7929711
8265,1,3,WALKING_DOWNSTAIRS,0.7172812
8266,1,3,WALKING_DOWNSTAIRS,0.7087946
8267,1,3,WALKING_DOWNSTAIRS,0.8008287
8268,1,3,WALKING_DOWNSTAIRS,0.9372886
8269,1,3,WALKING_DOWNSTAIRS,0.9958769
8270,1,3,WALKING_DOWNSTAIRS,0.9005652
8271,1,3,WALKING_DOWNSTAIRS,0.8430627
8272,1,3,WALKING_DOWNSTAIRS,0.8851492
8273,1,3,WALKING_DOWNSTAIRS,0.9097015
8274,1,3,WALKING_DOWNSTAIRS,0.9594217
8275,1,3,WALKING_DOWNSTAIRS,1.139201
8276,1,3,WALKING_DOWNSTAIRS,1.406181
8277,1,3,WALKING_DOWNSTAIRS,1.56118
8278,1,3,WALKING_DOWNSTAIRS,1.566238
8279,1,3,WALKING_DOWNSTAIRS,1.621439
8280,1,3,WALKING_DOWNSTAIRS,1.696273
8281,1,3,WALKING_DOWNSTAIRS,1.598816
8282,1,3,WALKING_DOWNSTAIRS,1.418842
8283,1,3,WALKING_DOWNSTAIRS,1.216346
8284,1,3,WALKING_DOWNSTAIRS,0.9698019
8285,1,3,WALKING_DOWNSTAIRS,0.8647247
8286,1,3,WALKING_DOWNSTAIRS,0.8273894
8287,1,3,WALKING_DOWNSTAIRS,0.6844915
8288,1,3,WALKING_DOWNSTAIRS,0.5887763
8289,1,3,WALKING_DOWNSTAIRS,0.5792127
8290,1,3,WALKING_DOWNSTAIRS,0.643509
8291,1,3,WALKING_DOWNSTAIRS,0.7905435
8292,1,3,WALKING_DOWNSTAIRS,0.8726405
8293,1,3,WALKING_DOWNSTAIRS,0.8796018
8294,1,3,WALKING_DOWNSTAIRS,0.8290005
8295,1,3,WALKING_DOWNSTAIRS,0.6878819
8296,1,3,WALKING_DOWNSTAIRS,0.5887713
8297,1,3,WALKING_DOWNSTAIRS,0.6518948
8298,1,3,WALKING_DOWNSTAIRS,0.8194028
8299,1,3,WALKING_DOWNSTAIRS,0.9481366
8300,1,3,WALKING_DOWNSTAIRS,1.0034
8301,1,3,WALKING_DOWNSTAIRS,0.9984395
8302,1,3,WALKING_DOWNSTAIRS,0.9170587
8303,1,3,WALKING_DOWNSTAIRS,0.8525727
8304,1,3,WALKING_DOWNSTAIRS,0.9026414
8305,1,3,WALKING_DOWNSTAIRS,1.031965
8306,1,3,WALKING_DOWNSTAIRS,1.124753
8307,1,3,WALKING_DOWNSTAIRS,1.149045
8308,1,3,WALKING_DOWNSTAIRS,1.129032
8309,1,3,WALKING_DOWNSTAIRS,1.107755
8310,1,3,WALKING_DOWNSTAIRS,1.200228
8311,1,3,WALKING_DOWNSTAIRS,1.3969
8312,1,3,WALKING_DOWNSTAIRS,1.679401
8313,1,3,WALKING_DOWNSTAIRS,1.859683
8314,1,3,WALKING_DOWNSTAIRS,1.598163
8315,1,3,WALKING_DOWNSTAIRS,1.153368
8316,1,3,WALKING_DOWNSTAIRS,0.9636382
8317,1,3,WALKING_DOWNSTAIRS,1.043797
8318,1,3,WALKING_DOWNSTAIRS,1.120243
8319,1,3,WALKING_DOWNSTAIRS,0.972284
8320,1,3,WALKING_DOWNSTAIRS,0.8036588
8321,1,3,WALKING_DOWNSTAIRS,0.7198257
8322,1,3,WALKING_DOWNSTAIRS,0.7451807
8323,1,3,WALKING_DOWNSTAIRS,0.9350188
8324,1,3,WALKING_DOWNSTAIRS,0.9726514
8325,1,3,WALKING_DOWNSTAIRS,0.8662217
8326,1,3,WALKING_DOWNSTAIRS,0.7863062
8327,1,3,WALKING_DOWNSTAIRS,0.723126
8328,1,3,WALKING_DOWNSTAIRS,0.7999571
8329,1,3,WALKING_DOWNSTAIRS,0.853419
8330,1,3,WALKING_DOWNSTAIRS,0.8244042
8331,1,3,WALKING_DOWNSTAIRS,0.7368908
8332,1,3,WALKING_DOWNSTAIRS,0.5512937
8333,1,3,WALKING_DOWNSTAIRS,0.5858158
8334,1,3,WALKING_DOWNSTAIRS,0.7625155
8335,1,3,WALKING_DOWNSTAIRS,0.8913916
8336,1,3,WALKING_DOWNSTAIRS,0.9870693
8337,1,3,WALKING_DOWNSTAIRS,0.8894645
8338,1,3,WALKING_DOWNSTAIRS,0.8612873
8339,1,3,WALKING_DOWNSTAIRS,1.120803
8340,1,3,WALKING_DOWNSTAIRS,1.505961
8341,1,3,WALKING_DOWNSTAIRS,1.827086
8342,1,3,WALKING_DOWNSTAIRS,1.850251
8343,1,3,WALKING_DOWNSTAIRS,1.840061
8344,1,3,WALKING_DOWNSTAIRS,1.987404
8345,1,3,WALKING_DOWNSTAIRS,1.866169
8346,1,3,WALKING_DOWNSTAIRS,1.36427
8347,1,3,WALKING_DOWNSTAIRS,0.8274172
8348,1,3,WALKING_DOWNSTAIRS,0.7135838
8349,1,3,WALKING_DOWNSTAIRS,0.8467354
8350,1,3,WALKING_DOWNSTAIRS,0.6513119
8351,1,3,WALKING_DOWNSTAIRS,0.5629001
8352,1,3,WALKING_DOWNSTAIRS,0.6896223
8353,1,3,WALKING_DOWNSTAIRS,0.5411084
8354,1,3,WALKING_DOWNSTAIRS,0.5352214
8355,1,3,WALKING_DOWNSTAIRS,0.618387
8356,1,3,WALKING_DOWNSTAIRS,0.5527624
8357,1,3,WALKING_DOWNSTAIRS,0.6686989
8358,1,3,WALKING_DOWNSTAIRS,0.7715515
8359,1,3,WALKING_DOWNSTAIRS,0.8954451
8360,1,3,WALKING_DOWNSTAIRS,1.007624
8361,1,3,WALKING_DOWNSTAIRS,0.8660638
8362,1,3,WALKING_DOWNSTAIRS,0.8109722
8363,1,3,WALKING_DOWNSTAIRS,0.8039979
8364,1,3,WALKING_DOWNSTAIRS,0.7623114
8365,1,3,WALKING_DOWNSTAIRS,0.8761939
8366,1,3,WALKING_DOWNSTAIRS,1.11296
8367,1,3,WALKING_DOWNSTAIRS,1.45175
8368,1,3,WALKING_DOWNSTAIRS,1.652055
8369,1,3,WALKING_DOWNSTAIRS,1.629729
8370,1,3,WALKING_DOWNSTAIRS,1.615114
8371,1,3,WALKING_DOWNSTAIRS,1.625343
8372,1,3,WALKING_DOWNSTAIRS,1.612617
8373,1,3,WALKING_DOWNSTAIRS,1.50805
8374,1,3,WALKING_DOWNSTAIRS,1.264929
8375,1,3,WALKING_DOWNSTAIRS,1.068136
8376,1,3,WALKING_DOWNSTAIRS,1.094196
8377,1,3,WALKING_DOWNSTAIRS,1.101051
8378,1,3,WALKING_DOWNSTAIRS,0.8915856
8379,1,3,WALKING_DOWNSTAIRS,0.7279592
8380,1,3,WALKING_DOWNSTAIRS,0.7145888
8381,1,3,WALKING_DOWNSTAIRS,0.8162674
8382,1,3,WALKING_DOWNSTAIRS,0.925483
8383,1,3,WALKING_DOWNSTAIRS,0.8528745
8384,1,3,WALKING_DOWNSTAIRS,0.7910562
8385,1,3,WALKING_DOWNSTAIRS,0.798341
8386,1,3,WALKING_DOWNSTAIRS,0.7880006
8387,1,3,WALKING_DOWNSTAIRS,0.8372816
8388,1,3,WALKING_DOWNSTAIRS,0.8274387
8389,1,3,WALKING_DOWNSTAIRS,0.8230208
8390,1,3,WALKING_DOWNSTAIRS,0.8958245
8391,1,3,WALKING_DOWNSTAIRS,0.9079005
8392,1,3,WALKING_DOWNSTAIRS,0.9026629
8393,1,3,WALKING_DOWNSTAIRS,0.8378182
8394,1,3,WALKING_DOWNSTAIRS,0.7396025
8395,1,3,WALKING_DOWNSTAIRS,0.7233561
8396,1,3,WALKING_DOWNSTAIRS,0.6883957
8397,1,3,WALKING_DOWNSTAIRS,0.6618741
8398,1,3,WALKING_DOWNSTAIRS,0.8267748
8399,1,3,WALKING_DOWNSTAIRS,1.204585
8400,1,3,WALKING_DOWNSTAIRS,1.518581
8401,1,3,WALKING_DOWNSTAIRS,1.599332
8402,1,3,WALKING_DOWNSTAIRS,1.706758
8403,1,3,WALKING_DOWNSTAIRS,1.902109
8404,1,3,WALKING_DOWNSTAIRS,1.897635
8405,1,3,WALKING_DOWNSTAIRS,1.644081
8406,1,3,WALKING_DOWNSTAIRS,1.327616
8407,1,3,WALKING_DOWNSTAIRS,1.096782
8408,1,3,WALKING_DOWNSTAIRS,0.9940821
8409,1,3,WALKING_DOWNSTAIRS,0.9083455
8410,1,3,WALKING_DOWNSTAIRS,0.8132873
8411,1,3,WALKING_DOWNSTAIRS,0.7846118
8412,1,3,WALKING_DOWNSTAIRS,0.7592015
8413,1,3,WALKING_DOWNSTAIRS,0.7496785
8414,1,3,WALKING_DOWNSTAIRS,0.7620187
8415,1,3,WALKING_DOWNSTAIRS,0.7549846
8416,1,3,WALKING_DOWNSTAIRS,0.8026776
8417,1,3,WALKING_DOWNSTAIRS,0.823589
8418,1,3,WALKING_DOWNSTAIRS,0.7656479
8419,1,3,WALKING_DOWNSTAIRS,0.7068935
8420,1,3,WALKING_DOWNSTAIRS,0.6760142
8421,1,3,WALKING_DOWNSTAIRS,0.6927649
8422,1,3,WALKING_DOWNSTAIRS,0.6982054
8423,1,3,WALKING_DOWNSTAIRS,0.7391425
8424,1,3,WALKING_DOWNSTAIRS,0.8361212
8425,1,3,WALKING_DOWNSTAIRS,0.8578612
8426,1,3,WALKING_DOWNSTAIRS,0.8346835
8427,1,3,WALKING_DOWNSTAIRS,0.8315089
8428,1,3,WALKING_DOWNSTAIRS,0.8504618
8429,1,3,WALKING_DOWNSTAIRS,0.8726332
8430,1,3,WALKING_DOWNSTAIRS,0.9286783
8431,1,3,WALKING_DOWNSTAIRS,1.085831
8432,1,3,WALKING_DOWNSTAIRS,1.239515
8433,1,3,WALKING_DOWNSTAIRS,1.384098
8434,1,3,WALKING_DOWNSTAIRS,1.561345
8435,1,3,WALKING_DOWNSTAIRS,1.505691
8436,1,3,WALKING_DOWNSTAIRS,1.204779
8437,1,3,WALKING_DOWNSTAIRS,1.069684
8438,1,3,WALKING_DOWNSTAIRS,1.253095
8439,1,3,WALKING_DOWNSTAIRS,1.638426
8440,1,3,WALKING_DOWNSTAIRS,1.838205
8441,1,3,WALKING_DOWNSTAIRS,1.390105
8442,1,3,WALKING_DOWNSTAIRS,0.7970192
8443,1,3,WALKING_DOWNSTAIRS,0.7834865
8444,1,3,WALKING_DOWNSTAIRS,0.9728327
8445,1,3,WALKING_DOWNSTAIRS,0.9410575
8446,1,3,WALKING_DOWNSTAIRS,0.8672984
8447,1,3,WALKING_DOWNSTAIRS,0.8217154
8448,1,3,WALKING_DOWNSTAIRS,0.8246904
8449,1,3,WALKING_DOWNSTAIRS,0.881409
8450,1,3,WALKING_DOWNSTAIRS,0.8660217
8451,1,3,WALKING_DOWNSTAIRS,0.8573432
8452,1,3,WALKING_DOWNSTAIRS,0.8585228
8453,1,3,WALKING_DOWNSTAIRS,0.7882293
8454,1,3,WALKING_DOWNSTAIRS,0.7870942
8455,1,3,WALKING_DOWNSTAIRS,0.8485008
8456,1,3,WALKING_DOWNSTAIRS,0.8803319
8457,1,3,WALKING_DOWNSTAIRS,0.8009301
8458,1,3,WALKING_DOWNSTAIRS,0.6580701
8459,1,3,WALKING_DOWNSTAIRS,0.6917174
8460,1,3,WALKING_DOWNSTAIRS,0.8208814
8461,1,3,WALKING_DOWNSTAIRS,0.9108414
8462,1,3,WALKING_DOWNSTAIRS,0.9308408
8463,1,3,WALKING_DOWNSTAIRS,0.8919133
8464,1,3,WALKING_DOWNSTAIRS,1.008307
8465,1,3,WALKING_DOWNSTAIRS,1.250766
8466,1,3,WALKING_DOWNSTAIRS,1.494468
8467,1,3,WALKING_DOWNSTAIRS,1.621212
8468,1,3,WALKING_DOWNSTAIRS,1.547121
8469,1,3,WALKING_DOWNSTAIRS,1.576696
8470,1,3,WALKING_DOWNSTAIRS,1.661115
8471,1,3,WALKING_DOWNSTAIRS,1.526668
8472,1,3,WALKING_DOWNSTAIRS,1.314004
8473,1,3,WALKING_DOWNSTAIRS,1.04829
8474,1,3,WALKING_DOWNSTAIRS,0.8131929
8475,1,3,WALKING_DOWNSTAIRS,0.7778456
8476,1,3,WALKING_DOWNSTAIRS,0.7889359
8477,1,3,WALKING_DOWNSTAIRS,0.7758363
8478,1,3,WALKING_DOWNSTAIRS,0.7767632
8479,1,3,WALKING_DOWNSTAIRS,0.7534561
8480,1,3,WALKING_DOWNSTAIRS,0.740156
8481,1,3,WALKING_DOWNSTAIRS,0.7878855
8482,1,3,WALKING_DOWNSTAIRS,0.8558408
8483,1,3,WALKING_DOWNSTAIRS,0.856911
8484,1,3,WALKING_DOWNSTAIRS,0.8220283
8485,1,3,WALKING_DOWNSTAIRS,0.8041103
8486,1,3,WALKING_DOWNSTAIRS,0.7650946
8487,1,3,WALKING_DOWNSTAIRS,0.7526341
8488,1,3,WALKING_DOWNSTAIRS,0.7967872
8489,1,3,WALKING_DOWNSTAIRS,0.835122
8490,1,3,WALKING_DOWNSTAIRS,0.867629
8491,1,3,WALKING_DOWNSTAIRS,0.9071814
8492,1,3,WALKING_DOWNSTAIRS,0.9312372
8493,1,3,WALKING_DOWNSTAIRS,0.9268875
8494,1,3,WALKING_DOWNSTAIRS,0.9331384
8495,1,3,WALKING_DOWNSTAIRS,0.958747
8496,1,3,WALKING_DOWNSTAIRS,0.9617194
8497,1,3,WALKING_DOWNSTAIRS,1.024127
8498,1,3,WALKING_DOWNSTAIRS,1.173855
8499,1,3,WALKING_DOWNSTAIRS,1.253787
8500,1,3,WALKING_DOWNSTAIRS,1.247002
8501,1,3,WALKING_DOWNSTAIRS,1.269856
8502,1,3,WALKING_DOWNSTAIRS,1.294402
8503,1,3,WALKING_DOWNSTAIRS,1.358768
8504,1,3,WALKING_DOWNSTAIRS,1.676464
8505,1,3,WALKING_DOWNSTAIRS,1.921682
8506,1,3,WALKING_DOWNSTAIRS,1.51657
8507,1,3,WALKING_DOWNSTAIRS,1.005269
8508,1,3,WALKING_DOWNSTAIRS,1.067154
8509,1,3,WALKING_DOWNSTAIRS,1.093182
8510,1,3,WALKING_DOWNSTAIRS,0.805069
8511,1,3,WALKING_DOWNSTAIRS,0.7317682
8512,1,3,WALKING_DOWNSTAIRS,0.7604393
8513,1,3,WALKING_DOWNSTAIRS,0.7389646
8514,1,3,WALKING_DOWNSTAIRS,0.8261285
8515,1,3,WALKING_DOWNSTAIRS,0.8856618
8516,1,3,WALKING_DOWNSTAIRS,0.8852889
8517,1,3,WALKING_DOWNSTAIRS,0.8323205
8518,1,3,WALKING_DOWNSTAIRS,0.7636206
8519,1,3,WALKING_DOWNSTAIRS,0.788518
8520,1,3,WALKING_DOWNSTAIRS,0.792453
8521,1,3,WALKING_DOWNSTAIRS,0.7880337
8522,1,3,WALKING_DOWNSTAIRS,0.8117535
8523,1,3,WALKING_DOWNSTAIRS,0.838387
8524,1,3,WALKING_DOWNSTAIRS,0.9128179
8525,1,3,WALKING_DOWNSTAIRS,0.9355839
8526,1,3,WALKING_DOWNSTAIRS,0.9087392
8527,1,3,WALKING_DOWNSTAIRS,0.904718
8528,1,3,WALKING_DOWNSTAIRS,0.899439
8529,1,3,WALKING_DOWNSTAIRS,0.920831
8530,1,3,WALKING_DOWNSTAIRS,1.02257
8531,1,3,WALKING_DOWNSTAIRS,1.223048
8532,1,3,WALKING_DOWNSTAIRS,1.397615
8533,1,3,WALKING_DOWNSTAIRS,1.439116
8534,1,3,WALKING_DOWNSTAIRS,1.425561
8535,1,3,WALKING_DOWNSTAIRS,1.434614
8536,1,3,WALKING_DOWNSTAIRS,1.478017
8537,1,3,WALKING_DOWNSTAIRS,1.533733
8538,1,3,WALKING_DOWNSTAIRS,1.540174
8539,1,3,WALKING_DOWNSTAIRS,1.420573
8540,1,3,WALKING_DOWNSTAIRS,1.122939
8541,1,3,WALKING_DOWNSTAIRS,0.7159506
8542,1,3,WALKING_DOWNSTAIRS,0.4808567
8543,1,3,WALKING_DOWNSTAIRS,0.5321186
8544,1,3,WALKING_DOWNSTAIRS,0.5999518
8545,1,3,WALKING_DOWNSTAIRS,0.5975751
8546,1,3,WALKING_DOWNSTAIRS,0.5828138
8547,1,3,WALKING_DOWNSTAIRS,0.5067121
8548,1,3,WALKING_DOWNSTAIRS,0.4971163
8549,1,3,WALKING_DOWNSTAIRS,0.6280197
8550,1,3,WALKING_DOWNSTAIRS,0.8142045
8551,1,3,WALKING_DOWNSTAIRS,0.9650457
8552,1,3,WALKING_DOWNSTAIRS,0.9620341
8553,1,3,WALKING_DOWNSTAIRS,0.8503896
8554,1,3,WALKING_DOWNSTAIRS,0.7774036
8555,1,3,WALKING_DOWNSTAIRS,0.8520407
8556,1,3,WALKING_DOWNSTAIRS,1.010032
8557,1,3,WALKING_DOWNSTAIRS,1.111315
8558,1,3,WALKING_DOWNSTAIRS,1.279574
8559,1,3,WALKING_DOWNSTAIRS,1.508228
8560,1,3,WALKING_DOWNSTAIRS,1.61407
8561,1,3,WALKING_DOWNSTAIRS,1.580113
8562,1,3,WALKING_DOWNSTAIRS,1.485317
8563,1,3,WALKING_DOWNSTAIRS,1.485597
8564,1,3,WALKING_DOWNSTAIRS,1.519407
8565,1,3,WALKING_DOWNSTAIRS,1.497945
8566,1,3,WALKING_DOWNSTAIRS,1.400095
8567,1,3,WALKING_DOWNSTAIRS,1.053616
8568,1,3,WALKING_DOWNSTAIRS,0.771644
8569,1,3,WALKING_DOWNSTAIRS,0.8296357
8570,1,3,WALKING_DOWNSTAIRS,0.8455877
8571,1,3,WALKING_DOWNSTAIRS,0.769106
8572,1,3,WALKING_DOWNSTAIRS,0.8162831
8573,1,3,WALKING_DOWNSTAIRS,0.8362026
8574,1,3,WALKING_DOWNSTAIRS,0.8124396
8575,1,3,WALKING_DOWNSTAIRS,0.8704863
8576,1,3,WALKING_DOWNSTAIRS,0.6994073
8577,1,3,WALKING_DOWNSTAIRS,0.6295192
8578,1,3,WALKING_DOWNSTAIRS,0.5809855
8579,1,3,WALKING_DOWNSTAIRS,0.5787686
8580,1,3,WALKING_DOWNSTAIRS,0.6214131
8581,1,3,WALKING_DOWNSTAIRS,0.703173
8582,1,3,WALKING_DOWNSTAIRS,0.7685779
8583,1,3,WALKING_DOWNSTAIRS,0.9337876
8584,1,3,WALKING_DOWNSTAIRS,1.246706
8585,1,3,WALKING_DOWNSTAIRS,1.463345
8586,1,3,WALKING_DOWNSTAIRS,1.622615
8587,1,3,WALKING_DOWNSTAIRS,1.784372
8588,1,3,WALKING_DOWNSTAIRS,1.375705
8589,1,3,WALKING_DOWNSTAIRS,0.8144473
8590,1,3,WALKING_DOWNSTAIRS,1.275424
8591,1,3,WALKING_DOWNSTAIRS,1.866312
8592,1,3,WALKING_DOWNSTAIRS,1.670414
8593,1,3,WALKING_DOWNSTAIRS,1.339554
8594,1,3,WALKING_DOWNSTAIRS,0.8964457
8595,1,3,WALKING_DOWNSTAIRS,0.7193591
8596,1,3,WALKING_DOWNSTAIRS,0.969102
8597,1,3,WALKING_DOWNSTAIRS,0.8245184
8598,1,3,WALKING_DOWNSTAIRS,0.7402438
8599,1,3,WALKING_DOWNSTAIRS,0.8267444
8600,1,3,WALKING_DOWNSTAIRS,0.6891835
8601,1,3,WALKING_DOWNSTAIRS,0.756279
8602,1,3,WALKING_DOWNSTAIRS,0.7692085
8603,1,3,WALKING_DOWNSTAIRS,0.6913209
8604,1,3,WALKING_DOWNSTAIRS,0.7076144
8605,1,3,WALKING_DOWNSTAIRS,0.5636081
8606,1,3,WALKING_DOWNSTAIRS,0.5187196
8607,1,3,WALKING_DOWNSTAIRS,0.5544625
8608,1,3,WALKING_DOWNSTAIRS,0.6094433
8609,1,3,WALKING_DOWNSTAIRS,0.8343211
8610,1,3,WALKING_DOWNSTAIRS,1.009051
8611,1,3,WALKING_DOWNSTAIRS,1.054623
8612,1,3,WALKING_DOWNSTAIRS,0.9645092
8613,1,3,WALKING_DOWNSTAIRS,0.9222301
8614,1,3,WALKING_DOWNSTAIRS,1.142968
8615,1,3,WALKING_DOWNSTAIRS,1.462594
8616,1,3,WALKING_DOWNSTAIRS,1.723446
8617,1,3,WALKING_DOWNSTAIRS,1.807193
8618,1,3,WALKING_DOWNSTAIRS,1.763439
8619,1,3,WALKING_DOWNSTAIRS,1.675231
8620,1,3,WALKING_DOWNSTAIRS,1.478738
8621,1,3,WALKING_DOWNSTAIRS,1.241037
8622,1,3,WALKING_DOWNSTAIRS,1.023817
8623,1,3,WALKING_DOWNSTAIRS,0.8958993
8624,1,3,WALKING_DOWNSTAIRS,0.8397288
8625,1,3,WALKING_DOWNSTAIRS,0.7308599
8626,1,3,WALKING_DOWNSTAIRS,0.6687986
8627,1,3,WALKING_DOWNSTAIRS,0.66126
8628,1,3,WALKING_DOWNSTAIRS,0.6018216
8629,1,3,WALKING_DOWNSTAIRS,0.5555599
8630,1,3,WALKING_DOWNSTAIRS,0.4993158
8631,1,3,WALKING_DOWNSTAIRS,0.4510742
8632,1,3,WALKING_DOWNSTAIRS,0.530887
8633,1,3,WALKING_DOWNSTAIRS,0.6504197
8634,1,3,WALKING_DOWNSTAIRS,0.7373705
8635,1,3,WALKING_DOWNSTAIRS,0.8052259
8636,1,3,WALKING_DOWNSTAIRS,0.8460165
8637,1,3,WALKING_DOWNSTAIRS,0.862641
8638,1,3,WALKING_DOWNSTAIRS,0.8410623
8639,1,3,WALKING_DOWNSTAIRS,0.8994666
8640,1,3,WALKING_DOWNSTAIRS,1.029683
8641,1,3,WALKING_DOWNSTAIRS,1.250712
8642,1,3,WALKING_DOWNSTAIRS,1.742909
8643,1,3,WALKING_DOWNSTAIRS,1.975866
8644,1,3,WALKING_DOWNSTAIRS,1.609719
8645,1,3,WALKING_DOWNSTAIRS,1.389686
8646,1,3,WALKING_DOWNSTAIRS,1.532716
8647,1,3,WALKING_DOWNSTAIRS,1.526179
8648,1,3,WALKING_DOWNSTAIRS,1.361782
8649,1,3,WALKING_DOWNSTAIRS,1.213279
8650,1,3,WALKING_DOWNSTAIRS,1.04537
8651,1,3,WALKING_DOWNSTAIRS,0.981089
8652,1,3,WALKING_DOWNSTAIRS,0.9412867
8653,1,3,WALKING_DOWNSTAIRS,0.7890872
8654,1,3,WALKING_DOWNSTAIRS,0.7808002
8655,1,3,WALKING_DOWNSTAIRS,0.8232346
8656,1,3,WALKING_DOWNSTAIRS,0.775091
8657,1,3,WALKING_DOWNSTAIRS,0.7986128
8658,1,3,WALKING_DOWNSTAIRS,0.7595368
8659,1,3,WALKING_DOWNSTAIRS,0.6975776
8660,1,3,WALKING_DOWNSTAIRS,0.7321778
8661,1,3,WALKING_DOWNSTAIRS,0.7790343
8662,1,3,WALKING_DOWNSTAIRS,0.8387698
8663,1,3,WALKING_DOWNSTAIRS,0.7834418
8664,1,3,WALKING_DOWNSTAIRS,0.6724742
8665,1,3,WALKING_DOWNSTAIRS,0.6753782
8666,1,3,WALKING_DOWNSTAIRS,0.7547189
8667,1,3,WALKING_DOWNSTAIRS,0.9347472
8668,1,3,WALKING_DOWNSTAIRS,1.04538
8669,1,3,WALKING_DOWNSTAIRS,0.9215788
8670,1,3,WALKING_DOWNSTAIRS,0.813118
8671,1,3,WALKING_DOWNSTAIRS,0.9102818
8672,1,3,WALKING_DOWNSTAIRS,1.119777
8673,1,3,WALKING_DOWNSTAIRS,1.342127
8674,1,3,WALKING_DOWNSTAIRS,1.536411
8675,1,3,WALKING_DOWNSTAIRS,1.662121
8676,1,3,WALKING_DOWNSTAIRS,1.616699
8677,1,3,WALKING_DOWNSTAIRS,1.444644
8678,1,3,WALKING_DOWNSTAIRS,1.429425
8679,1,3,WALKING_DOWNSTAIRS,1.346532
8680,1,3,WALKING_DOWNSTAIRS,1.007465
8681,1,3,WALKING_DOWNSTAIRS,0.839999
8682,1,3,WALKING_DOWNSTAIRS,0.7129648
8683,1,3,WALKING_DOWNSTAIRS,0.5925181
8684,1,3,WALKING_DOWNSTAIRS,0.7183934
8685,1,3,WALKING_DOWNSTAIRS,0.7430073
8686,1,3,WALKING_DOWNSTAIRS,0.7237432
8687,1,3,WALKING_DOWNSTAIRS,0.7188866
8688,1,3,WALKING_DOWNSTAIRS,0.6064295
8689,1,3,WALKING_DOWNSTAIRS,0.6379588
8690,1,3,WALKING_DOWNSTAIRS,0.7456153
8691,1,3,WALKING_DOWNSTAIRS,0.8779764
8692,1,3,WALKING_DOWNSTAIRS,0.971542
8693,1,3,WALKING_DOWNSTAIRS,0.9132559
8694,1,3,WALKING_DOWNSTAIRS,0.8962824
8695,1,3,WALKING_DOWNSTAIRS,0.8165723
8696,1,3,WALKING_DOWNSTAIRS,0.6898211
8697,1,3,WALKING_DOWNSTAIRS,0.7696643
8698,1,3,WALKING_DOWNSTAIRS,0.890233
8699,1,3,WALKING_DOWNSTAIRS,0.927771
8700,1,3,WALKING_DOWNSTAIRS,1.022341
8701,1,3,WALKING_DOWNSTAIRS,1.191663
8702,1,3,WALKING_DOWNSTAIRS,1.437673
8703,1,3,WALKING_DOWNSTAIRS,1.703118
8704,1,3,WALKING_DOWNSTAIRS,1.652712
8705,1,3,WALKING_DOWNSTAIRS,1.422653
8706,1,3,WALKING_DOWNSTAIRS,1.434261
8707,1,3,WALKING_DOWNSTAIRS,1.456019
8708,1,3,WALKING_DOWNSTAIRS,1.426787
8709,1,3,WALKING_DOWNSTAIRS,1.416681
8710,1,3,WALKING_DOWNSTAIRS,1.156522
8711,1,3,WALKING_DOWNSTAIRS,0.8133998
8712,1,3,WALKING_DOWNSTAIRS,0.6562922
8713,1,3,WALKING_DOWNSTAIRS,0.7228919
8714,1,3,WALKING_DOWNSTAIRS,0.8279579
8715,1,3,WALKING_DOWNSTAIRS,0.7958512
8716,1,3,WALKING_DOWNSTAIRS,0.8468011
8717,1,3,WALKING_DOWNSTAIRS,0.8547855
8718,1,3,WALKING_DOWNSTAIRS,0.7808938
8719,1,3,WALKING_DOWNSTAIRS,0.8172984
8720,1,3,WALKING_DOWNSTAIRS,0.7781503
8721,1,3,WALKING_DOWNSTAIRS,0.767077
8722,1,3,WALKING_DOWNSTAIRS,0.7207862
8723,1,3,WALKING_DOWNSTAIRS,0.5242793
8724,1,3,WALKING_DOWNSTAIRS,0.4764445
8725,1,3,WALKING_DOWNSTAIRS,0.5604036
8726,1,3,WALKING_DOWNSTAIRS,0.7934196
8727,1,3,WALKING_DOWNSTAIRS,1.064707
8728,1,3,WALKING_DOWNSTAIRS,1.034124
8729,1,3,WALKING_DOWNSTAIRS,0.8161685
8730,1,3,WALKING_DOWNSTAIRS,0.7189263
8731,1,3,WALKING_DOWNSTAIRS,0.9218652
8732,1,3,WALKING_DOWNSTAIRS,1.32059
8733,1,3,WALKING_DOWNSTAIRS,1.712704
8734,1,3,WALKING_DOWNSTAIRS,1.895785
8735,1,3,WALKING_DOWNSTAIRS,1.723818
8736,1,3,WALKING_DOWNSTAIRS,1.540572
8737,1,3,WALKING_DOWNSTAIRS,1.53594
8738,1,3,WALKING_DOWNSTAIRS,1.397223
8739,1,3,WALKING_DOWNSTAIRS,1.122448
8740,1,3,WALKING_DOWNSTAIRS,0.9123244
8741,1,3,WALKING_DOWNSTAIRS,0.7417993
8742,1,3,WALKING_DOWNSTAIRS,0.638448
8743,1,3,WALKING_DOWNSTAIRS,0.6440341
8744,1,3,WALKING_DOWNSTAIRS,0.6808948
8745,1,3,WALKING_DOWNSTAIRS,0.6950273
8746,1,3,WALKING_DOWNSTAIRS,0.633791
8747,1,3,WALKING_DOWNSTAIRS,0.5372942
8748,1,3,WALKING_DOWNSTAIRS,0.5089248
8749,1,3,WALKING_DOWNSTAIRS,0.5899876
8750,1,3,WALKING_DOWNSTAIRS,0.7843499
8751,1,3,WALKING_DOWNSTAIRS,0.9331733
8752,1,3,WALKING_DOWNSTAIRS,0.8765746
8753,1,3,WALKING_DOWNSTAIRS,0.7694785
8754,1,3,WALKING_DOWNSTAIRS,0.776909
8755,1,3,WALKING_DOWNSTAIRS,0.7873368
8756,1,3,WALKING_DOWNSTAIRS,0.875423
8757,1,3,WALKING_DOWNSTAIRS,1.229997
8758,1,3,WALKING_DOWNSTAIRS,1.612319
8759,1,3,WALKING_DOWNSTAIRS,1.724169
8760,1,3,WALKING_DOWNSTAIRS,1.621413
8761,1,3,WALKING_DOWNSTAIRS,1.492517
8762,1,3,WALKING_DOWNSTAIRS,1.312346
8763,1,3,WALKING_DOWNSTAIRS,1.211352
8764,1,3,WALKING_DOWNSTAIRS,1.448353
8765,1,3,WALKING_DOWNSTAIRS,1.598121
8766,1,3,WALKING_DOWNSTAIRS,1.361051
8767,1,3,WALKING_DOWNSTAIRS,0.9375288
8768,1,3,WALKING_DOWNSTAIRS,0.5193742
8769,1,3,WALKING_DOWNSTAIRS,0.5355786
8770,1,3,WALKING_DOWNSTAIRS,0.7491255
8771,1,3,WALKING_DOWNSTAIRS,0.6883915
8772,1,3,WALKING_DOWNSTAIRS,0.6985859
8773,1,3,WALKING_DOWNSTAIRS,0.7416769
8774,1,3,WALKING_DOWNSTAIRS,0.6945693
8775,1,3,WALKING_DOWNSTAIRS,0.8080964
8776,1,3,WALKING_DOWNSTAIRS,0.894132
8777,1,3,WALKING_DOWNSTAIRS,0.8898987
8778,1,3,WALKING_DOWNSTAIRS,0.9060677
8779,1,3,WALKING_DOWNSTAIRS,0.8775792
8780,1,3,WALKING_DOWNSTAIRS,0.838121
8781,1,3,WALKING_DOWNSTAIRS,0.7702935
8782,1,3,WALKING_DOWNSTAIRS,0.8025127
8783,1,3,WALKING_DOWNSTAIRS,1.103993
8784,1,3,WALKING_DOWNSTAIRS,1.545421
8785,1,3,WALKING_DOWNSTAIRS,1.805396
8786,1,3,WALKING_DOWNSTAIRS,1.731512
8787,1,3,WALKING_DOWNSTAIRS,1.729786
8788,1,3,WALKING_DOWNSTAIRS,1.772281
8789,1,3,WALKING_DOWNSTAIRS,1.539453
8790,1,3,WALKING_DOWNSTAIRS,1.405736
8791,1,3,WALKING_DOWNSTAIRS,1.2796
8792,1,3,WALKING_DOWNSTAIRS,0.9783974
8793,1,3,WALKING_DOWNSTAIRS,0.7887384
8794,1,3,WALKING_DOWNSTAIRS,0.5832455
8795,1,3,WALKING_DOWNSTAIRS,0.5137592
8796,1,3,WALKING_DOWNSTAIRS,0.7138809
8797,1,3,WALKING_DOWNSTAIRS,0.9069567
8798,1,3,WALKING_DOWNSTAIRS,1.048507
8799,1,3,WALKING_DOWNSTAIRS,0.9749581
8800,1,3,WALKING_DOWNSTAIRS,0.7977259
8801,1,3,WALKING_DOWNSTAIRS,0.7579991
8802,1,3,WALKING_DOWNSTAIRS,0.750099
8803,1,3,WALKING_DOWNSTAIRS,0.8082176
8804,1,3,WALKING_DOWNSTAIRS,0.8221646
8805,1,3,WALKING_DOWNSTAIRS,0.8117192
8806,1,3,WALKING_DOWNSTAIRS,0.9768629
8807,1,3,WALKING_DOWNSTAIRS,1.202335
8808,1,3,WALKING_DOWNSTAIRS,1.419849
8809,1,3,WALKING_DOWNSTAIRS,1.415585
8810,1,3,WALKING_DOWNSTAIRS,1.039335
8811,1,3,WALKING_DOWNSTAIRS,0.7262254
8812,1,3,WALKING_DOWNSTAIRS,0.8982489
8813,1,3,WALKING_DOWNSTAIRS,1.245173
8814,1,3,WALKING_DOWNSTAIRS,1.271196
8815,1,3,WALKING_DOWNSTAIRS,1.173234
8816,1,3,WALKING_DOWNSTAIRS,0.9703561
8817,1,3,WALKING_DOWNSTAIRS,0.6873479
8818,1,3,WALKING_DOWNSTAIRS,0.7920971
8819,1,3,WALKING_DOWNSTAIRS,0.9133258
8820,1,3,WALKING_DOWNSTAIRS,0.8434413
8821,1,3,WALKING_DOWNSTAIRS,0.8919018
8822,1,3,WALKING_DOWNSTAIRS,0.8411287
8823,1,3,WALKING_DOWNSTAIRS,0.7805243
8824,1,3,WALKING_DOWNSTAIRS,0.8045481
8825,1,3,WALKING_DOWNSTAIRS,0.7586996
8826,1,3,WALKING_DOWNSTAIRS,0.7673563
8827,1,3,WALKING_DOWNSTAIRS,0.765449
8828,1,3,WALKING_DOWNSTAIRS,0.6765999
8829,1,3,WALKING_DOWNSTAIRS,0.611126
8830,1,3,WALKING_DOWNSTAIRS,0.618802
8831,1,3,WALKING_DOWNSTAIRS,0.6506007
8832,1,3,WALKING_DOWNSTAIRS,0.6896
8833,1,3,WALKING_DOWNSTAIRS,0.8770483
8834,1,3,WALKING_DOWNSTAIRS,1.107415
8835,1,3,WALKING_DOWNSTAIRS,1.184381
8836,1,3,WALKING_DOWNSTAIRS,1.280089
8837,1,3,WALKING_DOWNSTAIRS,1.497025
8838,1,3,WALKING_DOWNSTAIRS,1.682296
8839,1,3,WALKING_DOWNSTAIRS,1.751886
8840,1,3,WALKING_DOWNSTAIRS,1.703175
8841,1,3,WALKING_DOWNSTAIRS,1.541172
8842,1,3,WALKING_DOWNSTAIRS,1.343022
8843,1,3,WALKING_DOWNSTAIRS,1.181848
8844,1,3,WALKING_DOWNSTAIRS,1.052434
8845,1,3,WALKING_DOWNSTAIRS,0.9280505
8846,1,3,WALKING_DOWNSTAIRS,0.7765115
8847,1,3,WALKING_DOWNSTAIRS,0.6449696
8848,1,3,WALKING_DOWNSTAIRS,0.607154
8849,1,3,WALKING_DOWNSTAIRS,0.6360865
8850,1,3,WALKING_DOWNSTAIRS,0.6357484
8851,1,3,WALKING_DOWNSTAIRS,0.5849667
8852,1,3,WALKING_DOWNSTAIRS,0.5902557
8853,1,3,WALKING_DOWNSTAIRS,0.6553708
8854,1,3,WALKING_DOWNSTAIRS,0.7794784
8855,1,3,WALKING_DOWNSTAIRS,0.9394785
8856,1,3,WALKING_DOWNSTAIRS,0.9500118
8857,1,3,WALKING_DOWNSTAIRS,0.8430034
8858,1,3,WALKING_DOWNSTAIRS,0.763102
8859,1,3,WALKING_DOWNSTAIRS,0.7770908
8860,1,3,WALKING_DOWNSTAIRS,0.884169
8861,1,3,WALKING_DOWNSTAIRS,0.9856516
8862,1,3,WALKING_DOWNSTAIRS,1.079853
8863,1,3,WALKING_DOWNSTAIRS,1.131157
8864,1,3,WALKING_DOWNSTAIRS,1.203293
8865,1,3,WALKING_DOWNSTAIRS,1.396567
8866,1,3,WALKING_DOWNSTAIRS,1.469255
8867,1,3,WALKING_DOWNSTAIRS,1.355424
8868,1,3,WALKING_DOWNSTAIRS,1.361252
8869,1,3,WALKING_DOWNSTAIRS,1.671811
8870,1,3,WALKING_DOWNSTAIRS,1.90068
8871,1,3,WALKING_DOWNSTAIRS,1.53127
8872,1,3,WALKING_DOWNSTAIRS,1.093899
8873,1,3,WALKING_DOWNSTAIRS,1.120392
8874,1,3,WALKING_DOWNSTAIRS,1.013182
8875,1,3,WALKING_DOWNSTAIRS,0.7999015
8876,1,3,WALKING_DOWNSTAIRS,0.8919107
8877,1,3,WALKING_DOWNSTAIRS,0.8510902
8878,1,3,WALKING_DOWNSTAIRS,0.7876403
8879,1,3,WALKING_DOWNSTAIRS,0.8095394
8880,1,3,WALKING_DOWNSTAIRS,0.6170329
8881,1,3,WALKING_DOWNSTAIRS,0.628663
8882,1,3,WALKING_DOWNSTAIRS,0.7231713
8883,1,3,WALKING_DOWNSTAIRS,0.6568286
8884,1,3,WALKING_DOWNSTAIRS,0.6744433
8885,1,3,WALKING_DOWNSTAIRS,0.5652921
8886,1,3,WALKING_DOWNSTAIRS,0.4989098
8887,1,3,WALKING_DOWNSTAIRS,0.6039814
8888,1,3,WALKING_DOWNSTAIRS,0.7352022
8889,1,3,WALKING_DOWNSTAIRS,0.9361613
8890,1,3,WALKING_DOWNSTAIRS,0.9279937
8891,1,3,WALKING_DOWNSTAIRS,0.8802228
8892,1,3,WALKING_DOWNSTAIRS,0.9815483
8893,1,3,WALKING_DOWNSTAIRS,1.057427
8894,1,3,WALKING_DOWNSTAIRS,1.402426
8895,1,3,WALKING_DOWNSTAIRS,1.85858
8896,1,3,WALKING_DOWNSTAIRS,1.93189
8897,1,3,WALKING_DOWNSTAIRS,1.764704
8898,1,3,WALKING_DOWNSTAIRS,1.599453
8899,1,3,WALKING_DOWNSTAIRS,1.460707
8900,1,3,WALKING_DOWNSTAIRS,1.290422
8901,1,3,WALKING_DOWNSTAIRS,1.027303
8902,1,3,WALKING_DOWNSTAIRS,0.7612655
8903,1,3,WALKING_DOWNSTAIRS,0.6374718
8904,1,3,WALKING_DOWNSTAIRS,0.5930084
8905,1,3,WALKING_DOWNSTAIRS,0.5614846
8906,1,3,WALKING_DOWNSTAIRS,0.6247899
8907,1,3,WALKING_DOWNSTAIRS,0.6498417
8908,1,3,WALKING_DOWNSTAIRS,0.5946049
8909,1,3,WALKING_DOWNSTAIRS,0.5851412
8910,1,3,WALKING_DOWNSTAIRS,0.5397077
8911,1,3,WALKING_DOWNSTAIRS,0.5673454
8912,1,3,WALKING_DOWNSTAIRS,0.7301736
8913,1,3,WALKING_DOWNSTAIRS,0.8636097
8914,1,3,WALKING_DOWNSTAIRS,0.9177616
8915,1,3,WALKING_DOWNSTAIRS,0.8351243
8916,1,3,WALKING_DOWNSTAIRS,0.7925518
8917,1,3,WALKING_DOWNSTAIRS,0.8540023
8918,1,3,WALKING_DOWNSTAIRS,0.9006296
8919,1,3,WALKING_DOWNSTAIRS,1.128525
8920,1,3,WALKING_DOWNSTAIRS,1.442164
8921,1,3,WALKING_DOWNSTAIRS,1.608039
8922,1,3,WALKING_DOWNSTAIRS,1.656384
8923,1,3,WALKING_DOWNSTAIRS,1.616349
8924,1,3,WALKING_DOWNSTAIRS,1.602997
8925,1,3,WALKING_DOWNSTAIRS,1.59163
8926,1,3,WALKING_DOWNSTAIRS,1.439392
8927,1,3,WALKING_DOWNSTAIRS,1.198209
8928,1,3,WALKING_DOWNSTAIRS,1.034707
8929,1,3,WALKING_DOWNSTAIRS,0.9697914
8930,1,3,WALKING_DOWNSTAIRS,0.8660375
8931,1,3,WALKING_DOWNSTAIRS,0.78594
8932,1,3,WALKING_DOWNSTAIRS,0.7627023
8933,1,3,WALKING_DOWNSTAIRS,0.7069792
8934,1,3,WALKING_DOWNSTAIRS,0.7092015
8935,1,3,WALKING_DOWNSTAIRS,0.7640814
8936,1,3,WALKING_DOWNSTAIRS,0.8290908
8937,1,3,WALKING_DOWNSTAIRS,0.9141224
8938,1,3,WALKING_DOWNSTAIRS,0.9032614
8939,1,3,WALKING_DOWNSTAIRS,0.8094186
8940,1,3,WALKING_DOWNSTAIRS,0.7324991
8941,1,3,WALKING_DOWNSTAIRS,0.7082579
8942,1,3,WALKING_DOWNSTAIRS,0.7486709
8943,1,3,WALKING_DOWNSTAIRS,0.7628445
8944,1,3,WALKING_DOWNSTAIRS,0.7566203
8945,1,3,WALKING_DOWNSTAIRS,0.8473646
8946,1,3,WALKING_DOWNSTAIRS,1.005032
8947,1,3,WALKING_DOWNSTAIRS,1.093025
8948,1,3,WALKING_DOWNSTAIRS,1.042514
8949,1,3,WALKING_DOWNSTAIRS,1.035796
8950,1,3,WALKING_DOWNSTAIRS,1.239034
8951,1,3,WALKING_DOWNSTAIRS,1.480533
8952,1,3,WALKING_DOWNSTAIRS,1.533349
8953,1,3,WALKING_DOWNSTAIRS,1.348858
8954,1,3,WALKING_DOWNSTAIRS,1.215093
8955,1,3,WALKING_DOWNSTAIRS,1.386462
8956,1,3,WALKING_DOWNSTAIRS,1.576506
8957,1,3,WALKING_DOWNSTAIRS,1.577762
8958,1,3,WALKING_DOWNSTAIRS,1.417178
8959,1,3,WALKING_DOWNSTAIRS,0.9873884
8960,1,3,WALKING_DOWNSTAIRS,0.4900018
8961,1,3,WALKING_DOWNSTAIRS,0.3957973
8962,1,3,WALKING_DOWNSTAIRS,0.7324702
8963,1,3,WALKING_DOWNSTAIRS,1.064709
8964,1,3,WALKING_DOWNSTAIRS,1.105944
8965,1,3,WALKING_DOWNSTAIRS,0.8747143
8966,1,3,WALKING_DOWNSTAIRS,0.6412597
8967,1,3,WALKING_DOWNSTAIRS,0.7172852
8968,1,3,WALKING_DOWNSTAIRS,0.8731946
8969,1,3,WALKING_DOWNSTAIRS,0.971869
8970,1,3,WALKING_DOWNSTAIRS,1.219885
8971,1,3,WALKING_DOWNSTAIRS,1.320021
8972,1,3,WALKING_DOWNSTAIRS,1.203684
8973,1,3,WALKING_DOWNSTAIRS,1.187895
8974,1,3,WALKING_DOWNSTAIRS,1.192005
8975,1,3,WALKING_DOWNSTAIRS,1.154389
8976,1,3,WALKING_DOWNSTAIRS,1.108585
8977,1,3,WALKING_DOWNSTAIRS,1.074647
8978,1,3,WALKING_DOWNSTAIRS,1.032459
8979,1,3,WALKING_DOWNSTAIRS,0.8937454
8980,1,3,WALKING_DOWNSTAIRS,0.8313979
8981,1,3,WALKING_DOWNSTAIRS,0.8880498
8982,1,3,WALKING_DOWNSTAIRS,0.9051622
8983,1,3,WALKING_DOWNSTAIRS,0.9171951
8984,1,3,WALKING_DOWNSTAIRS,0.9243597
8985,1,3,WALKING_DOWNSTAIRS,0.90033
8986,1,3,WALKING_DOWNSTAIRS,0.8620545
8987,1,3,WALKING_DOWNSTAIRS,0.7905547
8988,1,3,WALKING_DOWNSTAIRS,0.7328989
8989,1,3,WALKING_DOWNSTAIRS,0.7209756
8990,1,3,WALKING_DOWNSTAIRS,0.7130029
8991,1,3,WALKING_DOWNSTAIRS,0.7085744
8992,1,3,WALKING_DOWNSTAIRS,0.6936924
8993,1,3,WALKING_DOWNSTAIRS,0.6654257
8994,1,3,WALKING_DOWNSTAIRS,0.7127961
8995,1,3,WALKING_DOWNSTAIRS,0.8163709
8996,1,3,WALKING_DOWNSTAIRS,0.9097958
8997,1,3,WALKING_DOWNSTAIRS,0.989879
8998,1,3,WALKING_DOWNSTAIRS,1.026159
8999,1,3,WALKING_DOWNSTAIRS,1.11781
9000,1,3,WALKING_DOWNSTAIRS,1.337032
9001,1,3,WALKING_DOWNSTAIRS,1.516271
9002,1,3,WALKING_DOWNSTAIRS,1.532996
9003,1,3,WALKING_DOWNSTAIRS,1.498134
9004,1,3,WALKING_DOWNSTAIRS,1.57375
9005,1,3,WALKING_DOWNSTAIRS,1.700312
9006,1,3,WALKING_DOWNSTAIRS,1.704607
9007,1,3,WALKING_DOWNSTAIRS,1.452476
9008,1,3,WALKING_DOWNSTAIRS,0.9562173
9009,1,3,WALKING_DOWNSTAIRS,0.5798524
9010,1,3,WALKING_DOWNSTAIRS,0.5536376
9011,1,3,WALKING_DOWNSTAIRS,0.6422109
9012,1,3,WALKING_DOWNSTAIRS,0.6587739
9013,1,3,WALKING_DOWNSTAIRS,0.6413564
9014,1,3,WALKING_DOWNSTAIRS,0.6230324
9015,1,3,WALKING_DOWNSTAIRS,0.5626617
9016,1,3,WALKING_DOWNSTAIRS,0.4845766
9017,1,3,WALKING_DOWNSTAIRS,0.4738498
9018,1,3,WALKING_DOWNSTAIRS,0.5494153
9019,1,3,WALKING_DOWNSTAIRS,0.7582178
9020,1,3,WALKING_DOWNSTAIRS,1.04352
9021,1,3,WALKING_DOWNSTAIRS,1.137482
9022,1,3,WALKING_DOWNSTAIRS,0.952106
9023,1,3,WALKING_DOWNSTAIRS,0.7447012
9024,1,3,WALKING_DOWNSTAIRS,0.7291076
9025,1,3,WALKING_DOWNSTAIRS,0.873549
9026,1,3,WALKING_DOWNSTAIRS,1.042456
9027,1,3,WALKING_DOWNSTAIRS,1.167717
9028,1,3,WALKING_DOWNSTAIRS,1.536338
9029,1,3,WALKING_DOWNSTAIRS,2.058101
9030,1,3,WALKING_DOWNSTAIRS,1.955039
9031,1,3,WALKING_DOWNSTAIRS,1.495488
9032,1,3,WALKING_DOWNSTAIRS,1.338197
9033,1,3,WALKING_DOWNSTAIRS,1.163322
9034,1,3,WALKING_DOWNSTAIRS,1.078679
9035,1,3,WALKING_DOWNSTAIRS,1.15153
9036,1,3,WALKING_DOWNSTAIRS,1.022334
9037,1,3,WALKING_DOWNSTAIRS,0.9331878
9038,1,3,WALKING_DOWNSTAIRS,0.8228084
9039,1,3,WALKING_DOWNSTAIRS,0.6357791
9040,1,3,WALKING_DOWNSTAIRS,0.6688542
9041,1,3,WALKING_DOWNSTAIRS,0.7430078
9042,1,3,WALKING_DOWNSTAIRS,0.7820275
9043,1,3,WALKING_DOWNSTAIRS,0.8302147
9044,1,3,WALKING_DOWNSTAIRS,0.8243745
9045,1,3,WALKING_DOWNSTAIRS,0.7997653
9046,1,3,WALKING_DOWNSTAIRS,0.7493677
9047,1,3,WALKING_DOWNSTAIRS,0.6548534
9048,1,3,WALKING_DOWNSTAIRS,0.5678329
9049,1,3,WALKING_DOWNSTAIRS,0.6087888
9050,1,3,WALKING_DOWNSTAIRS,0.7373
9051,1,3,WALKING_DOWNSTAIRS,0.867436
9052,1,3,WALKING_DOWNSTAIRS,0.8969975
9053,1,3,WALKING_DOWNSTAIRS,0.8325272
9054,1,3,WALKING_DOWNSTAIRS,0.9795539
9055,1,3,WALKING_DOWNSTAIRS,1.326056
9056,1,3,WALKING_DOWNSTAIRS,1.712235
9057,1,3,WALKING_DOWNSTAIRS,1.871723
9058,1,3,WALKING_DOWNSTAIRS,1.657744
9059,1,3,WALKING_DOWNSTAIRS,1.568038
9060,1,3,WALKING_DOWNSTAIRS,1.567767
9061,1,3,WALKING_DOWNSTAIRS,1.424967
9062,1,3,WALKING_DOWNSTAIRS,1.293314
9063,1,3,WALKING_DOWNSTAIRS,1.032356
9064,1,3,WALKING_DOWNSTAIRS,0.7957669
9065,1,3,WALKING_DOWNSTAIRS,0.689703
9066,1,3,WALKING_DOWNSTAIRS,0.6490981
9067,1,3,WALKING_DOWNSTAIRS,0.7504854
9068,1,3,WALKING_DOWNSTAIRS,0.7182737
9069,1,3,WALKING_DOWNSTAIRS,0.6461152
9070,1,3,WALKING_DOWNSTAIRS,0.6131134
9071,1,3,WALKING_DOWNSTAIRS,0.4372629
9072,1,3,WALKING_DOWNSTAIRS,0.4268547
9073,1,3,WALKING_DOWNSTAIRS,0.5664513
9074,1,3,WALKING_DOWNSTAIRS,0.7874898
9075,1,3,WALKING_DOWNSTAIRS,1.060704
9076,1,3,WALKING_DOWNSTAIRS,1.009743
9077,1,3,WALKING_DOWNSTAIRS,0.8564993
9078,1,3,WALKING_DOWNSTAIRS,0.8613798
9079,1,3,WALKING_DOWNSTAIRS,0.9606365
9080,1,3,WALKING_DOWNSTAIRS,1.234613
9081,1,3,WALKING_DOWNSTAIRS,1.541141
9082,1,3,WALKING_DOWNSTAIRS,1.710657
9083,1,3,WALKING_DOWNSTAIRS,1.69012
9084,1,3,WALKING_DOWNSTAIRS,1.677378
9085,1,3,WALKING_DOWNSTAIRS,1.804899
9086,1,3,WALKING_DOWNSTAIRS,1.626409
9087,1,3,WALKING_DOWNSTAIRS,1.221883
9088,1,3,WALKING_DOWNSTAIRS,0.7781651
9089,1,3,WALKING_DOWNSTAIRS,0.9851204
9090,1,3,WALKING_DOWNSTAIRS,1.149108
9091,1,3,WALKING_DOWNSTAIRS,1.105163
9092,1,3,WALKING_DOWNSTAIRS,1.00762
9093,1,3,WALKING_DOWNSTAIRS,1.026444
9094,1,3,WALKING_DOWNSTAIRS,1.070469
9095,1,3,WALKING_DOWNSTAIRS,1.207098
9096,1,3,WALKING_DOWNSTAIRS,1.408084
9097,1,3,WALKING_DOWNSTAIRS,1.458577
9098,1,3,WALKING_DOWNSTAIRS,1.35816
9099,1,3,WALKING_DOWNSTAIRS,1.283662
9100,1,3,WALKING_DOWNSTAIRS,1.430298
9101,1,3,WALKING_DOWNSTAIRS,1.589899
9102,1,3,WALKING_DOWNSTAIRS,1.475344
9103,1,3,WALKING_DOWNSTAIRS,1.2564
9104,1,3,WALKING_DOWNSTAIRS,1.030795
9105,1,3,WALKING_DOWNSTAIRS,0.8376505
9106,1,3,WALKING_DOWNSTAIRS,0.7167138
9107,1,3,WALKING_DOWNSTAIRS,0.6885992
9108,1,3,WALKING_DOWNSTAIRS,0.8117855
9109,1,3,WALKING_DOWNSTAIRS,0.8136936
9110,1,3,WALKING_DOWNSTAIRS,0.7849432
9111,1,3,WALKING_DOWNSTAIRS,0.896129
9112,1,3,WALKING_DOWNSTAIRS,0.8464199
9113,1,3,WALKING_DOWNSTAIRS,0.8070949
9114,1,3,WALKING_DOWNSTAIRS,0.8100286
9115,1,3,WALKING_DOWNSTAIRS,0.7167369
9116,1,3,WALKING_DOWNSTAIRS,0.6916182
9117,1,3,WALKING_DOWNSTAIRS,0.6241437
9118,1,3,WALKING_DOWNSTAIRS,0.6738997
9119,1,3,WALKING_DOWNSTAIRS,0.8749287
9120,1,3,WALKING_DOWNSTAIRS,0.9789278
9121,1,3,WALKING_DOWNSTAIRS,1.05235
9122,1,3,WALKING_DOWNSTAIRS,0.9857283
9123,1,3,WALKING_DOWNSTAIRS,0.9188679
9124,1,3,WALKING_DOWNSTAIRS,1.003661
9125,1,3,WALKING_DOWNSTAIRS,1.09484
9126,1,3,WALKING_DOWNSTAIRS,1.287156
9127,1,3,WALKING_DOWNSTAIRS,1.425066
9128,1,3,WALKING_DOWNSTAIRS,1.456287
9129,1,3,WALKING_DOWNSTAIRS,1.508188
9130,1,3,WALKING_DOWNSTAIRS,1.478813
9131,1,3,WALKING_DOWNSTAIRS,1.49208
9132,1,3,WALKING_DOWNSTAIRS,1.475982
9133,1,3,WALKING_DOWNSTAIRS,1.297337
9134,1,3,WALKING_DOWNSTAIRS,1.101152
9135,1,3,WALKING_DOWNSTAIRS,0.8713036
9136,1,3,WALKING_DOWNSTAIRS,0.704359
9137,1,3,WALKING_DOWNSTAIRS,0.6244578
9138,1,3,WALKING_DOWNSTAIRS,0.5412168
9139,1,3,WALKING_DOWNSTAIRS,0.540478
9140,1,3,WALKING_DOWNSTAIRS,0.5215351
9141,1,3,WALKING_DOWNSTAIRS,0.4477386
9142,1,3,WALKING_DOWNSTAIRS,0.3792912
9143,1,3,WALKING_DOWNSTAIRS,0.3625759
9144,1,3,WALKING_DOWNSTAIRS,0.5636754
9145,1,3,WALKING_DOWNSTAIRS,0.8489654
9146,1,3,WALKING_DOWNSTAIRS,1.051245
9147,1,3,WALKING_DOWNSTAIRS,1.157709
9148,1,3,WALKING_DOWNSTAIRS,1.045608
9149,1,3,WALKING_DOWNSTAIRS,0.9173339
9150,1,3,WALKING_DOWNSTAIRS,1.066158
9151,1,3,WALKING_DOWNSTAIRS,1.29691
9152,1,3,WALKING_DOWNSTAIRS,1.492
9153,1,3,WALKING_DOWNSTAIRS,1.701261
9154,1,3,WALKING_DOWNSTAIRS,1.655204
9155,1,3,WALKING_DOWNSTAIRS,1.415466
9156,1,3,WALKING_DOWNSTAIRS,1.354205
9157,1,3,WALKING_DOWNSTAIRS,1.480498
9158,1,3,WALKING_DOWNSTAIRS,1.627743
9159,1,3,WALKING_DOWNSTAIRS,1.470676
9160,1,3,WALKING_DOWNSTAIRS,1.102096
9161,1,3,WALKING_DOWNSTAIRS,0.9072668
9162,1,3,WALKING_DOWNSTAIRS,0.7659149
9163,1,3,WALKING_DOWNSTAIRS,0.6674022
9164,1,3,WALKING_DOWNSTAIRS,0.666275
9165,1,3,WALKING_DOWNSTAIRS,0.8041559
9166,1,3,WALKING_DOWNSTAIRS,1.019941
9167,1,3,WALKING_DOWNSTAIRS,0.9326213
9168,1,3,WALKING_DOWNSTAIRS,0.7136954
9169,1,3,WALKING_DOWNSTAIRS,0.5245576
9170,1,3,WALKING_DOWNSTAIRS,0.39448
9171,1,3,WALKING_DOWNSTAIRS,0.5067496
9172,1,3,WALKING_DOWNSTAIRS,0.5242523
9173,1,3,WALKING_DOWNSTAIRS,0.549983
9174,1,3,WALKING_DOWNSTAIRS,0.7903734
9175,1,3,WALKING_DOWNSTAIRS,0.8825138
9176,1,3,WALKING_DOWNSTAIRS,0.8768124
9177,1,3,WALKING_DOWNSTAIRS,0.8501831
9178,1,3,WALKING_DOWNSTAIRS,0.8374235
9179,1,3,WALKING_DOWNSTAIRS,1.037158
9180,1,3,WALKING_DOWNSTAIRS,1.372045
9181,1,3,WALKING_DOWNSTAIRS,1.657305
9182,1,3,WALKING_DOWNSTAIRS,1.692333
9183,1,3,WALKING_DOWNSTAIRS,1.50319
9184,1,3,WALKING_DOWNSTAIRS,1.366025
9185,1,3,WALKING_DOWNSTAIRS,1.379092
9186,1,3,WALKING_DOWNSTAIRS,1.376247
9187,1,3,WALKING_DOWNSTAIRS,1.228693
9188,1,3,WALKING_DOWNSTAIRS,1.053568
9189,1,3,WALKING_DOWNSTAIRS,0.8731269
9190,1,3,WALKING_DOWNSTAIRS,0.7550361
9191,1,3,WALKING_DOWNSTAIRS,0.7877073
9192,1,3,WALKING_DOWNSTAIRS,0.7737773
9193,1,3,WALKING_DOWNSTAIRS,0.7163007
9194,1,3,WALKING_DOWNSTAIRS,0.6232198
9195,1,3,WALKING_DOWNSTAIRS,0.4571989
9196,1,3,WALKING_DOWNSTAIRS,0.401829
9197,1,3,WALKING_DOWNSTAIRS,0.4323978
9198,1,3,WALKING_DOWNSTAIRS,0.5553135
9199,1,3,WALKING_DOWNSTAIRS,0.8388983
9200,1,3,WALKING_DOWNSTAIRS,1.129006
9201,1,3,WALKING_DOWNSTAIRS,1.262458
9202,1,3,WALKING_DOWNSTAIRS,1.229358
9203,1,3,WALKING_DOWNSTAIRS,1.216995
9204,1,3,WALKING_DOWNSTAIRS,1.239279
9205,1,3,WALKING_DOWNSTAIRS,1.21921
9206,1,3,WALKING_DOWNSTAIRS,1.24231
9207,1,3,WALKING_DOWNSTAIRS,1.30257
9208,1,3,WALKING_DOWNSTAIRS,1.425942
9209,1,3,WALKING_DOWNSTAIRS,1.600885
9210,1,3,WALKING_DOWNSTAIRS,1.682718
9211,1,3,WALKING_DOWNSTAIRS,1.577823
9212,1,3,WALKING_DOWNSTAIRS,1.235398
9213,1,3,WALKING_DOWNSTAIRS,0.8255932
9214,1,3,WALKING_DOWNSTAIRS,0.6910978
9215,1,3,WALKING_DOWNSTAIRS,0.8020717
9216,1,3,WALKING_DOWNSTAIRS,0.7927679
9217,1,3,WALKING_DOWNSTAIRS,0.7387521
9218,1,3,WALKING_DOWNSTAIRS,0.830706
9219,1,3,WALKING_DOWNSTAIRS,0.8521627
9220,1,3,WALKING_DOWNSTAIRS,0.8443788
9221,1,3,WALKING_DOWNSTAIRS,0.8256237
9222,1,3,WALKING_DOWNSTAIRS,0.7108258
9223,1,3,WALKING_DOWNSTAIRS,0.7226657
9224,1,3,WALKING_DOWNSTAIRS,0.7742676
9225,1,3,WALKING_DOWNSTAIRS,0.7793597
9226,1,3,WALKING_DOWNSTAIRS,0.8272899
9227,1,3,WALKING_DOWNSTAIRS,0.8665999
9228,1,3,WALKING_DOWNSTAIRS,0.9467567
9229,1,3,WALKING_DOWNSTAIRS,0.9556806
9230,1,3,WALKING_DOWNSTAIRS,0.8992878
9231,1,3,WALKING_DOWNSTAIRS,0.9285151
9232,1,3,WALKING_DOWNSTAIRS,0.9819132
9233,1,3,WALKING_DOWNSTAIRS,1.176616
9234,1,3,WALKING_DOWNSTAIRS,1.477272
9235,1,3,WALKING_DOWNSTAIRS,1.586584
9236,1,3,WALKING_DOWNSTAIRS,1.459354
9237,1,3,WALKING_DOWNSTAIRS,1.323801
9238,1,3,WALKING_DOWNSTAIRS,1.33952
9239,1,3,WALKING_DOWNSTAIRS,1.32867
9240,1,3,WALKING_DOWNSTAIRS,1.26408
9241,1,3,WALKING_DOWNSTAIRS,1.223574
9242,1,3,WALKING_DOWNSTAIRS,1.076303
9243,1,3,WALKING_DOWNSTAIRS,0.8991475
9244,1,3,WALKING_DOWNSTAIRS,0.7385225
9245,1,3,WALKING_DOWNSTAIRS,0.5801728
9246,1,3,WALKING_DOWNSTAIRS,0.538149
9247,1,3,WALKING_DOWNSTAIRS,0.4929718
9248,1,3,WALKING_DOWNSTAIRS,0.4009716
9249,1,3,WALKING_DOWNSTAIRS,0.4215446
9250,1,3,WALKING_DOWNSTAIRS,0.5266428
9251,1,3,WALKING_DOWNSTAIRS,0.7109216
9252,1,3,WALKING_DOWNSTAIRS,0.999948
9253,1,3,WALKING_DOWNSTAIRS,1.120263
9254,1,3,WALKING_DOWNSTAIRS,0.9782529
9255,1,3,WALKING_DOWNSTAIRS,0.8662226
9256,1,3,WALKING_DOWNSTAIRS,0.8570371
9257,1,3,WALKING_DOWNSTAIRS,0.9768848
9258,1,3,WALKING_DOWNSTAIRS,1.241675
9259,1,3,WALKING_DOWNSTAIRS,1.397154
9260,1,3,WALKING_DOWNSTAIRS,1.411712
9261,1,3,WALKING_DOWNSTAIRS,1.348094
9262,1,3,WALKING_DOWNSTAIRS,1.307858
9263,1,3,WALKING_DOWNSTAIRS,1.593206
9264,1,3,WALKING_DOWNSTAIRS,1.863452
9265,1,3,WALKING_DOWNSTAIRS,1.580262
9266,1,3,WALKING_DOWNSTAIRS,1.12396
9267,1,3,WALKING_DOWNSTAIRS,0.9437627
9268,1,3,WALKING_DOWNSTAIRS,0.9434898
9269,1,3,WALKING_DOWNSTAIRS,0.9743037
9270,1,3,WALKING_DOWNSTAIRS,0.9070969
9271,1,3,WALKING_DOWNSTAIRS,0.8100059
9272,1,3,WALKING_DOWNSTAIRS,0.797975
9273,1,3,WALKING_DOWNSTAIRS,0.734115
9274,1,3,WALKING_DOWNSTAIRS,0.7118859
9275,1,3,WALKING_DOWNSTAIRS,0.7816485
9276,1,3,WALKING_DOWNSTAIRS,0.7646472
9277,1,3,WALKING_DOWNSTAIRS,0.7777341
9278,1,3,WALKING_DOWNSTAIRS,0.8366444
9279,1,3,WALKING_DOWNSTAIRS,0.8467307
9280,1,3,WALKING_DOWNSTAIRS,0.827436
9281,1,3,WALKING_DOWNSTAIRS,0.7185836
9282,1,3,WALKING_DOWNSTAIRS,0.673792
9283,1,3,WALKING_DOWNSTAIRS,0.8374284
9284,1,3,WALKING_DOWNSTAIRS,1.081597
9285,1,3,WALKING_DOWNSTAIRS,1.184695
9286,1,3,WALKING_DOWNSTAIRS,1.051001
9287,1,3,WALKING_DOWNSTAIRS,0.9715235
9288,1,3,WALKING_DOWNSTAIRS,1.073972
9289,1,3,WALKING_DOWNSTAIRS,1.253451
9290,1,3,WALKING_DOWNSTAIRS,1.590892
9291,1,3,WALKING_DOWNSTAIRS,1.781611
9292,1,3,WALKING_DOWNSTAIRS,1.450026
9293,1,3,WALKING_DOWNSTAIRS,1.050603
9294,1,3,WALKING_DOWNSTAIRS,1.056976
9295,1,3,WALKING_DOWNSTAIRS,1.239193
9296,1,3,WALKING_DOWNSTAIRS,1.365452
9297,1,3,WALKING_DOWNSTAIRS,1.360271
9298,1,3,WALKING_DOWNSTAIRS,1.145746
9299,1,3,WALKING_DOWNSTAIRS,0.8883382
9300,1,3,WALKING_DOWNSTAIRS,0.7619662
9301,1,3,WALKING_DOWNSTAIRS,0.8121252
9302,1,3,WALKING_DOWNSTAIRS,0.9510469
9303,1,3,WALKING_DOWNSTAIRS,1.010628
9304,1,3,WALKING_DOWNSTAIRS,0.9422199
9305,1,3,WALKING_DOWNSTAIRS,0.76553
9306,1,3,WALKING_DOWNSTAIRS,0.6985678
9307,1,3,WALKING_DOWNSTAIRS,0.809119
9308,1,3,WALKING_DOWNSTAIRS,0.9005086
9309,1,3,WALKING_DOWNSTAIRS,0.9472872
9310,1,3,WALKING_DOWNSTAIRS,0.8805162
9311,1,3,WALKING_DOWNSTAIRS,0.7758119
9312,1,3,WALKING_DOWNSTAIRS,0.7965485
9313,1,3,WALKING_DOWNSTAIRS,0.8857061
9314,1,3,WALKING_DOWNSTAIRS,1.053258
9315,1,3,WALKING_DOWNSTAIRS,1.187935
9316,1,3,WALKING_DOWNSTAIRS,1.162791
9317,1,3,WALKING_DOWNSTAIRS,0.9884381
9318,1,3,WALKING_DOWNSTAIRS,0.8300177
9319,1,3,WALKING_DOWNSTAIRS,1.037711
9320,1,3,WALKING_DOWNSTAIRS,1.32467
9321,1,3,WALKING_DOWNSTAIRS,1.242382
9322,1,3,WALKING_DOWNSTAIRS,1.052361
9323,1,3,WALKING_DOWNSTAIRS,0.8541645
9324,1,3,WALKING_DOWNSTAIRS,0.6505432
9325,1,3,WALKING_DOWNSTAIRS,0.6674657
9326,1,3,WALKING_DOWNSTAIRS,0.7456591
9327,1,3,WALKING_DOWNSTAIRS,0.8060108
9328,1,3,WALKING_DOWNSTAIRS,0.9166442
9329,1,3,WALKING_DOWNSTAIRS,0.8947722
9330,1,3,WALKING_DOWNSTAIRS,0.8040235
9331,1,3,WALKING_DOWNSTAIRS,0.7261407
9332,1,3,WALKING_DOWNSTAIRS,0.6357728
9333,1,3,WALKING_DOWNSTAIRS,0.6627077
9334,1,3,WALKING_DOWNSTAIRS,0.7559789
9335,1,3,WALKING_DOWNSTAIRS,0.8230171
9336,1,3,WALKING_DOWNSTAIRS,0.7922305
9337,1,3,WALKING_DOWNSTAIRS,0.6365551
9338,1,3,WALKING_DOWNSTAIRS,0.5396939
9339,1,3,WALKING_DOWNSTAIRS,0.6038286
9340,1,3,WALKING_DOWNSTAIRS,0.9069733
9341,1,3,WALKING_DOWNSTAIRS,1.322546
9342,1,3,WALKING_DOWNSTAIRS,1.525629
9343,1,3,WALKING_DOWNSTAIRS,1.624551
9344,1,3,WALKING_DOWNSTAIRS,1.751794
9345,1,3,WALKING_DOWNSTAIRS,1.7908
9346,1,3,WALKING_DOWNSTAIRS,1.798402
9347,1,3,WALKING_DOWNSTAIRS,1.659831
9348,1,3,WALKING_DOWNSTAIRS,1.270704
9349,1,3,WALKING_DOWNSTAIRS,1.006591
9350,1,3,WALKING_DOWNSTAIRS,0.8678859
9351,1,3,WALKING_DOWNSTAIRS,0.6270567
9352,1,3,WALKING_DOWNSTAIRS,0.536009
9353,1,3,WALKING_DOWNSTAIRS,0.5217705
9354,1,3,WALKING_DOWNSTAIRS,0.4208013
9355,1,3,WALKING_DOWNSTAIRS,0.44212
9356,1,3,WALKING_DOWNSTAIRS,0.5059402
9357,1,3,WALKING_DOWNSTAIRS,0.5056402
9358,1,3,WALKING_DOWNSTAIRS,0.5483615
9359,1,3,WALKING_DOWNSTAIRS,0.7202468
9360,1,3,WALKING_DOWNSTAIRS,0.9515034
9361,1,3,WALKING_DOWNSTAIRS,0.9811855
9362,1,3,WALKING_DOWNSTAIRS,0.8679769
9363,1,3,WALKING_DOWNSTAIRS,0.8555743
9364,1,3,WALKING_DOWNSTAIRS,0.8727522
9365,1,3,WALKING_DOWNSTAIRS,0.921866
9366,1,3,WALKING_DOWNSTAIRS,1.041036
9367,1,3,WALKING_DOWNSTAIRS,1.043886
9368,1,3,WALKING_DOWNSTAIRS,1.064178
9369,1,3,WALKING_DOWNSTAIRS,1.274543
9370,1,3,WALKING_DOWNSTAIRS,1.409642
9371,1,3,WALKING_DOWNSTAIRS,1.421809
9372,1,3,WALKING_DOWNSTAIRS,1.556255
9373,1,3,WALKING_DOWNSTAIRS,1.691986
9374,1,3,WALKING_DOWNSTAIRS,1.399895
9375,1,3,WALKING_DOWNSTAIRS,0.9988464
9376,1,3,WALKING_DOWNSTAIRS,1.088241
9377,1,3,WALKING_DOWNSTAIRS,1.174396
9378,1,3,WALKING_DOWNSTAIRS,1.023318
9379,1,3,WALKING_DOWNSTAIRS,0.9728763
9380,1,3,WALKING_DOWNSTAIRS,0.8554207
9381,1,3,WALKING_DOWNSTAIRS,0.8294251
9382,1,3,WALKING_DOWNSTAIRS,0.8867676
9383,1,3,WALKING_DOWNSTAIRS,0.7270553
9384,1,3,WALKING_DOWNSTAIRS,0.6753132
9385,1,3,WALKING_DOWNSTAIRS,0.723787
9386,1,3,WALKING_DOWNSTAIRS,0.7268382
9387,1,3,WALKING_DOWNSTAIRS,0.7938097
9388,1,3,WALKING_DOWNSTAIRS,0.75894
9389,1,3,WALKING_DOWNSTAIRS,0.7218593
9390,1,3,WALKING_DOWNSTAIRS,0.7744823
9391,1,3,WALKING_DOWNSTAIRS,0.8007542
9392,1,3,WALKING_DOWNSTAIRS,0.868064
9393,1,3,WALKING_DOWNSTAIRS,0.8675752
9394,1,3,WALKING_DOWNSTAIRS,0.7723864
9395,1,3,WALKING_DOWNSTAIRS,0.7548498
9396,1,3,WALKING_DOWNSTAIRS,0.8849981
9397,1,3,WALKING_DOWNSTAIRS,1.202565
9398,1,3,WALKING_DOWNSTAIRS,1.589343
9399,1,3,WALKING_DOWNSTAIRS,1.825827
9400,1,3,WALKING_DOWNSTAIRS,1.774108
9401,1,3,WALKING_DOWNSTAIRS,1.615817
9402,1,3,WALKING_DOWNSTAIRS,1.566543
9403,1,3,WALKING_DOWNSTAIRS,1.375227
9404,1,3,WALKING_DOWNSTAIRS,1.097163
9405,1,3,WALKING_DOWNSTAIRS,1.009796
9406,1,3,WALKING_DOWNSTAIRS,0.8641329
9407,1,3,WALKING_DOWNSTAIRS,0.6743689
9408,1,3,WALKING_DOWNSTAIRS,0.6950968
9409,1,3,WALKING_DOWNSTAIRS,0.7236661
9410,1,3,WALKING_DOWNSTAIRS,0.6665677
9411,1,3,WALKING_DOWNSTAIRS,0.6629641
9412,1,3,WALKING_DOWNSTAIRS,0.6064077
9413,1,3,WALKING_DOWNSTAIRS,0.4531216
9414,1,3,WALKING_DOWNSTAIRS,0.344979
9415,1,3,WALKING_DOWNSTAIRS,0.3548486
9416,1,3,WALKING_DOWNSTAIRS,0.5553965
9417,1,3,WALKING_DOWNSTAIRS,0.8927355
9418,1,3,WALKING_DOWNSTAIRS,1.137082
9419,1,3,WALKING_DOWNSTAIRS,1.044741
9420,1,3,WALKING_DOWNSTAIRS,0.806664
9421,1,3,WALKING_DOWNSTAIRS,0.8202112
9422,1,3,WALKING_DOWNSTAIRS,0.8609987
9423,1,3,WALKING_DOWNSTAIRS,0.9667213
9424,1,3,WALKING_DOWNSTAIRS,1.329432
9425,1,3,WALKING_DOWNSTAIRS,1.57634
9426,1,3,WALKING_DOWNSTAIRS,1.711916
9427,1,3,WALKING_DOWNSTAIRS,1.728478
9428,1,3,WALKING_DOWNSTAIRS,1.626692
9429,1,3,WALKING_DOWNSTAIRS,1.61563
9430,1,3,WALKING_DOWNSTAIRS,1.475201
9431,1,3,WALKING_DOWNSTAIRS,1.211457
9432,1,3,WALKING_DOWNSTAIRS,0.9962598
9433,1,3,WALKING_DOWNSTAIRS,0.9535687
9434,1,3,WALKING_DOWNSTAIRS,0.997369
9435,1,3,WALKING_DOWNSTAIRS,0.8708539
9436,1,3,WALKING_DOWNSTAIRS,0.8156258
9437,1,3,WALKING_DOWNSTAIRS,0.7809867
9438,1,3,WALKING_DOWNSTAIRS,0.7143393
9439,1,3,WALKING_DOWNSTAIRS,0.8049383
9440,1,3,WALKING_DOWNSTAIRS,0.8288895
9441,1,3,WALKING_DOWNSTAIRS,0.8916494
9442,1,3,WALKING_DOWNSTAIRS,0.9351632
9443,1,3,WALKING_DOWNSTAIRS,0.8032686
9444,1,3,WALKING_DOWNSTAIRS,0.7945771
9445,1,3,WALKING_DOWNSTAIRS,0.8288904
9446,1,3,WALKING_DOWNSTAIRS,0.8956758
9447,1,3,WALKING_DOWNSTAIRS,0.9934646
9448,1,3,WALKING_DOWNSTAIRS,0.9217084
9449,1,3,WALKING_DOWNSTAIRS,0.8546169
9450,1,3,WALKING_DOWNSTAIRS,0.8523219
9451,1,3,WALKING_DOWNSTAIRS,0.8997977
9452,1,3,WALKING_DOWNSTAIRS,0.9693188
9453,1,3,WALKING_DOWNSTAIRS,0.9114263
9454,1,3,WALKING_DOWNSTAIRS,0.8788353
9455,1,3,WALKING_DOWNSTAIRS,0.9800981
9456,1,3,WALKING_DOWNSTAIRS,1.146506
9457,1,3,WALKING_DOWNSTAIRS,1.420198
9458,1,3,WALKING_DOWNSTAIRS,1.702414
9459,1,3,WALKING_DOWNSTAIRS,1.724063
9460,1,3,WALKING_DOWNSTAIRS,1.555897
9461,1,3,WALKING_DOWNSTAIRS,1.451734
9462,1,3,WALKING_DOWNSTAIRS,1.322884
9463,1,3,WALKING_DOWNSTAIRS,1.163038
9464,1,3,WALKING_DOWNSTAIRS,1.047077
9465,1,3,WALKING_DOWNSTAIRS,0.9142033
9466,1,3,WALKING_DOWNSTAIRS,0.8817713
9467,1,3,WALKING_DOWNSTAIRS,0.883408
9468,1,3,WALKING_DOWNSTAIRS,0.8387809
9469,1,3,WALKING_DOWNSTAIRS,0.8526037
9470,1,3,WALKING_DOWNSTAIRS,0.8027266
9471,1,3,WALKING_DOWNSTAIRS,0.725981
9472,1,3,WALKING_DOWNSTAIRS,0.7112144
9473,1,3,WALKING_DOWNSTAIRS,0.6587057
9474,1,3,WALKING_DOWNSTAIRS,0.5892184
9475,1,3,WALKING_DOWNSTAIRS,0.5589259
9476,1,3,WALKING_DOWNSTAIRS,0.6451498
9477,1,3,WALKING_DOWNSTAIRS,0.7679472
9478,1,3,WALKING_DOWNSTAIRS,0.7904855
9479,1,3,WALKING_DOWNSTAIRS,0.7853441
9480,1,3,WALKING_DOWNSTAIRS,0.7848573
9481,1,3,WALKING_DOWNSTAIRS,0.8444426
9482,1,3,WALKING_DOWNSTAIRS,0.9854768
9483,1,3,WALKING_DOWNSTAIRS,1.107953
9484,1,3,WALKING_DOWNSTAIRS,1.135385
9485,1,3,WALKING_DOWNSTAIRS,1.064807
9486,1,3,WALKING_DOWNSTAIRS,1.051347
9487,1,3,WALKING_DOWNSTAIRS,1.135019
9488,1,3,WALKING_DOWNSTAIRS,1.268156
9489,1,3,WALKING_DOWNSTAIRS,1.420712
9490,1,3,WALKING_DOWNSTAIRS,1.413877
9491,1,3,WALKING_DOWNSTAIRS,1.265092
9492,1,3,WALKING_DOWNSTAIRS,1.20752
9493,1,3,WALKING_DOWNSTAIRS,1.376454
9494,1,3,WALKING_DOWNSTAIRS,1.558118
9495,1,3,WALKING_DOWNSTAIRS,1.437252
9496,1,3,WALKING_DOWNSTAIRS,1.262398
9497,1,3,WALKING_DOWNSTAIRS,1.080491
9498,1,3,WALKING_DOWNSTAIRS,0.7001102
9499,1,3,WALKING_DOWNSTAIRS,0.6413602
9500,1,3,WALKING_DOWNSTAIRS,0.8505075
9501,1,3,WALKING_DOWNSTAIRS,0.8495114
9502,1,3,WALKING_DOWNSTAIRS,0.9617172
9503,1,3,WALKING_DOWNSTAIRS,1.00495
9504,1,3,WALKING_DOWNSTAIRS,0.823486
9505,1,3,WALKING_DOWNSTAIRS,0.8496881
9506,1,3,WALKING_DOWNSTAIRS,0.7811764
9507,1,3,WALKING_DOWNSTAIRS,0.6603081
9508,1,3,WALKING_DOWNSTAIRS,0.8067189
9509,1,3,WALKING_DOWNSTAIRS,0.9182425
9510,1,3,WALKING_DOWNSTAIRS,0.9722907
9511,1,3,WALKING_DOWNSTAIRS,0.8710533
9512,1,3,WALKING_DOWNSTAIRS,0.6428864
9513,1,3,WALKING_DOWNSTAIRS,0.5919984
9514,1,3,WALKING_DOWNSTAIRS,0.6146729
9515,1,3,WALKING_DOWNSTAIRS,0.7657098
9516,1,3,WALKING_DOWNSTAIRS,1.0443
9517,1,3,WALKING_DOWNSTAIRS,1.188617
9518,1,3,WALKING_DOWNSTAIRS,1.13469
9519,1,3,WALKING_DOWNSTAIRS,1.031476
9520,1,3,WALKING_DOWNSTAIRS,1.068109
9521,1,3,WALKING_DOWNSTAIRS,1.231652
9522,1,3,WALKING_DOWNSTAIRS,1.556353
9523,1,3,WALKING_DOWNSTAIRS,1.743462
9524,1,3,WALKING_DOWNSTAIRS,1.463786
9525,1,3,WALKING_DOWNSTAIRS,1.210524
9526,1,3,WALKING_DOWNSTAIRS,1.215565
9527,1,3,WALKING_DOWNSTAIRS,1.312167
9528,1,3,WALKING_DOWNSTAIRS,1.41203
9529,1,3,WALKING_DOWNSTAIRS,1.269305
9530,1,3,WALKING_DOWNSTAIRS,0.9593946
9531,1,3,WALKING_DOWNSTAIRS,0.675937
9532,1,3,WALKING_DOWNSTAIRS,0.5666754
9533,1,3,WALKING_DOWNSTAIRS,0.7156656
9534,1,3,WALKING_DOWNSTAIRS,0.7702643
9535,1,3,WALKING_DOWNSTAIRS,0.6521564
9536,1,3,WALKING_DOWNSTAIRS,0.5485464
9537,1,3,WALKING_DOWNSTAIRS,0.4265368
9538,1,3,WALKING_DOWNSTAIRS,0.4180342
9539,1,3,WALKING_DOWNSTAIRS,0.5010892
9540,1,3,WALKING_DOWNSTAIRS,0.5841726
9541,1,3,WALKING_DOWNSTAIRS,0.8449315
9542,1,3,WALKING_DOWNSTAIRS,1.047208
9543,1,3,WALKING_DOWNSTAIRS,0.9831966
9544,1,3,WALKING_DOWNSTAIRS,0.9728624
9545,1,3,WALKING_DOWNSTAIRS,1.058175
9546,1,3,WALKING_DOWNSTAIRS,1.138993
9547,1,3,WALKING_DOWNSTAIRS,1.235293
9548,1,3,WALKING_DOWNSTAIRS,1.248708
9549,1,3,WALKING_DOWNSTAIRS,1.293281
9550,1,3,WALKING_DOWNSTAIRS,1.383898
9551,1,3,WALKING_DOWNSTAIRS,1.251842
9552,1,3,WALKING_DOWNSTAIRS,1.15554
9553,1,3,WALKING_DOWNSTAIRS,1.448806
9554,1,3,WALKING_DOWNSTAIRS,1.688062
9555,1,3,WALKING_DOWNSTAIRS,1.465435
9556,1,3,WALKING_DOWNSTAIRS,1.113308
9557,1,3,WALKING_DOWNSTAIRS,0.9767295
9558,1,3,WALKING_DOWNSTAIRS,1.021159
9559,1,3,WALKING_DOWNSTAIRS,1.067922
9560,1,3,WALKING_DOWNSTAIRS,0.9610444
9561,1,3,WALKING_DOWNSTAIRS,0.807654
9562,1,3,WALKING_DOWNSTAIRS,0.7487097
9563,1,3,WALKING_DOWNSTAIRS,0.7600733
9564,1,3,WALKING_DOWNSTAIRS,0.8082974
9565,1,3,WALKING_DOWNSTAIRS,0.7616697
9566,1,3,WALKING_DOWNSTAIRS,0.6929154
9567,1,3,WALKING_DOWNSTAIRS,0.7073678
9568,1,3,WALKING_DOWNSTAIRS,0.6856915
9569,1,3,WALKING_DOWNSTAIRS,0.7106886
9570,1,3,WALKING_DOWNSTAIRS,0.7417294
9571,1,3,WALKING_DOWNSTAIRS,0.7599096
9572,1,3,WALKING_DOWNSTAIRS,0.8620069
9573,1,3,WALKING_DOWNSTAIRS,0.8698688
9574,1,3,WALKING_DOWNSTAIRS,0.8459977
9575,1,3,WALKING_DOWNSTAIRS,0.8761383
9576,1,3,WALKING_DOWNSTAIRS,0.9502864
9577,1,3,WALKING_DOWNSTAIRS,1.185933
9578,1,3,WALKING_DOWNSTAIRS,1.46992
9579,1,3,WALKING_DOWNSTAIRS,1.682005
9580,1,3,WALKING_DOWNSTAIRS,1.728912
9581,1,3,WALKING_DOWNSTAIRS,1.639665
9582,1,3,WALKING_DOWNSTAIRS,1.566489
9583,1,3,WALKING_DOWNSTAIRS,1.426002
9584,1,3,WALKING_DOWNSTAIRS,1.280125
9585,1,3,WALKING_DOWNSTAIRS,1.168852
9586,1,3,WALKING_DOWNSTAIRS,0.9783074
9587,1,3,WALKING_DOWNSTAIRS,0.9038793
9588,1,3,WALKING_DOWNSTAIRS,0.8902393
9589,1,3,WALKING_DOWNSTAIRS,0.7198003
9590,1,3,WALKING_DOWNSTAIRS,0.7113437
9591,1,3,WALKING_DOWNSTAIRS,0.8041897
9592,1,3,WALKING_DOWNSTAIRS,0.6676055
9593,1,3,WALKING_DOWNSTAIRS,0.60264
9594,1,3,WALKING_DOWNSTAIRS,0.5389612
9595,1,3,WALKING_DOWNSTAIRS,0.3311763
9596,1,3,WALKING_DOWNSTAIRS,0.3740568
9597,1,3,WALKING_DOWNSTAIRS,0.5953603
9598,1,3,WALKING_DOWNSTAIRS,0.8391316
9599,1,3,WALKING_DOWNSTAIRS,1.082552
9600,1,2,WALKING_UPSTAIRS,0.9253372
9601,1,2,WALKING_UPSTAIRS,0.9001319
9602,1,2,WALKING_UPSTAIRS,0.8641551
9603,1,2,WALKING_UPSTAIRS,0.8566712
9604,1,2,WALKING_UPSTAIRS,0.8489467
9605,1,2,WALKING_UPSTAIRS,0.8437291
9606,1,2,WALKING_UPSTAIRS,0.8130555
9607,1,2,WALKING_UPSTAIRS,0.7194217
9608,1,2,WALKING_UPSTAIRS,0.6405217
9609,1,2,WALKING_UPSTAIRS,0.6523644
9610,1,2,WALKING_UPSTAIRS,0.7417923
9611,1,2,WALKING_UPSTAIRS,0.8289882
9612,1,2,WALKING_UPSTAIRS,0.8443877
9613,1,2,WALKING_UPSTAIRS,0.8391097
9614,1,2,WALKING_UPSTAIRS,0.9114694
9615,1,2,WALKING_UPSTAIRS,1.050934
9616,1,2,WALKING_UPSTAIRS,1.145467
9617,1,2,WALKING_UPSTAIRS,1.125648
9618,1,2,WALKING_UPSTAIRS,1.079578
9619,1,2,WALKING_UPSTAIRS,1.115
9620,1,2,WALKING_UPSTAIRS,1.216227
9621,1,2,WALKING_UPSTAIRS,1.375867
9622,1,2,WALKING_UPSTAIRS,1.47731
9623,1,2,WALKING_UPSTAIRS,1.398153
9624,1,2,WALKING_UPSTAIRS,1.273157
9625,1,2,WALKING_UPSTAIRS,1.060634
9626,1,2,WALKING_UPSTAIRS,0.793127
9627,1,2,WALKING_UPSTAIRS,0.7635329
9628,1,2,WALKING_UPSTAIRS,0.826832
9629,1,2,WALKING_UPSTAIRS,0.8406114
9630,1,2,WALKING_UPSTAIRS,0.9454443
9631,1,2,WALKING_UPSTAIRS,1.047132
9632,1,2,WALKING_UPSTAIRS,1.000142
9633,1,2,WALKING_UPSTAIRS,0.8851231
9634,1,2,WALKING_UPSTAIRS,0.8710295
9635,1,2,WALKING_UPSTAIRS,0.898651
9636,1,2,WALKING_UPSTAIRS,0.9055359
9637,1,2,WALKING_UPSTAIRS,0.9450983
9638,1,2,WALKING_UPSTAIRS,0.9028992
9639,1,2,WALKING_UPSTAIRS,0.7762933
9640,1,2,WALKING_UPSTAIRS,0.6491517
9641,1,2,WALKING_UPSTAIRS,0.6200836
9642,1,2,WALKING_UPSTAIRS,0.7232625
9643,1,2,WALKING_UPSTAIRS,0.7974331
9644,1,2,WALKING_UPSTAIRS,0.8790423
9645,1,2,WALKING_UPSTAIRS,0.9212072
9646,1,2,WALKING_UPSTAIRS,0.9327878
9647,1,2,WALKING_UPSTAIRS,1.064684
9648,1,2,WALKING_UPSTAIRS,1.060665
9649,1,2,WALKING_UPSTAIRS,1.019355
9650,1,2,WALKING_UPSTAIRS,1.089376
9651,1,2,WALKING_UPSTAIRS,1.043636
9652,1,2,WALKING_UPSTAIRS,1.115372
9653,1,2,WALKING_UPSTAIRS,1.30878
9654,1,2,WALKING_UPSTAIRS,1.415336
9655,1,2,WALKING_UPSTAIRS,1.489379
9656,1,2,WALKING_UPSTAIRS,1.409768
9657,1,2,WALKING_UPSTAIRS,1.271147
9658,1,2,WALKING_UPSTAIRS,1.151226
9659,1,2,WALKING_UPSTAIRS,1.057778
9660,1,2,WALKING_UPSTAIRS,1.132645
9661,1,2,WALKING_UPSTAIRS,1.141387
9662,1,2,WALKING_UPSTAIRS,1.054063
9663,1,2,WALKING_UPSTAIRS,1.016428
9664,1,2,WALKING_UPSTAIRS,0.9599337
9665,1,2,WALKING_UPSTAIRS,1.018087
9666,1,2,WALKING_UPSTAIRS,1.114402
9667,1,2,WALKING_UPSTAIRS,1.094084
9668,1,2,WALKING_UPSTAIRS,1.024931
9669,1,2,WALKING_UPSTAIRS,0.8611935
9670,1,2,WALKING_UPSTAIRS,0.6817292
9671,1,2,WALKING_UPSTAIRS,0.5716966
9672,1,2,WALKING_UPSTAIRS,0.5206667
9673,1,2,WALKING_UPSTAIRS,0.5752902
9674,1,2,WALKING_UPSTAIRS,0.6370389
9675,1,2,WALKING_UPSTAIRS,0.6831192
9676,1,2,WALKING_UPSTAIRS,0.7471682
9677,1,2,WALKING_UPSTAIRS,0.7652506
9678,1,2,WALKING_UPSTAIRS,0.84224
9679,1,2,WALKING_UPSTAIRS,0.9734622
9680,1,2,WALKING_UPSTAIRS,0.9837038
9681,1,2,WALKING_UPSTAIRS,0.9681488
9682,1,2,WALKING_UPSTAIRS,1.046361
9683,1,2,WALKING_UPSTAIRS,1.134847
9684,1,2,WALKING_UPSTAIRS,1.204846
9685,1,2,WALKING_UPSTAIRS,1.245423
9686,1,2,WALKING_UPSTAIRS,1.212476
9687,1,2,WALKING_UPSTAIRS,1.10515
9688,1,2,WALKING_UPSTAIRS,0.924674
9689,1,2,WALKING_UPSTAIRS,0.8060985
9690,1,2,WALKING_UPSTAIRS,0.8840649
9691,1,2,WALKING_UPSTAIRS,1.007393
9692,1,2,WALKING_UPSTAIRS,1.083496
9693,1,2,WALKING_UPSTAIRS,1.150777
9694,1,2,WALKING_UPSTAIRS,1.088794
9695,1,2,WALKING_UPSTAIRS,0.9523348
9696,1,2,WALKING_UPSTAIRS,0.9183085
9697,1,2,WALKING_UPSTAIRS,0.9121066
9698,1,2,WALKING_UPSTAIRS,0.9251036
9699,1,2,WALKING_UPSTAIRS,0.954404
9700,1,2,WALKING_UPSTAIRS,0.9058205
9701,1,2,WALKING_UPSTAIRS,0.8508693
9702,1,2,WALKING_UPSTAIRS,0.8089749
9703,1,2,WALKING_UPSTAIRS,0.7920402
9704,1,2,WALKING_UPSTAIRS,0.8049697
9705,1,2,WALKING_UPSTAIRS,0.7814618
9706,1,2,WALKING_UPSTAIRS,0.7944277
9707,1,2,WALKING_UPSTAIRS,0.8019043
9708,1,2,WALKING_UPSTAIRS,0.7841961
9709,1,2,WALKING_UPSTAIRS,0.8360361
9710,1,2,WALKING_UPSTAIRS,0.901016
9711,1,2,WALKING_UPSTAIRS,0.973185
9712,1,2,WALKING_UPSTAIRS,1.045804
9713,1,2,WALKING_UPSTAIRS,1.163043
9714,1,2,WALKING_UPSTAIRS,1.299913
9715,1,2,WALKING_UPSTAIRS,1.298865
9716,1,2,WALKING_UPSTAIRS,1.34345
9717,1,2,WALKING_UPSTAIRS,1.392856
9718,1,2,WALKING_UPSTAIRS,1.237726
9719,1,2,WALKING_UPSTAIRS,1.141082
9720,1,2,WALKING_UPSTAIRS,1.150161
9721,1,2,WALKING_UPSTAIRS,1.167036
9722,1,2,WALKING_UPSTAIRS,1.190185
9723,1,2,WALKING_UPSTAIRS,1.086888
9724,1,2,WALKING_UPSTAIRS,0.9804043
9725,1,2,WALKING_UPSTAIRS,0.9831768
9726,1,2,WALKING_UPSTAIRS,1.018469
9727,1,2,WALKING_UPSTAIRS,1.099185
9728,1,2,WALKING_UPSTAIRS,1.164581
9729,1,2,WALKING_UPSTAIRS,1.100967
9730,1,2,WALKING_UPSTAIRS,0.935775
9731,1,2,WALKING_UPSTAIRS,0.8124514
9732,1,2,WALKING_UPSTAIRS,0.6987835
9733,1,2,WALKING_UPSTAIRS,0.5754185
9734,1,2,WALKING_UPSTAIRS,0.5580793
9735,1,2,WALKING_UPSTAIRS,0.5590529
9736,1,2,WALKING_UPSTAIRS,0.5981921
9737,1,2,WALKING_UPSTAIRS,0.6864492
9738,1,2,WALKING_UPSTAIRS,0.6968511
9739,1,2,WALKING_UPSTAIRS,0.7076371
9740,1,2,WALKING_UPSTAIRS,0.7363786
9741,1,2,WALKING_UPSTAIRS,0.8150311
9742,1,2,WALKING_UPSTAIRS,0.9735085
9743,1,2,WALKING_UPSTAIRS,1.094413
9744,1,2,WALKING_UPSTAIRS,1.175345
9745,1,2,WALKING_UPSTAIRS,1.238423
9746,1,2,WALKING_UPSTAIRS,1.315914
9747,1,2,WALKING_UPSTAIRS,1.388883
9748,1,2,WALKING_UPSTAIRS,1.383564
9749,1,2,WALKING_UPSTAIRS,1.303247
9750,1,2,WALKING_UPSTAIRS,1.099452
9751,1,2,WALKING_UPSTAIRS,0.8605276
9752,1,2,WALKING_UPSTAIRS,0.8080398
9753,1,2,WALKING_UPSTAIRS,0.9096305
9754,1,2,WALKING_UPSTAIRS,0.9918796
9755,1,2,WALKING_UPSTAIRS,1.066484
9756,1,2,WALKING_UPSTAIRS,1.112132
9757,1,2,WALKING_UPSTAIRS,1.025735
9758,1,2,WALKING_UPSTAIRS,0.9393825
9759,1,2,WALKING_UPSTAIRS,0.8966724
9760,1,2,WALKING_UPSTAIRS,0.8599917
9761,1,2,WALKING_UPSTAIRS,0.9034114
9762,1,2,WALKING_UPSTAIRS,0.9101816
9763,1,2,WALKING_UPSTAIRS,0.8516327
9764,1,2,WALKING_UPSTAIRS,0.7942617
9765,1,2,WALKING_UPSTAIRS,0.7214559
9766,1,2,WALKING_UPSTAIRS,0.7065314
9767,1,2,WALKING_UPSTAIRS,0.7170642
9768,1,2,WALKING_UPSTAIRS,0.7421486
9769,1,2,WALKING_UPSTAIRS,0.8419957
9770,1,2,WALKING_UPSTAIRS,0.9179748
9771,1,2,WALKING_UPSTAIRS,0.9078237
9772,1,2,WALKING_UPSTAIRS,0.902884
9773,1,2,WALKING_UPSTAIRS,0.9851593
9774,1,2,WALKING_UPSTAIRS,1.081022
9775,1,2,WALKING_UPSTAIRS,1.158834
9776,1,2,WALKING_UPSTAIRS,1.235059
9777,1,2,WALKING_UPSTAIRS,1.260463
9778,1,2,WALKING_UPSTAIRS,1.297619
9779,1,2,WALKING_UPSTAIRS,1.324451
9780,1,2,WALKING_UPSTAIRS,1.303555
9781,1,2,WALKING_UPSTAIRS,1.268855
9782,1,2,WALKING_UPSTAIRS,1.154944
9783,1,2,WALKING_UPSTAIRS,1.093654
9784,1,2,WALKING_UPSTAIRS,1.150261
9785,1,2,WALKING_UPSTAIRS,1.165071
9786,1,2,WALKING_UPSTAIRS,1.142058
9787,1,2,WALKING_UPSTAIRS,1.076614
9788,1,2,WALKING_UPSTAIRS,0.9983186
9789,1,2,WALKING_UPSTAIRS,1.035408
9790,1,2,WALKING_UPSTAIRS,1.118955
9791,1,2,WALKING_UPSTAIRS,1.124332
9792,1,2,WALKING_UPSTAIRS,1.050608
9793,1,2,WALKING_UPSTAIRS,0.9194528
9794,1,2,WALKING_UPSTAIRS,0.7977342
9795,1,2,WALKING_UPSTAIRS,0.7359624
9796,1,2,WALKING_UPSTAIRS,0.6835893
9797,1,2,WALKING_UPSTAIRS,0.6711041
9798,1,2,WALKING_UPSTAIRS,0.7013371
9799,1,2,WALKING_UPSTAIRS,0.7092787
9800,1,2,WALKING_UPSTAIRS,0.7349222
9801,1,2,WALKING_UPSTAIRS,0.7443629
9802,1,2,WALKING_UPSTAIRS,0.7263055
9803,1,2,WALKING_UPSTAIRS,0.7067887
9804,1,2,WALKING_UPSTAIRS,0.6609275
9805,1,2,WALKING_UPSTAIRS,0.7009735
9806,1,2,WALKING_UPSTAIRS,0.8215046
9807,1,2,WALKING_UPSTAIRS,0.9272214
9808,1,2,WALKING_UPSTAIRS,1.01896
9809,1,2,WALKING_UPSTAIRS,1.059295
9810,1,2,WALKING_UPSTAIRS,1.120819
9811,1,2,WALKING_UPSTAIRS,1.197546
9812,1,2,WALKING_UPSTAIRS,1.208682
9813,1,2,WALKING_UPSTAIRS,1.251141
9814,1,2,WALKING_UPSTAIRS,1.250545
9815,1,2,WALKING_UPSTAIRS,1.165997
9816,1,2,WALKING_UPSTAIRS,1.134053
9817,1,2,WALKING_UPSTAIRS,1.066989
9818,1,2,WALKING_UPSTAIRS,0.9475656
9819,1,2,WALKING_UPSTAIRS,0.8943294
9820,1,2,WALKING_UPSTAIRS,0.9035264
9821,1,2,WALKING_UPSTAIRS,0.9349114
9822,1,2,WALKING_UPSTAIRS,0.9411287
9823,1,2,WALKING_UPSTAIRS,0.941711
9824,1,2,WALKING_UPSTAIRS,0.9532619
9825,1,2,WALKING_UPSTAIRS,0.9733884
9826,1,2,WALKING_UPSTAIRS,0.9977475
9827,1,2,WALKING_UPSTAIRS,0.9699762
9828,1,2,WALKING_UPSTAIRS,0.9436609
9829,1,2,WALKING_UPSTAIRS,0.9047114
9830,1,2,WALKING_UPSTAIRS,0.7923814
9831,1,2,WALKING_UPSTAIRS,0.7274653
9832,1,2,WALKING_UPSTAIRS,0.738879
9833,1,2,WALKING_UPSTAIRS,0.752529
9834,1,2,WALKING_UPSTAIRS,0.7911355
9835,1,2,WALKING_UPSTAIRS,0.9026486
9836,1,2,WALKING_UPSTAIRS,1.005178
9837,1,2,WALKING_UPSTAIRS,1.005331
9838,1,2,WALKING_UPSTAIRS,0.981791
9839,1,2,WALKING_UPSTAIRS,0.9822719
9840,1,2,WALKING_UPSTAIRS,0.9848435
9841,1,2,WALKING_UPSTAIRS,0.9929413
9842,1,2,WALKING_UPSTAIRS,1.005356
9843,1,2,WALKING_UPSTAIRS,1.031029
9844,1,2,WALKING_UPSTAIRS,1.039988
9845,1,2,WALKING_UPSTAIRS,1.041645
9846,1,2,WALKING_UPSTAIRS,1.080056
9847,1,2,WALKING_UPSTAIRS,1.128125
9848,1,2,WALKING_UPSTAIRS,1.190301
9849,1,2,WALKING_UPSTAIRS,1.286419
9850,1,2,WALKING_UPSTAIRS,1.377339
9851,1,2,WALKING_UPSTAIRS,1.423845
9852,1,2,WALKING_UPSTAIRS,1.392957
9853,1,2,WALKING_UPSTAIRS,1.28121
9854,1,2,WALKING_UPSTAIRS,1.188378
9855,1,2,WALKING_UPSTAIRS,1.187689
9856,1,2,WALKING_UPSTAIRS,1.187228
9857,1,2,WALKING_UPSTAIRS,1.116622
9858,1,2,WALKING_UPSTAIRS,1.022776
9859,1,2,WALKING_UPSTAIRS,0.9584161
9860,1,2,WALKING_UPSTAIRS,0.9788964
9861,1,2,WALKING_UPSTAIRS,1.038493
9862,1,2,WALKING_UPSTAIRS,1.021349
9863,1,2,WALKING_UPSTAIRS,0.9710386
9864,1,2,WALKING_UPSTAIRS,0.8931983
9865,1,2,WALKING_UPSTAIRS,0.748423
9866,1,2,WALKING_UPSTAIRS,0.6462902
9867,1,2,WALKING_UPSTAIRS,0.6037411
9868,1,2,WALKING_UPSTAIRS,0.6119353
9869,1,2,WALKING_UPSTAIRS,0.6649618
9870,1,2,WALKING_UPSTAIRS,0.6803976
9871,1,2,WALKING_UPSTAIRS,0.6917804
9872,1,2,WALKING_UPSTAIRS,0.7194472
9873,1,2,WALKING_UPSTAIRS,0.8072755
9874,1,2,WALKING_UPSTAIRS,0.9594422
9875,1,2,WALKING_UPSTAIRS,1.029341
9876,1,2,WALKING_UPSTAIRS,1.037876
9877,1,2,WALKING_UPSTAIRS,1.056536
9878,1,2,WALKING_UPSTAIRS,1.094458
9879,1,2,WALKING_UPSTAIRS,1.137915
9880,1,2,WALKING_UPSTAIRS,1.173145
9881,1,2,WALKING_UPSTAIRS,1.272034
9882,1,2,WALKING_UPSTAIRS,1.378484
9883,1,2,WALKING_UPSTAIRS,1.393777
9884,1,2,WALKING_UPSTAIRS,1.268871
9885,1,2,WALKING_UPSTAIRS,1.025551
9886,1,2,WALKING_UPSTAIRS,0.8812367
9887,1,2,WALKING_UPSTAIRS,0.8876904
9888,1,2,WALKING_UPSTAIRS,0.9287771
9889,1,2,WALKING_UPSTAIRS,0.970897
9890,1,2,WALKING_UPSTAIRS,1.004266
9891,1,2,WALKING_UPSTAIRS,1.051365
9892,1,2,WALKING_UPSTAIRS,1.049956
9893,1,2,WALKING_UPSTAIRS,0.9856446
9894,1,2,WALKING_UPSTAIRS,0.9553531
9895,1,2,WALKING_UPSTAIRS,0.9255653
9896,1,2,WALKING_UPSTAIRS,0.8995654
9897,1,2,WALKING_UPSTAIRS,0.8916607
9898,1,2,WALKING_UPSTAIRS,0.8474683
9899,1,2,WALKING_UPSTAIRS,0.7873726
9900,1,2,WALKING_UPSTAIRS,0.6857867
9901,1,2,WALKING_UPSTAIRS,0.6143863
9902,1,2,WALKING_UPSTAIRS,0.6824709
9903,1,2,WALKING_UPSTAIRS,0.7861826
9904,1,2,WALKING_UPSTAIRS,0.8771069
9905,1,2,WALKING_UPSTAIRS,0.9279503
9906,1,2,WALKING_UPSTAIRS,0.9269949
9907,1,2,WALKING_UPSTAIRS,0.9661804
9908,1,2,WALKING_UPSTAIRS,0.9962514
9909,1,2,WALKING_UPSTAIRS,1.033695
9910,1,2,WALKING_UPSTAIRS,1.126157
9911,1,2,WALKING_UPSTAIRS,1.217293
9912,1,2,WALKING_UPSTAIRS,1.389329
9913,1,2,WALKING_UPSTAIRS,1.512682
9914,1,2,WALKING_UPSTAIRS,1.410134
9915,1,2,WALKING_UPSTAIRS,1.281447
9916,1,2,WALKING_UPSTAIRS,1.196981
9917,1,2,WALKING_UPSTAIRS,1.158943
9918,1,2,WALKING_UPSTAIRS,1.262948
9919,1,2,WALKING_UPSTAIRS,1.330941
9920,1,2,WALKING_UPSTAIRS,1.226253
9921,1,2,WALKING_UPSTAIRS,1.020819
9922,1,2,WALKING_UPSTAIRS,0.7865969
9923,1,2,WALKING_UPSTAIRS,0.7456534
9924,1,2,WALKING_UPSTAIRS,0.9429032
9925,1,2,WALKING_UPSTAIRS,1.037267
9926,1,2,WALKING_UPSTAIRS,0.9190514
9927,1,2,WALKING_UPSTAIRS,0.7518953
9928,1,2,WALKING_UPSTAIRS,0.6099222
9929,1,2,WALKING_UPSTAIRS,0.5461864
9930,1,2,WALKING_UPSTAIRS,0.5671927
9931,1,2,WALKING_UPSTAIRS,0.5920788
9932,1,2,WALKING_UPSTAIRS,0.6025959
9933,1,2,WALKING_UPSTAIRS,0.646077
9934,1,2,WALKING_UPSTAIRS,0.7202271
9935,1,2,WALKING_UPSTAIRS,0.7935652
9936,1,2,WALKING_UPSTAIRS,0.8336655
9937,1,2,WALKING_UPSTAIRS,0.8490698
9938,1,2,WALKING_UPSTAIRS,0.9273824
9939,1,2,WALKING_UPSTAIRS,1.026376
9940,1,2,WALKING_UPSTAIRS,1.053677
9941,1,2,WALKING_UPSTAIRS,1.063217
9942,1,2,WALKING_UPSTAIRS,1.10397
9943,1,2,WALKING_UPSTAIRS,1.178072
9944,1,2,WALKING_UPSTAIRS,1.238354
9945,1,2,WALKING_UPSTAIRS,1.307456
9946,1,2,WALKING_UPSTAIRS,1.435291
9947,1,2,WALKING_UPSTAIRS,1.449495
9948,1,2,WALKING_UPSTAIRS,1.254881
9949,1,2,WALKING_UPSTAIRS,1.003654
9950,1,2,WALKING_UPSTAIRS,0.8736599
9951,1,2,WALKING_UPSTAIRS,0.8707793
9952,1,2,WALKING_UPSTAIRS,0.8516135
9953,1,2,WALKING_UPSTAIRS,0.868398
9954,1,2,WALKING_UPSTAIRS,0.9504283
9955,1,2,WALKING_UPSTAIRS,0.982671
9956,1,2,WALKING_UPSTAIRS,1.032685
9957,1,2,WALKING_UPSTAIRS,1.033039
9958,1,2,WALKING_UPSTAIRS,0.915995
9959,1,2,WALKING_UPSTAIRS,0.8786078
9960,1,2,WALKING_UPSTAIRS,0.9124639
9961,1,2,WALKING_UPSTAIRS,0.9343105
9962,1,2,WALKING_UPSTAIRS,0.9323042
9963,1,2,WALKING_UPSTAIRS,0.8616556
9964,1,2,WALKING_UPSTAIRS,0.7666539
9965,1,2,WALKING_UPSTAIRS,0.6689105
9966,1,2,WALKING_UPSTAIRS,0.6432795
9967,1,2,WALKING_UPSTAIRS,0.7139046
9968,1,2,WALKING_UPSTAIRS,0.7944084
9969,1,2,WALKING_UPSTAIRS,0.903922
9970,1,2,WALKING_UPSTAIRS,0.9694764
9971,1,2,WALKING_UPSTAIRS,0.981252
9972,1,2,WALKING_UPSTAIRS,1.01266
9973,1,2,WALKING_UPSTAIRS,1.021078
9974,1,2,WALKING_UPSTAIRS,1.05183
9975,1,2,WALKING_UPSTAIRS,1.075094
9976,1,2,WALKING_UPSTAIRS,1.070868
9977,1,2,WALKING_UPSTAIRS,1.110375
9978,1,2,WALKING_UPSTAIRS,1.130687
9979,1,2,WALKING_UPSTAIRS,1.171021
9980,1,2,WALKING_UPSTAIRS,1.258928
9981,1,2,WALKING_UPSTAIRS,1.30649
9982,1,2,WALKING_UPSTAIRS,1.311661
9983,1,2,WALKING_UPSTAIRS,1.242714
9984,1,2,WALKING_UPSTAIRS,1.140812
9985,1,2,WALKING_UPSTAIRS,1.121499
9986,1,2,WALKING_UPSTAIRS,1.170178
9987,1,2,WALKING_UPSTAIRS,1.197861
9988,1,2,WALKING_UPSTAIRS,1.133514
9989,1,2,WALKING_UPSTAIRS,1.011922
9990,1,2,WALKING_UPSTAIRS,0.9039053
9991,1,2,WALKING_UPSTAIRS,0.8619201
9992,1,2,WALKING_UPSTAIRS,0.9045609
9993,1,2,WALKING_UPSTAIRS,0.947189
9994,1,2,WALKING_UPSTAIRS,0.9690697
9995,1,2,WALKING_UPSTAIRS,0.9539541
9996,1,2,WALKING_UPSTAIRS,0.8735004
9997,1,2,WALKING_UPSTAIRS,0.8408227
9998,1,2,WALKING_UPSTAIRS,0.8563908
9999,1,2,WALKING_UPSTAIRS,0.8701618
10000,1,2,WALKING_UPSTAIRS,0.8974462
10001,1,2,WALKING_UPSTAIRS,0.8785086
10002,1,2,WALKING_UPSTAIRS,0.8505733
10003,1,2,WALKING_UPSTAIRS,0.851691
10004,1,2,WALKING_UPSTAIRS,0.8399359
10005,1,2,WALKING_UPSTAIRS,0.832413
10006,1,2,WALKING_UPSTAIRS,0.820496
10007,1,2,WALKING_UPSTAIRS,0.8171772
10008,1,2,WALKING_UPSTAIRS,0.8227073
10009,1,2,WALKING_UPSTAIRS,0.8155124
10010,1,2,WALKING_UPSTAIRS,0.8350402
10011,1,2,WALKING_UPSTAIRS,0.8593137
10012,1,2,WALKING_UPSTAIRS,0.8801148
10013,1,2,WALKING_UPSTAIRS,0.9388145
10014,1,2,WALKING_UPSTAIRS,1.010654
10015,1,2,WALKING_UPSTAIRS,1.030107
10016,1,2,WALKING_UPSTAIRS,1.016896
10017,1,2,WALKING_UPSTAIRS,1.093502
10018,1,2,WALKING_UPSTAIRS,1.197225
10019,1,2,WALKING_UPSTAIRS,1.234152
10020,1,2,WALKING_UPSTAIRS,1.334227
10021,1,2,WALKING_UPSTAIRS,1.457393
10022,1,2,WALKING_UPSTAIRS,1.449737
10023,1,2,WALKING_UPSTAIRS,1.307473
10024,1,2,WALKING_UPSTAIRS,1.069939
10025,1,2,WALKING_UPSTAIRS,0.8944738
10026,1,2,WALKING_UPSTAIRS,0.8346847
10027,1,2,WALKING_UPSTAIRS,0.7883765
10028,1,2,WALKING_UPSTAIRS,0.8778271
10029,1,2,WALKING_UPSTAIRS,1.062784
10030,1,2,WALKING_UPSTAIRS,1.070244
10031,1,2,WALKING_UPSTAIRS,0.9830108
10032,1,2,WALKING_UPSTAIRS,0.9164898
10033,1,2,WALKING_UPSTAIRS,0.8388232
10034,1,2,WALKING_UPSTAIRS,0.8308755
10035,1,2,WALKING_UPSTAIRS,0.8471522
10036,1,2,WALKING_UPSTAIRS,0.8296985
10037,1,2,WALKING_UPSTAIRS,0.8143803
10038,1,2,WALKING_UPSTAIRS,0.7565451
10039,1,2,WALKING_UPSTAIRS,0.6883702
10040,1,2,WALKING_UPSTAIRS,0.6779491
10041,1,2,WALKING_UPSTAIRS,0.7373954
10042,1,2,WALKING_UPSTAIRS,0.8525712
10043,1,2,WALKING_UPSTAIRS,0.944928
10044,1,2,WALKING_UPSTAIRS,0.9694649
10045,1,2,WALKING_UPSTAIRS,0.9669426
10046,1,2,WALKING_UPSTAIRS,1.031573
10047,1,2,WALKING_UPSTAIRS,1.161621
10048,1,2,WALKING_UPSTAIRS,1.23467
10049,1,2,WALKING_UPSTAIRS,1.260494
10050,1,2,WALKING_UPSTAIRS,1.313302
10051,1,2,WALKING_UPSTAIRS,1.364847
10052,1,2,WALKING_UPSTAIRS,1.370933
10053,1,2,WALKING_UPSTAIRS,1.317789
10054,1,2,WALKING_UPSTAIRS,1.218571
10055,1,2,WALKING_UPSTAIRS,1.117494
10056,1,2,WALKING_UPSTAIRS,1.090047
10057,1,2,WALKING_UPSTAIRS,1.121646
10058,1,2,WALKING_UPSTAIRS,1.099131
10059,1,2,WALKING_UPSTAIRS,1.024994
10060,1,2,WALKING_UPSTAIRS,0.9633092
10061,1,2,WALKING_UPSTAIRS,0.9604233
10062,1,2,WALKING_UPSTAIRS,1.01915
10063,1,2,WALKING_UPSTAIRS,1.035864
10064,1,2,WALKING_UPSTAIRS,1.003526
10065,1,2,WALKING_UPSTAIRS,0.9607409
10066,1,2,WALKING_UPSTAIRS,0.8723164
10067,1,2,WALKING_UPSTAIRS,0.7161576
10068,1,2,WALKING_UPSTAIRS,0.511503
10069,1,2,WALKING_UPSTAIRS,0.4668526
10070,1,2,WALKING_UPSTAIRS,0.5740148
10071,1,2,WALKING_UPSTAIRS,0.5838056
10072,1,2,WALKING_UPSTAIRS,0.6352196
10073,1,2,WALKING_UPSTAIRS,0.741018
10074,1,2,WALKING_UPSTAIRS,0.7958385
10075,1,2,WALKING_UPSTAIRS,0.9465581
10076,1,2,WALKING_UPSTAIRS,1.073188
10077,1,2,WALKING_UPSTAIRS,1.140194
10078,1,2,WALKING_UPSTAIRS,1.165266
10079,1,2,WALKING_UPSTAIRS,1.069111
10080,1,2,WALKING_UPSTAIRS,1.062551
10081,1,2,WALKING_UPSTAIRS,1.086601
10082,1,2,WALKING_UPSTAIRS,1.121203
10083,1,2,WALKING_UPSTAIRS,1.318991
10084,1,2,WALKING_UPSTAIRS,1.382965
10085,1,2,WALKING_UPSTAIRS,1.14149
10086,1,2,WALKING_UPSTAIRS,0.7963364
10087,1,2,WALKING_UPSTAIRS,0.7155931
10088,1,2,WALKING_UPSTAIRS,0.9157882
10089,1,2,WALKING_UPSTAIRS,1.048159
10090,1,2,WALKING_UPSTAIRS,1.124879
10091,1,2,WALKING_UPSTAIRS,1.08678
10092,1,2,WALKING_UPSTAIRS,0.9444903
10093,1,2,WALKING_UPSTAIRS,0.8894694
10094,1,2,WALKING_UPSTAIRS,0.8188656
10095,1,2,WALKING_UPSTAIRS,0.8175617
10096,1,2,WALKING_UPSTAIRS,0.8581692
10097,1,2,WALKING_UPSTAIRS,0.8281715
10098,1,2,WALKING_UPSTAIRS,0.8625031
10099,1,2,WALKING_UPSTAIRS,0.8446421
10100,1,2,WALKING_UPSTAIRS,0.7804997
10101,1,2,WALKING_UPSTAIRS,0.7646114
10102,1,2,WALKING_UPSTAIRS,0.7408199
10103,1,2,WALKING_UPSTAIRS,0.7906786
10104,1,2,WALKING_UPSTAIRS,0.8681618
10105,1,2,WALKING_UPSTAIRS,0.9116406
10106,1,2,WALKING_UPSTAIRS,0.9286717
10107,1,2,WALKING_UPSTAIRS,0.931009
10108,1,2,WALKING_UPSTAIRS,1.013614
10109,1,2,WALKING_UPSTAIRS,1.105242
10110,1,2,WALKING_UPSTAIRS,1.177581
10111,1,2,WALKING_UPSTAIRS,1.260915
10112,1,2,WALKING_UPSTAIRS,0.4999712
10113,1,2,WALKING_UPSTAIRS,0.5044699
10114,1,2,WALKING_UPSTAIRS,0.5595438
10115,1,2,WALKING_UPSTAIRS,0.6688144
10116,1,2,WALKING_UPSTAIRS,0.7790602
10117,1,2,WALKING_UPSTAIRS,0.8498567
10118,1,2,WALKING_UPSTAIRS,0.9891459
10119,1,2,WALKING_UPSTAIRS,1.220621
10120,1,2,WALKING_UPSTAIRS,1.353225
10121,1,2,WALKING_UPSTAIRS,1.287553
10122,1,2,WALKING_UPSTAIRS,1.18973
10123,1,2,WALKING_UPSTAIRS,1.192539
10124,1,2,WALKING_UPSTAIRS,1.299574
10125,1,2,WALKING_UPSTAIRS,1.438067
10126,1,2,WALKING_UPSTAIRS,1.341109
10127,1,2,WALKING_UPSTAIRS,0.9838436
10128,1,2,WALKING_UPSTAIRS,0.7100525
10129,1,2,WALKING_UPSTAIRS,0.7170929
10130,1,2,WALKING_UPSTAIRS,0.9002477
10131,1,2,WALKING_UPSTAIRS,1.014917
10132,1,2,WALKING_UPSTAIRS,1.085272
10133,1,2,WALKING_UPSTAIRS,1.073159
10134,1,2,WALKING_UPSTAIRS,0.9042215
10135,1,2,WALKING_UPSTAIRS,0.9167099
10136,1,2,WALKING_UPSTAIRS,0.9702601
10137,1,2,WALKING_UPSTAIRS,0.9295191
10138,1,2,WALKING_UPSTAIRS,0.9923747
10139,1,2,WALKING_UPSTAIRS,0.933811
10140,1,2,WALKING_UPSTAIRS,0.8557862
10141,1,2,WALKING_UPSTAIRS,0.8125548
10142,1,2,WALKING_UPSTAIRS,0.6942981
10143,1,2,WALKING_UPSTAIRS,0.6736932
10144,1,2,WALKING_UPSTAIRS,0.6455878
10145,1,2,WALKING_UPSTAIRS,0.6862732
10146,1,2,WALKING_UPSTAIRS,0.782868
10147,1,2,WALKING_UPSTAIRS,0.7903626
10148,1,2,WALKING_UPSTAIRS,0.8756887
10149,1,2,WALKING_UPSTAIRS,0.9832548
10150,1,2,WALKING_UPSTAIRS,1.104682
10151,1,2,WALKING_UPSTAIRS,1.175746
10152,1,2,WALKING_UPSTAIRS,1.146783
10153,1,2,WALKING_UPSTAIRS,1.171214
10154,1,2,WALKING_UPSTAIRS,1.17084
10155,1,2,WALKING_UPSTAIRS,1.26646
10156,1,2,WALKING_UPSTAIRS,1.474886
10157,1,2,WALKING_UPSTAIRS,1.557945
10158,1,2,WALKING_UPSTAIRS,1.521888
10159,1,2,WALKING_UPSTAIRS,1.345396
10160,1,2,WALKING_UPSTAIRS,1.097777
10161,1,2,WALKING_UPSTAIRS,0.9455555
10162,1,2,WALKING_UPSTAIRS,0.9337934
10163,1,2,WALKING_UPSTAIRS,0.9620722
10164,1,2,WALKING_UPSTAIRS,0.9467178
10165,1,2,WALKING_UPSTAIRS,0.9766311
10166,1,2,WALKING_UPSTAIRS,0.9840015
10167,1,2,WALKING_UPSTAIRS,0.974487
10168,1,2,WALKING_UPSTAIRS,1.00255
10169,1,2,WALKING_UPSTAIRS,0.933769
10170,1,2,WALKING_UPSTAIRS,0.8446426
10171,1,2,WALKING_UPSTAIRS,0.7885968
10172,1,2,WALKING_UPSTAIRS,0.7118271
10173,1,2,WALKING_UPSTAIRS,0.6338803
10174,1,2,WALKING_UPSTAIRS,0.5811529
10175,1,2,WALKING_UPSTAIRS,0.6117575
10176,1,2,WALKING_UPSTAIRS,0.653997
10177,1,2,WALKING_UPSTAIRS,0.6915905
10178,1,2,WALKING_UPSTAIRS,0.7469022
10179,1,2,WALKING_UPSTAIRS,0.754179
10180,1,2,WALKING_UPSTAIRS,0.7932423
10181,1,2,WALKING_UPSTAIRS,0.8975871
10182,1,2,WALKING_UPSTAIRS,1.047656
10183,1,2,WALKING_UPSTAIRS,1.178056
10184,1,2,WALKING_UPSTAIRS,1.193876
10185,1,2,WALKING_UPSTAIRS,1.212072
10186,1,2,WALKING_UPSTAIRS,1.252592
10187,1,2,WALKING_UPSTAIRS,1.317312
10188,1,2,WALKING_UPSTAIRS,1.404764
10189,1,2,WALKING_UPSTAIRS,1.229809
10190,1,2,WALKING_UPSTAIRS,0.8823372
10191,1,2,WALKING_UPSTAIRS,0.7612587
10192,1,2,WALKING_UPSTAIRS,0.8668131
10193,1,2,WALKING_UPSTAIRS,1.043249
10194,1,2,WALKING_UPSTAIRS,1.193868
10195,1,2,WALKING_UPSTAIRS,1.206163
10196,1,2,WALKING_UPSTAIRS,1.056571
10197,1,2,WALKING_UPSTAIRS,0.9393807
10198,1,2,WALKING_UPSTAIRS,0.958589
10199,1,2,WALKING_UPSTAIRS,0.9432161
10200,1,2,WALKING_UPSTAIRS,0.9447743
10201,1,2,WALKING_UPSTAIRS,1.006661
10202,1,2,WALKING_UPSTAIRS,0.9327099
10203,1,2,WALKING_UPSTAIRS,0.8044762
10204,1,2,WALKING_UPSTAIRS,0.7172067
10205,1,2,WALKING_UPSTAIRS,0.641072
10206,1,2,WALKING_UPSTAIRS,0.6592016
10207,1,2,WALKING_UPSTAIRS,0.7159253
10208,1,2,WALKING_UPSTAIRS,0.7478639
10209,1,2,WALKING_UPSTAIRS,0.7991338
10210,1,2,WALKING_UPSTAIRS,0.8437181
10211,1,2,WALKING_UPSTAIRS,0.89708
10212,1,2,WALKING_UPSTAIRS,0.9881776
10213,1,2,WALKING_UPSTAIRS,1.095633
10214,1,2,WALKING_UPSTAIRS,1.189141
10215,1,2,WALKING_UPSTAIRS,1.247463
10216,1,2,WALKING_UPSTAIRS,1.344901
10217,1,2,WALKING_UPSTAIRS,1.494298
10218,1,2,WALKING_UPSTAIRS,1.547179
10219,1,2,WALKING_UPSTAIRS,1.414245
10220,1,2,WALKING_UPSTAIRS,1.197889
10221,1,2,WALKING_UPSTAIRS,1.05767
10222,1,2,WALKING_UPSTAIRS,1.019243
10223,1,2,WALKING_UPSTAIRS,1.059481
10224,1,2,WALKING_UPSTAIRS,1.094031
10225,1,2,WALKING_UPSTAIRS,1.038474
10226,1,2,WALKING_UPSTAIRS,0.9941741
10227,1,2,WALKING_UPSTAIRS,0.9916743
10228,1,2,WALKING_UPSTAIRS,1.030468
10229,1,2,WALKING_UPSTAIRS,1.092806
10230,1,2,WALKING_UPSTAIRS,1.022285
10231,1,2,WALKING_UPSTAIRS,0.9007178
10232,1,2,WALKING_UPSTAIRS,0.8176283
10233,1,2,WALKING_UPSTAIRS,0.6885957
10234,1,2,WALKING_UPSTAIRS,0.5812655
10235,1,2,WALKING_UPSTAIRS,0.5296783
10236,1,2,WALKING_UPSTAIRS,0.5266171
10237,1,2,WALKING_UPSTAIRS,0.5767667
10238,1,2,WALKING_UPSTAIRS,0.6204599
10239,1,2,WALKING_UPSTAIRS,0.6724357
10240,1,2,WALKING_UPSTAIRS,0.7515139
10241,1,2,WALKING_UPSTAIRS,0.876122
10242,1,2,WALKING_UPSTAIRS,1.018241
10243,1,2,WALKING_UPSTAIRS,1.081959
10244,1,2,WALKING_UPSTAIRS,1.13185
10245,1,2,WALKING_UPSTAIRS,1.216964
10246,1,2,WALKING_UPSTAIRS,1.271372
10247,1,2,WALKING_UPSTAIRS,1.312398
10248,1,2,WALKING_UPSTAIRS,1.328602
10249,1,2,WALKING_UPSTAIRS,1.214211
10250,1,2,WALKING_UPSTAIRS,0.9897526
10251,1,2,WALKING_UPSTAIRS,0.845749
10252,1,2,WALKING_UPSTAIRS,0.8688364
10253,1,2,WALKING_UPSTAIRS,1.024623
10254,1,2,WALKING_UPSTAIRS,1.198767
10255,1,2,WALKING_UPSTAIRS,1.176588
10256,1,2,WALKING_UPSTAIRS,1.052024
10257,1,2,WALKING_UPSTAIRS,1.012326
10258,1,2,WALKING_UPSTAIRS,0.9474642
10259,1,2,WALKING_UPSTAIRS,0.8900801
10260,1,2,WALKING_UPSTAIRS,0.8886246
10261,1,2,WALKING_UPSTAIRS,0.8584732
10262,1,2,WALKING_UPSTAIRS,0.8505937
10263,1,2,WALKING_UPSTAIRS,0.8438148
10264,1,2,WALKING_UPSTAIRS,0.8254231
10265,1,2,WALKING_UPSTAIRS,0.8363257
10266,1,2,WALKING_UPSTAIRS,0.8225859
10267,1,2,WALKING_UPSTAIRS,0.7830539
10268,1,2,WALKING_UPSTAIRS,0.7409913
10269,1,2,WALKING_UPSTAIRS,0.7432829
10270,1,2,WALKING_UPSTAIRS,0.7704913
10271,1,2,WALKING_UPSTAIRS,0.7788208
10272,1,2,WALKING_UPSTAIRS,0.8413331
10273,1,2,WALKING_UPSTAIRS,0.899902
10274,1,2,WALKING_UPSTAIRS,0.9426109
10275,1,2,WALKING_UPSTAIRS,1.042554
10276,1,2,WALKING_UPSTAIRS,1.126866
10277,1,2,WALKING_UPSTAIRS,1.214222
10278,1,2,WALKING_UPSTAIRS,1.294464
10279,1,2,WALKING_UPSTAIRS,1.291751
10280,1,2,WALKING_UPSTAIRS,1.254679
10281,1,2,WALKING_UPSTAIRS,1.19995
10282,1,2,WALKING_UPSTAIRS,1.165034
10283,1,2,WALKING_UPSTAIRS,1.163232
10284,1,2,WALKING_UPSTAIRS,1.139999
10285,1,2,WALKING_UPSTAIRS,1.127308
10286,1,2,WALKING_UPSTAIRS,1.098218
10287,1,2,WALKING_UPSTAIRS,1.030122
10288,1,2,WALKING_UPSTAIRS,1.01279
10289,1,2,WALKING_UPSTAIRS,1.043184
10290,1,2,WALKING_UPSTAIRS,1.069446
10291,1,2,WALKING_UPSTAIRS,1.083738
10292,1,2,WALKING_UPSTAIRS,1.05311
10293,1,2,WALKING_UPSTAIRS,0.9810168
10294,1,2,WALKING_UPSTAIRS,0.9217679
10295,1,2,WALKING_UPSTAIRS,0.8531917
10296,1,2,WALKING_UPSTAIRS,0.7420057
10297,1,2,WALKING_UPSTAIRS,0.6600817
10298,1,2,WALKING_UPSTAIRS,0.6483105
10299,1,2,WALKING_UPSTAIRS,0.6527915
10300,1,2,WALKING_UPSTAIRS,0.6417872
10301,1,2,WALKING_UPSTAIRS,0.6225224
10302,1,2,WALKING_UPSTAIRS,0.604672
10303,1,2,WALKING_UPSTAIRS,0.6110771
10304,1,2,WALKING_UPSTAIRS,0.6563617
10305,1,2,WALKING_UPSTAIRS,0.7352969
10306,1,2,WALKING_UPSTAIRS,0.8496479
10307,1,2,WALKING_UPSTAIRS,1.006742
10308,1,2,WALKING_UPSTAIRS,1.202817
10309,1,2,WALKING_UPSTAIRS,1.356237
10310,1,2,WALKING_UPSTAIRS,1.391583
10311,1,2,WALKING_UPSTAIRS,1.404573
10312,1,2,WALKING_UPSTAIRS,1.440632
10313,1,2,WALKING_UPSTAIRS,1.376008
10314,1,2,WALKING_UPSTAIRS,1.142606
10315,1,2,WALKING_UPSTAIRS,0.8242907
10316,1,2,WALKING_UPSTAIRS,0.6640664
10317,1,2,WALKING_UPSTAIRS,0.7381983
10318,1,2,WALKING_UPSTAIRS,0.8463997
10319,1,2,WALKING_UPSTAIRS,0.9722617
10320,1,2,WALKING_UPSTAIRS,1.073044
10321,1,2,WALKING_UPSTAIRS,1.027571
10322,1,2,WALKING_UPSTAIRS,0.9985834
10323,1,2,WALKING_UPSTAIRS,0.934715
10324,1,2,WALKING_UPSTAIRS,0.7730883
10325,1,2,WALKING_UPSTAIRS,0.7761188
10326,1,2,WALKING_UPSTAIRS,0.8352732
10327,1,2,WALKING_UPSTAIRS,0.8222778
10328,1,2,WALKING_UPSTAIRS,0.8661363
10329,1,2,WALKING_UPSTAIRS,0.8549811
10330,1,2,WALKING_UPSTAIRS,0.7788613
10331,1,2,WALKING_UPSTAIRS,0.7471174
10332,1,2,WALKING_UPSTAIRS,0.7146579
10333,1,2,WALKING_UPSTAIRS,0.7117892
10334,1,2,WALKING_UPSTAIRS,0.8201213
10335,1,2,WALKING_UPSTAIRS,1.009195
10336,1,2,WALKING_UPSTAIRS,1.084526
10337,1,2,WALKING_UPSTAIRS,1.004808
10338,1,2,WALKING_UPSTAIRS,0.9884702
10339,1,2,WALKING_UPSTAIRS,1.014859
10340,1,2,WALKING_UPSTAIRS,1.026579
10341,1,2,WALKING_UPSTAIRS,1.125776
10342,1,2,WALKING_UPSTAIRS,1.191993
10343,1,2,WALKING_UPSTAIRS,1.154594
10344,1,2,WALKING_UPSTAIRS,1.138754
10345,1,2,WALKING_UPSTAIRS,1.168524
10346,1,2,WALKING_UPSTAIRS,1.235201
10347,1,2,WALKING_UPSTAIRS,1.308421
10348,1,2,WALKING_UPSTAIRS,1.289825
10349,1,2,WALKING_UPSTAIRS,1.212545
10350,1,2,WALKING_UPSTAIRS,1.185648
10351,1,2,WALKING_UPSTAIRS,1.164842
10352,1,2,WALKING_UPSTAIRS,1.128955
10353,1,2,WALKING_UPSTAIRS,1.091752
10354,1,2,WALKING_UPSTAIRS,1.040977
10355,1,2,WALKING_UPSTAIRS,1.079933
10356,1,2,WALKING_UPSTAIRS,1.135971
10357,1,2,WALKING_UPSTAIRS,1.099501
10358,1,2,WALKING_UPSTAIRS,1.030603
10359,1,2,WALKING_UPSTAIRS,0.8870875
10360,1,2,WALKING_UPSTAIRS,0.7732937
10361,1,2,WALKING_UPSTAIRS,0.7753455
10362,1,2,WALKING_UPSTAIRS,0.756961
10363,1,2,WALKING_UPSTAIRS,0.7324602
10364,1,2,WALKING_UPSTAIRS,0.7052637
10365,1,2,WALKING_UPSTAIRS,0.6506866
10366,1,2,WALKING_UPSTAIRS,0.6305009
10367,1,2,WALKING_UPSTAIRS,0.6257107
10368,1,2,WALKING_UPSTAIRS,0.6343382
10369,1,2,WALKING_UPSTAIRS,0.6773903
10370,1,2,WALKING_UPSTAIRS,0.7504276
10371,1,2,WALKING_UPSTAIRS,0.8639598
10372,1,2,WALKING_UPSTAIRS,0.9699809
10373,1,2,WALKING_UPSTAIRS,1.019914
10374,1,2,WALKING_UPSTAIRS,1.091928
10375,1,2,WALKING_UPSTAIRS,1.217822
10376,1,2,WALKING_UPSTAIRS,1.254649
10377,1,2,WALKING_UPSTAIRS,1.246107
10378,1,2,WALKING_UPSTAIRS,1.370946
10379,1,2,WALKING_UPSTAIRS,1.45897
10380,1,2,WALKING_UPSTAIRS,1.270215
10381,1,2,WALKING_UPSTAIRS,0.9428997
10382,1,2,WALKING_UPSTAIRS,0.771452
10383,1,2,WALKING_UPSTAIRS,0.8100094
10384,1,2,WALKING_UPSTAIRS,0.954988
10385,1,2,WALKING_UPSTAIRS,1.122753
10386,1,2,WALKING_UPSTAIRS,1.145932
10387,1,2,WALKING_UPSTAIRS,1.055618
10388,1,2,WALKING_UPSTAIRS,1.0057
10389,1,2,WALKING_UPSTAIRS,0.9264536
10390,1,2,WALKING_UPSTAIRS,0.872131
10391,1,2,WALKING_UPSTAIRS,0.8673238
10392,1,2,WALKING_UPSTAIRS,0.8379985
10393,1,2,WALKING_UPSTAIRS,0.8634377
10394,1,2,WALKING_UPSTAIRS,0.8505202
10395,1,2,WALKING_UPSTAIRS,0.7998922
10396,1,2,WALKING_UPSTAIRS,0.7890769
10397,1,2,WALKING_UPSTAIRS,0.6904748
10398,1,2,WALKING_UPSTAIRS,0.643201
10399,1,2,WALKING_UPSTAIRS,0.72405
10400,1,2,WALKING_UPSTAIRS,0.7932945
10401,1,2,WALKING_UPSTAIRS,0.8682014
10402,1,2,WALKING_UPSTAIRS,0.8929221
10403,1,2,WALKING_UPSTAIRS,0.9021583
10404,1,2,WALKING_UPSTAIRS,0.9693025
10405,1,2,WALKING_UPSTAIRS,1.01173
10406,1,2,WALKING_UPSTAIRS,1.075712
10407,1,2,WALKING_UPSTAIRS,1.157392
10408,1,2,WALKING_UPSTAIRS,1.216207
10409,1,2,WALKING_UPSTAIRS,1.297997
10410,1,2,WALKING_UPSTAIRS,1.320412
10411,1,2,WALKING_UPSTAIRS,1.2677
10412,1,2,WALKING_UPSTAIRS,1.217289
10413,1,2,WALKING_UPSTAIRS,1.14755
10414,1,2,WALKING_UPSTAIRS,1.079791
10415,1,2,WALKING_UPSTAIRS,1.064757
10416,1,2,WALKING_UPSTAIRS,1.082138
10417,1,2,WALKING_UPSTAIRS,1.089864
10418,1,2,WALKING_UPSTAIRS,1.065046
10419,1,2,WALKING_UPSTAIRS,1.040616
10420,1,2,WALKING_UPSTAIRS,1.039478
10421,1,2,WALKING_UPSTAIRS,1.049842
10422,1,2,WALKING_UPSTAIRS,1.070581
10423,1,2,WALKING_UPSTAIRS,1.078007
10424,1,2,WALKING_UPSTAIRS,1.054377
10425,1,2,WALKING_UPSTAIRS,0.9950179
10426,1,2,WALKING_UPSTAIRS,0.9209056
10427,1,2,WALKING_UPSTAIRS,0.8756712
10428,1,2,WALKING_UPSTAIRS,0.8167674
10429,1,2,WALKING_UPSTAIRS,0.7217984
10430,1,2,WALKING_UPSTAIRS,0.6592665
10431,1,2,WALKING_UPSTAIRS,0.6292181
10432,1,2,WALKING_UPSTAIRS,0.5996466
10433,1,2,WALKING_UPSTAIRS,0.5818827
10434,1,2,WALKING_UPSTAIRS,0.5839485
10435,1,2,WALKING_UPSTAIRS,0.63632
10436,1,2,WALKING_UPSTAIRS,0.7694571
10437,1,2,WALKING_UPSTAIRS,0.8963123
10438,1,2,WALKING_UPSTAIRS,0.9320263
10439,1,2,WALKING_UPSTAIRS,1.012286
10440,1,2,WALKING_UPSTAIRS,1.151495
10441,1,2,WALKING_UPSTAIRS,1.151688
10442,1,2,WALKING_UPSTAIRS,1.117705
10443,1,2,WALKING_UPSTAIRS,1.141128
10444,1,2,WALKING_UPSTAIRS,1.123207
10445,1,2,WALKING_UPSTAIRS,1.178468
10446,1,2,WALKING_UPSTAIRS,1.281527
10447,1,2,WALKING_UPSTAIRS,1.276672
10448,1,2,WALKING_UPSTAIRS,1.146423
10449,1,2,WALKING_UPSTAIRS,0.9328426
10450,1,2,WALKING_UPSTAIRS,0.8103946
10451,1,2,WALKING_UPSTAIRS,0.8098186
10452,1,2,WALKING_UPSTAIRS,0.9023259
10453,1,2,WALKING_UPSTAIRS,1.058094
10454,1,2,WALKING_UPSTAIRS,1.04281
10455,1,2,WALKING_UPSTAIRS,0.9302259
10456,1,2,WALKING_UPSTAIRS,0.8959881
10457,1,2,WALKING_UPSTAIRS,0.8819825
10458,1,2,WALKING_UPSTAIRS,0.9382066
10459,1,2,WALKING_UPSTAIRS,0.9848132
10460,1,2,WALKING_UPSTAIRS,0.9282332
10461,1,2,WALKING_UPSTAIRS,0.8502289
10462,1,2,WALKING_UPSTAIRS,0.7434921
10463,1,2,WALKING_UPSTAIRS,0.7014536
10464,1,2,WALKING_UPSTAIRS,0.7685015
10465,1,2,WALKING_UPSTAIRS,0.8044872
10466,1,2,WALKING_UPSTAIRS,0.823188
10467,1,2,WALKING_UPSTAIRS,0.8665466
10468,1,2,WALKING_UPSTAIRS,0.9045454
10469,1,2,WALKING_UPSTAIRS,0.9318443
10470,1,2,WALKING_UPSTAIRS,0.9295849
10471,1,2,WALKING_UPSTAIRS,0.9323404
10472,1,2,WALKING_UPSTAIRS,0.981292
10473,1,2,WALKING_UPSTAIRS,1.045001
10474,1,2,WALKING_UPSTAIRS,1.118316
10475,1,2,WALKING_UPSTAIRS,1.172581
10476,1,2,WALKING_UPSTAIRS,1.158916
10477,1,2,WALKING_UPSTAIRS,1.183234
10478,1,2,WALKING_UPSTAIRS,1.285372
10479,1,2,WALKING_UPSTAIRS,1.320908
10480,1,2,WALKING_UPSTAIRS,1.269383
10481,1,2,WALKING_UPSTAIRS,1.190442
10482,1,2,WALKING_UPSTAIRS,1.102597
10483,1,2,WALKING_UPSTAIRS,1.061022
10484,1,2,WALKING_UPSTAIRS,1.098373
10485,1,2,WALKING_UPSTAIRS,1.140299
10486,1,2,WALKING_UPSTAIRS,1.100895
10487,1,2,WALKING_UPSTAIRS,1.00293
10488,1,2,WALKING_UPSTAIRS,0.8906709
10489,1,2,WALKING_UPSTAIRS,0.8638229
10490,1,2,WALKING_UPSTAIRS,0.9461674
10491,1,2,WALKING_UPSTAIRS,0.9745347
10492,1,2,WALKING_UPSTAIRS,0.9886507
10493,1,2,WALKING_UPSTAIRS,1.02423
10494,1,2,WALKING_UPSTAIRS,0.9898993
10495,1,2,WALKING_UPSTAIRS,0.9689672
10496,1,2,WALKING_UPSTAIRS,0.9440389
10497,1,2,WALKING_UPSTAIRS,0.9095403
10498,1,2,WALKING_UPSTAIRS,0.9181254
10499,1,2,WALKING_UPSTAIRS,0.8848514
10500,1,2,WALKING_UPSTAIRS,0.835004
10501,1,2,WALKING_UPSTAIRS,0.7641171
10502,1,2,WALKING_UPSTAIRS,0.6712411
10503,1,2,WALKING_UPSTAIRS,0.6495101
10504,1,2,WALKING_UPSTAIRS,0.6637636
10505,1,2,WALKING_UPSTAIRS,0.6901989
10506,1,2,WALKING_UPSTAIRS,0.7217766
10507,1,2,WALKING_UPSTAIRS,0.7675478
10508,1,2,WALKING_UPSTAIRS,0.8560289
10509,1,2,WALKING_UPSTAIRS,0.9342646
10510,1,2,WALKING_UPSTAIRS,1.010319
10511,1,2,WALKING_UPSTAIRS,1.098482
10512,1,2,WALKING_UPSTAIRS,1.137889
10513,1,2,WALKING_UPSTAIRS,1.110703
10514,1,2,WALKING_UPSTAIRS,1.107576
10515,1,2,WALKING_UPSTAIRS,1.191933
10516,1,2,WALKING_UPSTAIRS,1.346956
10517,1,2,WALKING_UPSTAIRS,1.474071
10518,1,2,WALKING_UPSTAIRS,1.286564
10519,1,2,WALKING_UPSTAIRS,0.9124211
10520,1,2,WALKING_UPSTAIRS,0.7879643
10521,1,2,WALKING_UPSTAIRS,0.8105252
10522,1,2,WALKING_UPSTAIRS,0.8961742
10523,1,2,WALKING_UPSTAIRS,1.061509
10524,1,2,WALKING_UPSTAIRS,1.101255
10525,1,2,WALKING_UPSTAIRS,1.078925
10526,1,2,WALKING_UPSTAIRS,1.062539
10527,1,2,WALKING_UPSTAIRS,0.9757338
10528,1,2,WALKING_UPSTAIRS,0.8744145
10529,1,2,WALKING_UPSTAIRS,0.8545024
10530,1,2,WALKING_UPSTAIRS,0.8731189
10531,1,2,WALKING_UPSTAIRS,0.8048549
10532,1,2,WALKING_UPSTAIRS,0.7827313
10533,1,2,WALKING_UPSTAIRS,0.8066498
10534,1,2,WALKING_UPSTAIRS,0.724719
10535,1,2,WALKING_UPSTAIRS,0.7032778
10536,1,2,WALKING_UPSTAIRS,0.7330321
10537,1,2,WALKING_UPSTAIRS,0.7306146
10538,1,2,WALKING_UPSTAIRS,0.7826222
10539,1,2,WALKING_UPSTAIRS,0.8931255
10540,1,2,WALKING_UPSTAIRS,1.048184
10541,1,2,WALKING_UPSTAIRS,1.097942
10542,1,2,WALKING_UPSTAIRS,1.087484
10543,1,2,WALKING_UPSTAIRS,1.183235
10544,1,2,WALKING_UPSTAIRS,1.213955
10545,1,2,WALKING_UPSTAIRS,1.244474
10546,1,2,WALKING_UPSTAIRS,1.398065
10547,1,2,WALKING_UPSTAIRS,1.438932
10548,1,2,WALKING_UPSTAIRS,1.332095
10549,1,2,WALKING_UPSTAIRS,1.200483
10550,1,2,WALKING_UPSTAIRS,1.078499
10551,1,2,WALKING_UPSTAIRS,1.032572
10552,1,2,WALKING_UPSTAIRS,1.070863
10553,1,2,WALKING_UPSTAIRS,1.090319
10554,1,2,WALKING_UPSTAIRS,1.02614
10555,1,2,WALKING_UPSTAIRS,0.9355672
10556,1,2,WALKING_UPSTAIRS,0.8830871
10557,1,2,WALKING_UPSTAIRS,0.9210341
10558,1,2,WALKING_UPSTAIRS,1.011802
10559,1,2,WALKING_UPSTAIRS,1.022436
10560,1,2,WALKING_UPSTAIRS,0.9849752
10561,1,2,WALKING_UPSTAIRS,0.9218789
10562,1,2,WALKING_UPSTAIRS,0.8150968
10563,1,2,WALKING_UPSTAIRS,0.7557077
10564,1,2,WALKING_UPSTAIRS,0.713128
10565,1,2,WALKING_UPSTAIRS,0.6732173
10566,1,2,WALKING_UPSTAIRS,0.6629993
10567,1,2,WALKING_UPSTAIRS,0.6215294
10568,1,2,WALKING_UPSTAIRS,0.6008883
10569,1,2,WALKING_UPSTAIRS,0.6723668
10570,1,2,WALKING_UPSTAIRS,0.8104396
10571,1,2,WALKING_UPSTAIRS,0.9214042
10572,1,2,WALKING_UPSTAIRS,0.9235198
10573,1,2,WALKING_UPSTAIRS,0.9194198
10574,1,2,WALKING_UPSTAIRS,1.019379
10575,1,2,WALKING_UPSTAIRS,1.134271
10576,1,2,WALKING_UPSTAIRS,1.185421
10577,1,2,WALKING_UPSTAIRS,1.219092
10578,1,2,WALKING_UPSTAIRS,1.2528
10579,1,2,WALKING_UPSTAIRS,1.255202
10580,1,2,WALKING_UPSTAIRS,1.174191
10581,1,2,WALKING_UPSTAIRS,1.01451
10582,1,2,WALKING_UPSTAIRS,0.8908241
10583,1,2,WALKING_UPSTAIRS,0.8740974
10584,1,2,WALKING_UPSTAIRS,0.9506518
10585,1,2,WALKING_UPSTAIRS,1.034346
10586,1,2,WALKING_UPSTAIRS,1.049096
10587,1,2,WALKING_UPSTAIRS,1.025609
10588,1,2,WALKING_UPSTAIRS,0.9942628
10589,1,2,WALKING_UPSTAIRS,0.9539395
10590,1,2,WALKING_UPSTAIRS,0.9155419
10591,1,2,WALKING_UPSTAIRS,0.9203619
10592,1,2,WALKING_UPSTAIRS,0.938543
10593,1,2,WALKING_UPSTAIRS,0.9044744
10594,1,2,WALKING_UPSTAIRS,0.8601185
10595,1,2,WALKING_UPSTAIRS,0.7884353
10596,1,2,WALKING_UPSTAIRS,0.6985394
10597,1,2,WALKING_UPSTAIRS,0.6741529
10598,1,2,WALKING_UPSTAIRS,0.6732211
10599,1,2,WALKING_UPSTAIRS,0.6972603
10600,1,2,WALKING_UPSTAIRS,0.7892085
10601,1,2,WALKING_UPSTAIRS,0.8917546
10602,1,2,WALKING_UPSTAIRS,0.9173846
10603,1,2,WALKING_UPSTAIRS,0.9016186
10604,1,2,WALKING_UPSTAIRS,0.9638037
10605,1,2,WALKING_UPSTAIRS,1.052431
10606,1,2,WALKING_UPSTAIRS,1.150687
10607,1,2,WALKING_UPSTAIRS,1.225508
10608,1,2,WALKING_UPSTAIRS,1.187937
10609,1,2,WALKING_UPSTAIRS,1.249685
10610,1,2,WALKING_UPSTAIRS,1.393204
10611,1,2,WALKING_UPSTAIRS,1.417811
10612,1,2,WALKING_UPSTAIRS,1.368077
10613,1,2,WALKING_UPSTAIRS,1.213767
10614,1,2,WALKING_UPSTAIRS,1.068854
10615,1,2,WALKING_UPSTAIRS,1.019793
10616,1,2,WALKING_UPSTAIRS,0.9929935
10617,1,2,WALKING_UPSTAIRS,1.023261
10618,1,2,WALKING_UPSTAIRS,1.014095
10619,1,2,WALKING_UPSTAIRS,0.9883528
10620,1,2,WALKING_UPSTAIRS,0.977634
10621,1,2,WALKING_UPSTAIRS,0.9250279
10622,1,2,WALKING_UPSTAIRS,0.965593
10623,1,2,WALKING_UPSTAIRS,1.014948
10624,1,2,WALKING_UPSTAIRS,0.997688
10625,1,2,WALKING_UPSTAIRS,0.9886448
10626,1,2,WALKING_UPSTAIRS,0.9174187
10627,1,2,WALKING_UPSTAIRS,0.8079066
10628,1,2,WALKING_UPSTAIRS,0.7025226
10629,1,2,WALKING_UPSTAIRS,0.6398286
10630,1,2,WALKING_UPSTAIRS,0.6486858
10631,1,2,WALKING_UPSTAIRS,0.6465232
10632,1,2,WALKING_UPSTAIRS,0.628813
10633,1,2,WALKING_UPSTAIRS,0.6215648
10634,1,2,WALKING_UPSTAIRS,0.6592145
10635,1,2,WALKING_UPSTAIRS,0.769601
10636,1,2,WALKING_UPSTAIRS,0.8957789
10637,1,2,WALKING_UPSTAIRS,0.9834562
10638,1,2,WALKING_UPSTAIRS,1.022367
10639,1,2,WALKING_UPSTAIRS,1.076415
10640,1,2,WALKING_UPSTAIRS,1.143543
10641,1,2,WALKING_UPSTAIRS,1.170413
10642,1,2,WALKING_UPSTAIRS,1.225691
10643,1,2,WALKING_UPSTAIRS,1.281976
10644,1,2,WALKING_UPSTAIRS,1.237032
10645,1,2,WALKING_UPSTAIRS,1.143721
10646,1,2,WALKING_UPSTAIRS,1.037113
10647,1,2,WALKING_UPSTAIRS,0.9153085
10648,1,2,WALKING_UPSTAIRS,0.8861466
10649,1,2,WALKING_UPSTAIRS,0.9479764
10650,1,2,WALKING_UPSTAIRS,0.9751429
10651,1,2,WALKING_UPSTAIRS,0.9832813
10652,1,2,WALKING_UPSTAIRS,0.9758363
10653,1,2,WALKING_UPSTAIRS,0.9233171
10654,1,2,WALKING_UPSTAIRS,0.9015443
10655,1,2,WALKING_UPSTAIRS,0.8940244
10656,1,2,WALKING_UPSTAIRS,0.859097
10657,1,2,WALKING_UPSTAIRS,0.8448392
10658,1,2,WALKING_UPSTAIRS,0.8842507
10659,1,2,WALKING_UPSTAIRS,0.9470557
10660,1,2,WALKING_UPSTAIRS,0.9513596
10661,1,2,WALKING_UPSTAIRS,0.9145133
10662,1,2,WALKING_UPSTAIRS,0.8731671
10663,1,2,WALKING_UPSTAIRS,0.8146403
10664,1,2,WALKING_UPSTAIRS,0.7775096
10665,1,2,WALKING_UPSTAIRS,0.747374
10666,1,2,WALKING_UPSTAIRS,0.7405549
10667,1,2,WALKING_UPSTAIRS,0.8153377
10668,1,2,WALKING_UPSTAIRS,0.9185673
10669,1,2,WALKING_UPSTAIRS,0.9920325
10670,1,2,WALKING_UPSTAIRS,1.030081
10671,1,2,WALKING_UPSTAIRS,1.04066
10672,1,2,WALKING_UPSTAIRS,1.043348
10673,1,2,WALKING_UPSTAIRS,1.083896
10674,1,2,WALKING_UPSTAIRS,1.159673
10675,1,2,WALKING_UPSTAIRS,1.216225
10676,1,2,WALKING_UPSTAIRS,1.27061
10677,1,2,WALKING_UPSTAIRS,1.289145
10678,1,2,WALKING_UPSTAIRS,1.225517
10679,1,2,WALKING_UPSTAIRS,1.156307
10680,1,2,WALKING_UPSTAIRS,1.109624
10681,1,2,WALKING_UPSTAIRS,1.094432
10682,1,2,WALKING_UPSTAIRS,1.13539
10683,1,2,WALKING_UPSTAIRS,1.158163
10684,1,2,WALKING_UPSTAIRS,1.102813
10685,1,2,WALKING_UPSTAIRS,1.009841
10686,1,2,WALKING_UPSTAIRS,0.9558226
10687,1,2,WALKING_UPSTAIRS,0.9706729
10688,1,2,WALKING_UPSTAIRS,0.8163771
10689,1,2,WALKING_UPSTAIRS,0.9261038
10690,1,2,WALKING_UPSTAIRS,1.026718
10691,1,2,WALKING_UPSTAIRS,1.101034
10692,1,2,WALKING_UPSTAIRS,1.164094
10693,1,2,WALKING_UPSTAIRS,1.24816
10694,1,2,WALKING_UPSTAIRS,1.29831
10695,1,2,WALKING_UPSTAIRS,1.302544
10696,1,2,WALKING_UPSTAIRS,1.312751
10697,1,2,WALKING_UPSTAIRS,1.325136
10698,1,2,WALKING_UPSTAIRS,1.273487
10699,1,2,WALKING_UPSTAIRS,1.095836
10700,1,2,WALKING_UPSTAIRS,0.834327
10701,1,2,WALKING_UPSTAIRS,0.7454649
10702,1,2,WALKING_UPSTAIRS,0.9123133
10703,1,2,WALKING_UPSTAIRS,1.039416
10704,1,2,WALKING_UPSTAIRS,1.060548
10705,1,2,WALKING_UPSTAIRS,1.036994
10706,1,2,WALKING_UPSTAIRS,0.929382
10707,1,2,WALKING_UPSTAIRS,0.8797622
10708,1,2,WALKING_UPSTAIRS,0.896479
10709,1,2,WALKING_UPSTAIRS,0.918608
10710,1,2,WALKING_UPSTAIRS,0.9559957
10711,1,2,WALKING_UPSTAIRS,0.9046888
10712,1,2,WALKING_UPSTAIRS,0.8015153
10713,1,2,WALKING_UPSTAIRS,0.7050364
10714,1,2,WALKING_UPSTAIRS,0.6373045
10715,1,2,WALKING_UPSTAIRS,0.6311848
10716,1,2,WALKING_UPSTAIRS,0.6409282
10717,1,2,WALKING_UPSTAIRS,0.7330054
10718,1,2,WALKING_UPSTAIRS,0.8621026
10719,1,2,WALKING_UPSTAIRS,0.927255
10720,1,2,WALKING_UPSTAIRS,0.9730714
10721,1,2,WALKING_UPSTAIRS,0.9991319
10722,1,2,WALKING_UPSTAIRS,1.092049
10723,1,2,WALKING_UPSTAIRS,1.229384
10724,1,2,WALKING_UPSTAIRS,1.239968
10725,1,2,WALKING_UPSTAIRS,1.206139
10726,1,2,WALKING_UPSTAIRS,1.251288
10727,1,2,WALKING_UPSTAIRS,1.298182
10728,1,2,WALKING_UPSTAIRS,1.308895
10729,1,2,WALKING_UPSTAIRS,1.347339
10730,1,2,WALKING_UPSTAIRS,1.338388
10731,1,2,WALKING_UPSTAIRS,1.236492
10732,1,2,WALKING_UPSTAIRS,1.139044
10733,1,2,WALKING_UPSTAIRS,1.076847
10734,1,2,WALKING_UPSTAIRS,1.073632
10735,1,2,WALKING_UPSTAIRS,1.047248
10736,1,2,WALKING_UPSTAIRS,0.9803932
10737,1,2,WALKING_UPSTAIRS,1.000284
10738,1,2,WALKING_UPSTAIRS,1.022579
10739,1,2,WALKING_UPSTAIRS,1.027038
10740,1,2,WALKING_UPSTAIRS,1.021371
10741,1,2,WALKING_UPSTAIRS,0.938477
10742,1,2,WALKING_UPSTAIRS,0.8787224
10743,1,2,WALKING_UPSTAIRS,0.8136242
10744,1,2,WALKING_UPSTAIRS,0.7363324
10745,1,2,WALKING_UPSTAIRS,0.7342554
10746,1,2,WALKING_UPSTAIRS,0.7161732
10747,1,2,WALKING_UPSTAIRS,0.68896
10748,1,2,WALKING_UPSTAIRS,0.7043325
10749,1,2,WALKING_UPSTAIRS,0.7164184
10750,1,2,WALKING_UPSTAIRS,0.7198226
10751,1,2,WALKING_UPSTAIRS,0.7337377
10752,1,2,WALKING_UPSTAIRS,0.7717327
10753,1,2,WALKING_UPSTAIRS,0.8392558
10754,1,2,WALKING_UPSTAIRS,0.9330039
10755,1,2,WALKING_UPSTAIRS,0.9965124
10756,1,2,WALKING_UPSTAIRS,1.038171
10757,1,2,WALKING_UPSTAIRS,1.100293
10758,1,2,WALKING_UPSTAIRS,1.112504
10759,1,2,WALKING_UPSTAIRS,1.100941
10760,1,2,WALKING_UPSTAIRS,1.14046
10761,1,2,WALKING_UPSTAIRS,1.206549
10762,1,2,WALKING_UPSTAIRS,1.237559
10763,1,2,WALKING_UPSTAIRS,1.160203
10764,1,2,WALKING_UPSTAIRS,1.006895
10765,1,2,WALKING_UPSTAIRS,0.9057983
10766,1,2,WALKING_UPSTAIRS,0.9339724
10767,1,2,WALKING_UPSTAIRS,1.006082
10768,1,2,WALKING_UPSTAIRS,1.04314
10769,1,2,WALKING_UPSTAIRS,1.089238
10770,1,2,WALKING_UPSTAIRS,1.050675
10771,1,2,WALKING_UPSTAIRS,0.943845
10772,1,2,WALKING_UPSTAIRS,0.9306263
10773,1,2,WALKING_UPSTAIRS,0.9229925
10774,1,2,WALKING_UPSTAIRS,0.9056903
10775,1,2,WALKING_UPSTAIRS,0.9098055
10776,1,2,WALKING_UPSTAIRS,0.8474401
10777,1,2,WALKING_UPSTAIRS,0.7706101
10778,1,2,WALKING_UPSTAIRS,0.6921269
10779,1,2,WALKING_UPSTAIRS,0.6352099
10780,1,2,WALKING_UPSTAIRS,0.6536432
10781,1,2,WALKING_UPSTAIRS,0.6828994
10782,1,2,WALKING_UPSTAIRS,0.7579435
10783,1,2,WALKING_UPSTAIRS,0.8867342
10784,1,2,WALKING_UPSTAIRS,0.9799765
10785,1,2,WALKING_UPSTAIRS,1.031976
10786,1,2,WALKING_UPSTAIRS,1.0954
10787,1,2,WALKING_UPSTAIRS,1.186666
10788,1,2,WALKING_UPSTAIRS,1.23603
10789,1,2,WALKING_UPSTAIRS,1.221872
10790,1,2,WALKING_UPSTAIRS,1.183379
10791,1,2,WALKING_UPSTAIRS,1.180277
10792,1,2,WALKING_UPSTAIRS,1.296838
10793,1,2,WALKING_UPSTAIRS,1.487394
10794,1,2,WALKING_UPSTAIRS,1.561322
10795,1,2,WALKING_UPSTAIRS,1.407165
10796,1,2,WALKING_UPSTAIRS,1.158354
10797,1,2,WALKING_UPSTAIRS,0.9805353
10798,1,2,WALKING_UPSTAIRS,0.9343739
10799,1,2,WALKING_UPSTAIRS,0.9771389
10800,1,2,WALKING_UPSTAIRS,0.9891751
10801,1,2,WALKING_UPSTAIRS,1.021651
10802,1,2,WALKING_UPSTAIRS,1.048292
10803,1,2,WALKING_UPSTAIRS,1.004631
10804,1,2,WALKING_UPSTAIRS,1.020368
10805,1,2,WALKING_UPSTAIRS,0.9907353
10806,1,2,WALKING_UPSTAIRS,0.8842766
10807,1,2,WALKING_UPSTAIRS,0.8269036
10808,1,2,WALKING_UPSTAIRS,0.7688114
10809,1,2,WALKING_UPSTAIRS,0.7529236
10810,1,2,WALKING_UPSTAIRS,0.7203281
10811,1,2,WALKING_UPSTAIRS,0.6339963
10812,1,2,WALKING_UPSTAIRS,0.6018805
10813,1,2,WALKING_UPSTAIRS,0.5763267
10814,1,2,WALKING_UPSTAIRS,0.5823318
10815,1,2,WALKING_UPSTAIRS,0.6151023
10816,1,2,WALKING_UPSTAIRS,0.671718
10817,1,2,WALKING_UPSTAIRS,0.8287873
10818,1,2,WALKING_UPSTAIRS,0.9639322
10819,1,2,WALKING_UPSTAIRS,1.028632
10820,1,2,WALKING_UPSTAIRS,1.115187
10821,1,2,WALKING_UPSTAIRS,1.223761
10822,1,2,WALKING_UPSTAIRS,1.234205
10823,1,2,WALKING_UPSTAIRS,1.210389
10824,1,2,WALKING_UPSTAIRS,1.401772
10825,1,2,WALKING_UPSTAIRS,1.534547
10826,1,2,WALKING_UPSTAIRS,1.270566
10827,1,2,WALKING_UPSTAIRS,0.9129686
10828,1,2,WALKING_UPSTAIRS,0.8058947
10829,1,2,WALKING_UPSTAIRS,0.9158178
10830,1,2,WALKING_UPSTAIRS,0.9999397
10831,1,2,WALKING_UPSTAIRS,1.014216
10832,1,2,WALKING_UPSTAIRS,1.02329
10833,1,2,WALKING_UPSTAIRS,0.973312
10834,1,2,WALKING_UPSTAIRS,0.9461015
10835,1,2,WALKING_UPSTAIRS,0.9259658
10836,1,2,WALKING_UPSTAIRS,0.8691726
10837,1,2,WALKING_UPSTAIRS,0.8564886
10838,1,2,WALKING_UPSTAIRS,0.8264147
10839,1,2,WALKING_UPSTAIRS,0.8144757
10840,1,2,WALKING_UPSTAIRS,0.8258647
10841,1,2,WALKING_UPSTAIRS,0.8018056
10842,1,2,WALKING_UPSTAIRS,0.8223667
10843,1,2,WALKING_UPSTAIRS,0.8235938
10844,1,2,WALKING_UPSTAIRS,0.7982875
10845,1,2,WALKING_UPSTAIRS,0.7966732
10846,1,2,WALKING_UPSTAIRS,0.7756873
10847,1,2,WALKING_UPSTAIRS,0.8218389
10848,1,2,WALKING_UPSTAIRS,0.9298092
10849,1,2,WALKING_UPSTAIRS,1.019219
10850,1,2,WALKING_UPSTAIRS,1.079406
10851,1,2,WALKING_UPSTAIRS,1.10702
10852,1,2,WALKING_UPSTAIRS,1.178391
10853,1,2,WALKING_UPSTAIRS,1.276795
10854,1,2,WALKING_UPSTAIRS,1.337045
10855,1,2,WALKING_UPSTAIRS,1.360623
10856,1,2,WALKING_UPSTAIRS,1.303273
10857,1,2,WALKING_UPSTAIRS,1.196244
10858,1,2,WALKING_UPSTAIRS,1.103378
10859,1,2,WALKING_UPSTAIRS,1.051223
10860,1,2,WALKING_UPSTAIRS,1.070922
10861,1,2,WALKING_UPSTAIRS,1.112195
10862,1,2,WALKING_UPSTAIRS,1.13269
10863,1,2,WALKING_UPSTAIRS,1.096543
10864,1,2,WALKING_UPSTAIRS,0.9740276
10865,1,2,WALKING_UPSTAIRS,0.9023473
10866,1,2,WALKING_UPSTAIRS,0.9831366
10867,1,2,WALKING_UPSTAIRS,1.093543
10868,1,2,WALKING_UPSTAIRS,1.088854
10869,1,2,WALKING_UPSTAIRS,0.9725722
10870,1,2,WALKING_UPSTAIRS,0.8301449
10871,1,2,WALKING_UPSTAIRS,0.7557704
10872,1,2,WALKING_UPSTAIRS,0.7694159
10873,1,2,WALKING_UPSTAIRS,0.7494318
10874,1,2,WALKING_UPSTAIRS,0.6908736
10875,1,2,WALKING_UPSTAIRS,0.6746628
10876,1,2,WALKING_UPSTAIRS,0.6610384
10877,1,2,WALKING_UPSTAIRS,0.6635283
10878,1,2,WALKING_UPSTAIRS,0.6583512
10879,1,2,WALKING_UPSTAIRS,0.6318356
10880,1,2,WALKING_UPSTAIRS,0.6691133
10881,1,2,WALKING_UPSTAIRS,0.7303011
10882,1,2,WALKING_UPSTAIRS,0.8091266
10883,1,2,WALKING_UPSTAIRS,0.9047093
10884,1,2,WALKING_UPSTAIRS,0.9582565
10885,1,2,WALKING_UPSTAIRS,1.024603
10886,1,2,WALKING_UPSTAIRS,1.106125
10887,1,2,WALKING_UPSTAIRS,1.162898
10888,1,2,WALKING_UPSTAIRS,1.204526
10889,1,2,WALKING_UPSTAIRS,1.254728
10890,1,2,WALKING_UPSTAIRS,1.355679
10891,1,2,WALKING_UPSTAIRS,1.414199
10892,1,2,WALKING_UPSTAIRS,1.287403
10893,1,2,WALKING_UPSTAIRS,1.089622
10894,1,2,WALKING_UPSTAIRS,1.003996
10895,1,2,WALKING_UPSTAIRS,0.9341775
10896,1,2,WALKING_UPSTAIRS,0.8319117
10897,1,2,WALKING_UPSTAIRS,0.8368319
10898,1,2,WALKING_UPSTAIRS,0.871865
10899,1,2,WALKING_UPSTAIRS,0.8701459
10900,1,2,WALKING_UPSTAIRS,0.9177151
10901,1,2,WALKING_UPSTAIRS,0.9584464
10902,1,2,WALKING_UPSTAIRS,0.9667627
10903,1,2,WALKING_UPSTAIRS,0.9697847
10904,1,2,WALKING_UPSTAIRS,0.9321829
10905,1,2,WALKING_UPSTAIRS,0.8963963
10906,1,2,WALKING_UPSTAIRS,0.9008095
10907,1,2,WALKING_UPSTAIRS,0.9072923
10908,1,2,WALKING_UPSTAIRS,0.8885338
10909,1,2,WALKING_UPSTAIRS,0.8384018
10910,1,2,WALKING_UPSTAIRS,0.7639206
10911,1,2,WALKING_UPSTAIRS,0.7125677
10912,1,2,WALKING_UPSTAIRS,0.72923
10913,1,2,WALKING_UPSTAIRS,0.7810891
10914,1,2,WALKING_UPSTAIRS,0.8515258
10915,1,2,WALKING_UPSTAIRS,0.929546
10916,1,2,WALKING_UPSTAIRS,0.9526178
10917,1,2,WALKING_UPSTAIRS,0.9548519
10918,1,2,WALKING_UPSTAIRS,0.9915748
10919,1,2,WALKING_UPSTAIRS,1.026532
10920,1,2,WALKING_UPSTAIRS,1.049819
10921,1,2,WALKING_UPSTAIRS,1.085971
10922,1,2,WALKING_UPSTAIRS,1.109353
10923,1,2,WALKING_UPSTAIRS,1.115565
10924,1,2,WALKING_UPSTAIRS,1.19404
10925,1,2,WALKING_UPSTAIRS,1.297301
10926,1,2,WALKING_UPSTAIRS,1.318479
10927,1,2,WALKING_UPSTAIRS,1.331679
10928,1,2,WALKING_UPSTAIRS,1.31902
10929,1,2,WALKING_UPSTAIRS,1.25531
10930,1,2,WALKING_UPSTAIRS,1.228442
10931,1,2,WALKING_UPSTAIRS,1.186476
10932,1,2,WALKING_UPSTAIRS,1.120653
10933,1,2,WALKING_UPSTAIRS,1.069548
10934,1,2,WALKING_UPSTAIRS,1.018863
10935,1,2,WALKING_UPSTAIRS,1.028377
10936,1,2,WALKING_UPSTAIRS,1.05347
10937,1,2,WALKING_UPSTAIRS,1.034387
10938,1,2,WALKING_UPSTAIRS,0.9971471
10939,1,2,WALKING_UPSTAIRS,0.8855677
10940,1,2,WALKING_UPSTAIRS,0.7638475
10941,1,2,WALKING_UPSTAIRS,0.7447088
10942,1,2,WALKING_UPSTAIRS,0.7543303
10943,1,2,WALKING_UPSTAIRS,0.7351647
10944,1,2,WALKING_UPSTAIRS,0.7108124
10945,1,2,WALKING_UPSTAIRS,0.7069181
10946,1,2,WALKING_UPSTAIRS,0.7179773
10947,1,2,WALKING_UPSTAIRS,0.7328879
10948,1,2,WALKING_UPSTAIRS,0.7624329
10949,1,2,WALKING_UPSTAIRS,0.7791688
10950,1,2,WALKING_UPSTAIRS,0.7965607
10951,1,2,WALKING_UPSTAIRS,0.8415777
10952,1,2,WALKING_UPSTAIRS,0.8938647
10953,1,2,WALKING_UPSTAIRS,0.9438738
10954,1,2,WALKING_UPSTAIRS,0.9628993
10955,1,2,WALKING_UPSTAIRS,0.994329
10956,1,2,WALKING_UPSTAIRS,1.077292
10957,1,2,WALKING_UPSTAIRS,1.166664
10958,1,2,WALKING_UPSTAIRS,1.276744
10959,1,2,WALKING_UPSTAIRS,1.30801
10960,1,2,WALKING_UPSTAIRS,1.22157
10961,1,2,WALKING_UPSTAIRS,1.200163
10962,1,2,WALKING_UPSTAIRS,1.171879
10963,1,2,WALKING_UPSTAIRS,1.042624
10964,1,2,WALKING_UPSTAIRS,0.9103901
10965,1,2,WALKING_UPSTAIRS,0.8398824
10966,1,2,WALKING_UPSTAIRS,0.9390078
10967,1,2,WALKING_UPSTAIRS,1.032262
10968,1,2,WALKING_UPSTAIRS,0.9822758
10969,1,2,WALKING_UPSTAIRS,0.9867903
10970,1,2,WALKING_UPSTAIRS,0.9674329
10971,1,2,WALKING_UPSTAIRS,0.9086428
10972,1,2,WALKING_UPSTAIRS,0.9027062
10973,1,2,WALKING_UPSTAIRS,0.8761207
10974,1,2,WALKING_UPSTAIRS,0.8801182
10975,1,2,WALKING_UPSTAIRS,0.8640902
10976,1,2,WALKING_UPSTAIRS,0.8153974
10977,1,2,WALKING_UPSTAIRS,0.8020384
10978,1,2,WALKING_UPSTAIRS,0.7626375
10979,1,2,WALKING_UPSTAIRS,0.7447181
10980,1,2,WALKING_UPSTAIRS,0.7434353
10981,1,2,WALKING_UPSTAIRS,0.7365226
10982,1,2,WALKING_UPSTAIRS,0.7720218
10983,1,2,WALKING_UPSTAIRS,0.8399022
10984,1,2,WALKING_UPSTAIRS,0.9931381
10985,1,2,WALKING_UPSTAIRS,1.176598
10986,1,2,WALKING_UPSTAIRS,1.235203
10987,1,2,WALKING_UPSTAIRS,1.167681
10988,1,2,WALKING_UPSTAIRS,1.056209
10989,1,2,WALKING_UPSTAIRS,0.9754272
10990,1,2,WALKING_UPSTAIRS,1.010375
10991,1,2,WALKING_UPSTAIRS,1.199374
10992,1,2,WALKING_UPSTAIRS,1.403352
10993,1,2,WALKING_UPSTAIRS,1.440683
10994,1,2,WALKING_UPSTAIRS,1.312908
10995,1,2,WALKING_UPSTAIRS,1.167091
10996,1,2,WALKING_UPSTAIRS,1.090731
10997,1,2,WALKING_UPSTAIRS,1.06202
10998,1,2,WALKING_UPSTAIRS,1.082631
10999,1,2,WALKING_UPSTAIRS,1.078945
11000,1,2,WALKING_UPSTAIRS,1.006343
11001,1,2,WALKING_UPSTAIRS,0.9519131
11002,1,2,WALKING_UPSTAIRS,0.9390666
11003,1,2,WALKING_UPSTAIRS,1.011437
11004,1,2,WALKING_UPSTAIRS,1.08245
11005,1,2,WALKING_UPSTAIRS,1.016921
11006,1,2,WALKING_UPSTAIRS,0.9139529
11007,1,2,WALKING_UPSTAIRS,0.8185594
11008,1,2,WALKING_UPSTAIRS,0.7770417
11009,1,2,WALKING_UPSTAIRS,0.7882454
11010,1,2,WALKING_UPSTAIRS,0.7383156
11011,1,2,WALKING_UPSTAIRS,0.7156667
11012,1,2,WALKING_UPSTAIRS,0.6929365
11013,1,2,WALKING_UPSTAIRS,0.6013269
11014,1,2,WALKING_UPSTAIRS,0.6261297
11015,1,2,WALKING_UPSTAIRS,0.7299576
11016,1,2,WALKING_UPSTAIRS,0.7907816
11017,1,2,WALKING_UPSTAIRS,0.8479424
11018,1,2,WALKING_UPSTAIRS,0.8510189
11019,1,2,WALKING_UPSTAIRS,0.872542
11020,1,2,WALKING_UPSTAIRS,0.9794216
11021,1,2,WALKING_UPSTAIRS,1.047836
11022,1,2,WALKING_UPSTAIRS,1.066059
11023,1,2,WALKING_UPSTAIRS,1.005309
11024,1,2,WALKING_UPSTAIRS,0.9455078
11025,1,2,WALKING_UPSTAIRS,1.094791
11026,1,2,WALKING_UPSTAIRS,1.305575
11027,1,2,WALKING_UPSTAIRS,1.338434
11028,1,2,WALKING_UPSTAIRS,1.173309
11029,1,2,WALKING_UPSTAIRS,0.9679728
11030,1,2,WALKING_UPSTAIRS,0.913685
11031,1,2,WALKING_UPSTAIRS,0.9422365
11032,1,2,WALKING_UPSTAIRS,0.9809946
11033,1,2,WALKING_UPSTAIRS,1.064388
11034,1,2,WALKING_UPSTAIRS,1.078707
11035,1,2,WALKING_UPSTAIRS,0.9909071
11036,1,2,WALKING_UPSTAIRS,0.9146324
11037,1,2,WALKING_UPSTAIRS,0.8970635
11038,1,2,WALKING_UPSTAIRS,0.9412579
11039,1,2,WALKING_UPSTAIRS,0.9953213
11040,1,2,WALKING_UPSTAIRS,1.008174
11041,1,2,WALKING_UPSTAIRS,0.9987326
11042,1,2,WALKING_UPSTAIRS,0.9467438
11043,1,2,WALKING_UPSTAIRS,0.844576
11044,1,2,WALKING_UPSTAIRS,0.7443873
11045,1,2,WALKING_UPSTAIRS,0.6878158
11046,1,2,WALKING_UPSTAIRS,0.6878276
11047,1,2,WALKING_UPSTAIRS,0.7011151
11048,1,2,WALKING_UPSTAIRS,0.706081
11049,1,2,WALKING_UPSTAIRS,0.729417
11050,1,2,WALKING_UPSTAIRS,0.7946022
11051,1,2,WALKING_UPSTAIRS,0.9076493
11052,1,2,WALKING_UPSTAIRS,0.999472
11053,1,2,WALKING_UPSTAIRS,1.038279
11054,1,2,WALKING_UPSTAIRS,1.082701
11055,1,2,WALKING_UPSTAIRS,1.144041
11056,1,2,WALKING_UPSTAIRS,1.186567
11057,1,2,WALKING_UPSTAIRS,1.179226
11058,1,2,WALKING_UPSTAIRS,1.167133
11059,1,2,WALKING_UPSTAIRS,1.207791
11060,1,2,WALKING_UPSTAIRS,1.250012
11061,1,2,WALKING_UPSTAIRS,1.263301
11062,1,2,WALKING_UPSTAIRS,1.240727
11063,1,2,WALKING_UPSTAIRS,1.195023
11064,1,2,WALKING_UPSTAIRS,1.177435
11065,1,2,WALKING_UPSTAIRS,1.125293
11066,1,2,WALKING_UPSTAIRS,1.049247
11067,1,2,WALKING_UPSTAIRS,1.029921
11068,1,2,WALKING_UPSTAIRS,1.002587
11069,1,2,WALKING_UPSTAIRS,0.9611838
11070,1,2,WALKING_UPSTAIRS,0.9214769
11071,1,2,WALKING_UPSTAIRS,0.8923208
11072,1,2,WALKING_UPSTAIRS,0.9461646
11073,1,2,WALKING_UPSTAIRS,1.016134
11074,1,2,WALKING_UPSTAIRS,1.030573
11075,1,2,WALKING_UPSTAIRS,1.006865
11076,1,2,WALKING_UPSTAIRS,0.9520242
11077,1,2,WALKING_UPSTAIRS,0.907048
11078,1,2,WALKING_UPSTAIRS,0.8767445
11079,1,2,WALKING_UPSTAIRS,0.855666
11080,1,2,WALKING_UPSTAIRS,0.8156656
11081,1,2,WALKING_UPSTAIRS,0.7393962
11082,1,2,WALKING_UPSTAIRS,0.7305757
11083,1,2,WALKING_UPSTAIRS,0.7640691
11084,1,2,WALKING_UPSTAIRS,0.7623775
11085,1,2,WALKING_UPSTAIRS,0.7820564
11086,1,2,WALKING_UPSTAIRS,0.8075046
11087,1,2,WALKING_UPSTAIRS,0.8131099
11088,1,2,WALKING_UPSTAIRS,0.8161295
11089,1,2,WALKING_UPSTAIRS,0.8235833
11090,1,2,WALKING_UPSTAIRS,0.852872
11091,1,2,WALKING_UPSTAIRS,0.8874378
11092,1,2,WALKING_UPSTAIRS,0.9397777
11093,1,2,WALKING_UPSTAIRS,0.9994192
11094,1,2,WALKING_UPSTAIRS,1.032587
11095,1,2,WALKING_UPSTAIRS,1.077926
11096,1,2,WALKING_UPSTAIRS,1.156205
11097,1,2,WALKING_UPSTAIRS,1.251064
11098,1,2,WALKING_UPSTAIRS,1.327458
11099,1,2,WALKING_UPSTAIRS,1.314123
11100,1,2,WALKING_UPSTAIRS,1.099116
11101,1,2,WALKING_UPSTAIRS,0.7909291
11102,1,2,WALKING_UPSTAIRS,0.7518574
11103,1,2,WALKING_UPSTAIRS,0.9248806
11104,1,2,WALKING_UPSTAIRS,1.001964
11105,1,2,WALKING_UPSTAIRS,1.014222
11106,1,2,WALKING_UPSTAIRS,0.9789892
11107,1,2,WALKING_UPSTAIRS,0.9003858
11108,1,2,WALKING_UPSTAIRS,0.8963419
11109,1,2,WALKING_UPSTAIRS,0.9199542
11110,1,2,WALKING_UPSTAIRS,0.9351207
11111,1,2,WALKING_UPSTAIRS,0.9475714
11112,1,2,WALKING_UPSTAIRS,0.9253364
11113,1,2,WALKING_UPSTAIRS,0.8985859
11114,1,2,WALKING_UPSTAIRS,0.8603463
11115,1,2,WALKING_UPSTAIRS,0.8412033
11116,1,2,WALKING_UPSTAIRS,0.8558924
11117,1,2,WALKING_UPSTAIRS,0.8357972
11118,1,2,WALKING_UPSTAIRS,0.8105607
11119,1,2,WALKING_UPSTAIRS,0.7982664
11120,1,2,WALKING_UPSTAIRS,0.818603
11121,1,2,WALKING_UPSTAIRS,0.9090867
11122,1,2,WALKING_UPSTAIRS,0.9759477
11123,1,2,WALKING_UPSTAIRS,0.9710149
11124,1,2,WALKING_UPSTAIRS,0.952482
11125,1,2,WALKING_UPSTAIRS,0.9478635
11126,1,2,WALKING_UPSTAIRS,0.9403461
11127,1,2,WALKING_UPSTAIRS,0.9501587
11128,1,2,WALKING_UPSTAIRS,1.000392
11129,1,2,WALKING_UPSTAIRS,1.032301
11130,1,2,WALKING_UPSTAIRS,1.054405
11131,1,2,WALKING_UPSTAIRS,1.086984
11132,1,2,WALKING_UPSTAIRS,1.127979
11133,1,2,WALKING_UPSTAIRS,1.26149
11134,1,2,WALKING_UPSTAIRS,1.42427
11135,1,2,WALKING_UPSTAIRS,1.504542
11136,1,2,WALKING_UPSTAIRS,1.538259
11137,1,2,WALKING_UPSTAIRS,1.509668
11138,1,2,WALKING_UPSTAIRS,1.344533
11139,1,2,WALKING_UPSTAIRS,1.07245
11140,1,2,WALKING_UPSTAIRS,0.9084925
11141,1,2,WALKING_UPSTAIRS,0.9437204
11142,1,2,WALKING_UPSTAIRS,0.9992306
11143,1,2,WALKING_UPSTAIRS,1.015781
11144,1,2,WALKING_UPSTAIRS,0.9877085
11145,1,2,WALKING_UPSTAIRS,0.9190014
11146,1,2,WALKING_UPSTAIRS,0.9271757
11147,1,2,WALKING_UPSTAIRS,0.9376192
11148,1,2,WALKING_UPSTAIRS,0.8740873
11149,1,2,WALKING_UPSTAIRS,0.8083417
11150,1,2,WALKING_UPSTAIRS,0.7167761
11151,1,2,WALKING_UPSTAIRS,0.6463785
11152,1,2,WALKING_UPSTAIRS,0.638094
11153,1,2,WALKING_UPSTAIRS,0.5963675
11154,1,2,WALKING_UPSTAIRS,0.5399168
11155,1,2,WALKING_UPSTAIRS,0.5736322
11156,1,2,WALKING_UPSTAIRS,0.6891539
11157,1,2,WALKING_UPSTAIRS,0.7850014
11158,1,2,WALKING_UPSTAIRS,0.8308077
11159,1,2,WALKING_UPSTAIRS,0.8729687
11160,1,2,WALKING_UPSTAIRS,0.9637402
11161,1,2,WALKING_UPSTAIRS,1.060379
11162,1,2,WALKING_UPSTAIRS,1.050426
11163,1,2,WALKING_UPSTAIRS,1.049022
11164,1,2,WALKING_UPSTAIRS,1.15964
11165,1,2,WALKING_UPSTAIRS,1.215379
11166,1,2,WALKING_UPSTAIRS,1.175593
11167,1,2,WALKING_UPSTAIRS,1.172111
11168,1,2,WALKING_UPSTAIRS,1.226027
11169,1,2,WALKING_UPSTAIRS,1.230609
11170,1,2,WALKING_UPSTAIRS,1.089171
11171,1,2,WALKING_UPSTAIRS,0.8744084
11172,1,2,WALKING_UPSTAIRS,0.8177522
11173,1,2,WALKING_UPSTAIRS,0.9673596
11174,1,2,WALKING_UPSTAIRS,1.119695
11175,1,2,WALKING_UPSTAIRS,1.175729
11176,1,2,WALKING_UPSTAIRS,1.115853
11177,1,2,WALKING_UPSTAIRS,0.9850724
11178,1,2,WALKING_UPSTAIRS,0.9160904
11179,1,2,WALKING_UPSTAIRS,0.8970421
11180,1,2,WALKING_UPSTAIRS,0.9189608
11181,1,2,WALKING_UPSTAIRS,0.9563564
11182,1,2,WALKING_UPSTAIRS,0.9318346
11183,1,2,WALKING_UPSTAIRS,0.8827156
11184,1,2,WALKING_UPSTAIRS,0.7647026
11185,1,2,WALKING_UPSTAIRS,0.634988
11186,1,2,WALKING_UPSTAIRS,0.6166641
11187,1,2,WALKING_UPSTAIRS,0.6067142
11188,1,2,WALKING_UPSTAIRS,0.6378631
11189,1,2,WALKING_UPSTAIRS,0.7758321
11190,1,2,WALKING_UPSTAIRS,0.8892315
11191,1,2,WALKING_UPSTAIRS,0.9165103
11192,1,2,WALKING_UPSTAIRS,0.9310218
11193,1,2,WALKING_UPSTAIRS,1.003411
11194,1,2,WALKING_UPSTAIRS,1.079537
11195,1,2,WALKING_UPSTAIRS,1.141935
11196,1,2,WALKING_UPSTAIRS,1.208864
11197,1,2,WALKING_UPSTAIRS,1.25608
11198,1,2,WALKING_UPSTAIRS,1.352952
11199,1,2,WALKING_UPSTAIRS,1.497441
11200,1,2,WALKING_UPSTAIRS,1.599366
11201,1,2,WALKING_UPSTAIRS,1.531487
11202,1,2,WALKING_UPSTAIRS,1.256175
11203,1,2,WALKING_UPSTAIRS,1.016145
11204,1,2,WALKING_UPSTAIRS,0.9888457
11205,1,2,WALKING_UPSTAIRS,1.062266
11206,1,2,WALKING_UPSTAIRS,1.010832
11207,1,2,WALKING_UPSTAIRS,0.9297183
11208,1,2,WALKING_UPSTAIRS,0.9466157
11209,1,2,WALKING_UPSTAIRS,0.8730506
11210,1,2,WALKING_UPSTAIRS,0.865103
11211,1,2,WALKING_UPSTAIRS,0.9261381
11212,1,2,WALKING_UPSTAIRS,0.8610121
11213,1,2,WALKING_UPSTAIRS,0.873793
11214,1,2,WALKING_UPSTAIRS,0.8522511
11215,1,2,WALKING_UPSTAIRS,0.7781512
11216,1,2,WALKING_UPSTAIRS,0.8086805
11217,1,2,WALKING_UPSTAIRS,0.7594992
11218,1,2,WALKING_UPSTAIRS,0.704552
11219,1,2,WALKING_UPSTAIRS,0.7184451
11220,1,2,WALKING_UPSTAIRS,0.7274576
11221,1,2,WALKING_UPSTAIRS,0.7527046
11222,1,2,WALKING_UPSTAIRS,0.7623717
11223,1,2,WALKING_UPSTAIRS,0.7727237
11224,1,2,WALKING_UPSTAIRS,0.7995071
11225,1,2,WALKING_UPSTAIRS,0.8767109
11226,1,2,WALKING_UPSTAIRS,0.9562353
11227,1,2,WALKING_UPSTAIRS,0.9580885
11228,1,2,WALKING_UPSTAIRS,0.9878021
11229,1,2,WALKING_UPSTAIRS,1.063427
11230,1,2,WALKING_UPSTAIRS,1.138305
11231,1,2,WALKING_UPSTAIRS,1.225781
11232,1,2,WALKING_UPSTAIRS,1.300077
11233,1,2,WALKING_UPSTAIRS,1.301676
11234,1,2,WALKING_UPSTAIRS,1.225776
11235,1,2,WALKING_UPSTAIRS,1.117016
11236,1,2,WALKING_UPSTAIRS,0.961729
11237,1,2,WALKING_UPSTAIRS,0.8934159
11238,1,2,WALKING_UPSTAIRS,0.965493
11239,1,2,WALKING_UPSTAIRS,0.9867053
11240,1,2,WALKING_UPSTAIRS,1.004901
11241,1,2,WALKING_UPSTAIRS,1.018837
11242,1,2,WALKING_UPSTAIRS,0.9415789
11243,1,2,WALKING_UPSTAIRS,0.9085198
11244,1,2,WALKING_UPSTAIRS,0.8944841
11245,1,2,WALKING_UPSTAIRS,0.8604713
11246,1,2,WALKING_UPSTAIRS,0.857013
11247,1,2,WALKING_UPSTAIRS,0.8477629
11248,1,2,WALKING_UPSTAIRS,0.8461175
11249,1,2,WALKING_UPSTAIRS,0.8152784
11250,1,2,WALKING_UPSTAIRS,0.7652259
11251,1,2,WALKING_UPSTAIRS,0.7663176
11252,1,2,WALKING_UPSTAIRS,0.7813233
11253,1,2,WALKING_UPSTAIRS,0.7964938
11254,1,2,WALKING_UPSTAIRS,0.8138866
11255,1,2,WALKING_UPSTAIRS,0.8456438
11256,1,2,WALKING_UPSTAIRS,0.8866623
11257,1,2,WALKING_UPSTAIRS,0.9139808
11258,1,2,WALKING_UPSTAIRS,0.9774468
11259,1,2,WALKING_UPSTAIRS,1.063748
11260,1,2,WALKING_UPSTAIRS,1.11244
11261,1,2,WALKING_UPSTAIRS,1.118471
11262,1,2,WALKING_UPSTAIRS,1.107253
11263,1,2,WALKING_UPSTAIRS,1.117057
11264,1,5,STANDING,0.9871776
11265,1,5,STANDING,0.9863071
11266,1,5,STANDING,0.988705
11267,1,5,STANDING,0.9868426
11268,1,5,STANDING,0.9859929
11269,1,5,STANDING,0.989538
11270,1,5,STANDING,0.9851994
11271,1,5,STANDING,0.9858301
11272,1,5,STANDING,0.9871562
11273,1,5,STANDING,0.9849318
11274,1,5,STANDING,0.9881454
11275,1,5,STANDING,0.9870738
11276,1,5,STANDING,0.9864979
11277,1,5,STANDING,0.9867545
11278,1,5,STANDING,0.9869428
11279,1,5,STANDING,0.9906148
11280,1,5,STANDING,0.9892916
11281,1,5,STANDING,0.9891203
11282,1,5,STANDING,0.9895377
11283,1,5,STANDING,0.9882457
11284,1,5,STANDING,0.9913513
11285,1,5,STANDING,0.9923033
11286,1,5,STANDING,0.9922118
11287,1,5,STANDING,0.9925808
11288,1,5,STANDING,0.9910639
11289,1,5,STANDING,0.9907501
11290,1,5,STANDING,0.9899641
11291,1,5,STANDING,0.9886469
11292,1,5,STANDING,0.9862038
11293,1,5,STANDING,0.9838003
11294,1,5,STANDING,0.9859183
11295,1,5,STANDING,0.989248
11296,1,5,STANDING,0.9918165
11297,1,5,STANDING,0.9935794
11298,1,5,STANDING,0.9914632
11299,1,5,STANDING,0.9891297
11300,1,5,STANDING,0.9904479
11301,1,5,STANDING,0.9907296
11302,1,5,STANDING,0.9895767
11303,1,5,STANDING,0.9896454
11304,1,5,STANDING,0.988675
11305,1,5,STANDING,0.988167
11306,1,5,STANDING,0.9875936
11307,1,5,STANDING,0.985289
11308,1,5,STANDING,0.9858698
11309,1,5,STANDING,0.9867623
11310,1,5,STANDING,0.9856281
11311,1,5,STANDING,0.9865716
11312,1,5,STANDING,0.9880945
11313,1,5,STANDING,0.9898477
11314,1,5,STANDING,0.9929062
11315,1,5,STANDING,0.995042
11316,1,5,STANDING,0.995012
11317,1,5,STANDING,0.9938347
11318,1,5,STANDING,0.9944857
11319,1,5,STANDING,0.9948909
11320,1,5,STANDING,0.9939101
11321,1,5,STANDING,0.9947205
11322,1,5,STANDING,0.9943616
11323,1,5,STANDING,0.9928369
11324,1,5,STANDING,0.9913981
11325,1,5,STANDING,0.9893739
11326,1,5,STANDING,0.9902832
11327,1,5,STANDING,0.9906108
11328,1,5,STANDING,0.9888456
11329,1,5,STANDING,0.9889037
11330,1,5,STANDING,0.9887924
11331,1,5,STANDING,0.9885302
11332,1,5,STANDING,0.9872652
11333,1,5,STANDING,0.9853224
11334,1,5,STANDING,0.9864494
11335,1,5,STANDING,0.9882546
11336,1,5,STANDING,0.9891436
11337,1,5,STANDING,0.9893723
11338,1,5,STANDING,0.9897783
11339,1,5,STANDING,0.9924473
11340,1,5,STANDING,0.9934927
11341,1,5,STANDING,0.9908601
11342,1,5,STANDING,0.9888774
11343,1,5,STANDING,0.9896823
11344,1,5,STANDING,0.9916383
11345,1,5,STANDING,0.9913377
11346,1,5,STANDING,0.9878664
11347,1,5,STANDING,0.9850455
11348,1,5,STANDING,0.9863009
11349,1,5,STANDING,0.9895274
11350,1,5,STANDING,0.9909234
11351,1,5,STANDING,0.9913161
11352,1,5,STANDING,0.9913987
11353,1,5,STANDING,0.9899241
11354,1,5,STANDING,0.9888988
11355,1,5,STANDING,0.9912725
11356,1,5,STANDING,0.9938027
11357,1,5,STANDING,0.9903626
11358,1,5,STANDING,0.986341
11359,1,5,STANDING,0.9875825
11360,1,5,STANDING,0.9882249
11361,1,5,STANDING,0.9888766
11362,1,5,STANDING,0.9910866
11363,1,5,STANDING,0.9898771
11364,1,5,STANDING,0.9871195
11365,1,5,STANDING,0.9859885
11366,1,5,STANDING,0.9875199
11367,1,5,STANDING,0.9899261
11368,1,5,STANDING,0.9889604
11369,1,5,STANDING,0.9882602
11370,1,5,STANDING,0.9894289
11371,1,5,STANDING,0.9889217
11372,1,5,STANDING,0.9895703
11373,1,5,STANDING,0.9909053
11374,1,5,STANDING,0.9899281
11375,1,5,STANDING,0.9890797
11376,1,5,STANDING,0.9877584
11377,1,5,STANDING,0.9860529
11378,1,5,STANDING,0.9863848
11379,1,5,STANDING,0.9878906
11380,1,5,STANDING,0.9894471
11381,1,5,STANDING,0.988975
11382,1,5,STANDING,0.9874759
11383,1,5,STANDING,0.9877119
11384,1,5,STANDING,0.9886768
11385,1,5,STANDING,0.9909034
11386,1,5,STANDING,0.9917798
11387,1,5,STANDING,0.9879015
11388,1,5,STANDING,0.9853499
11389,1,5,STANDING,0.9886365
11390,1,5,STANDING,0.9915862
11391,1,5,STANDING,0.989323
11392,1,5,STANDING,0.9878842
11393,1,5,STANDING,0.9894747
11394,1,5,STANDING,0.9890507
11395,1,5,STANDING,0.9896211
11396,1,5,STANDING,0.9918524
11397,1,5,STANDING,0.9921344
11398,1,5,STANDING,0.9934016
11399,1,5,STANDING,0.9950194
11400,1,5,STANDING,0.99476
11401,1,5,STANDING,0.9950452
11402,1,5,STANDING,0.9954801
11403,1,5,STANDING,0.9925043
11404,1,5,STANDING,0.9889557
11405,1,5,STANDING,0.9909512
11406,1,5,STANDING,0.9930435
11407,1,5,STANDING,0.9919753
11408,1,5,STANDING,0.9932379
11409,1,5,STANDING,0.99359
11410,1,5,STANDING,0.9924336
11411,1,5,STANDING,0.9928271
11412,1,5,STANDING,0.9899115
11413,1,5,STANDING,0.9850975
11414,1,5,STANDING,0.984067
11415,1,5,STANDING,0.9857494
11416,1,5,STANDING,0.9866933
11417,1,5,STANDING,0.9859239
11418,1,5,STANDING,0.9863075
11419,1,5,STANDING,0.9894249
11420,1,5,STANDING,0.9954831
11421,1,5,STANDING,1.000783
11422,1,5,STANDING,0.9986779
11423,1,5,STANDING,0.9950566
11424,1,5,STANDING,0.9935554
11425,1,5,STANDING,0.987809
11426,1,5,STANDING,0.9845105
11427,1,5,STANDING,0.9874
11428,1,5,STANDING,0.9882934
11429,1,5,STANDING,0.9881107
11430,1,5,STANDING,0.9891237
11431,1,5,STANDING,0.9887512
11432,1,5,STANDING,0.9868762
11433,1,5,STANDING,0.9864659
11434,1,5,STANDING,0.9905333
11435,1,5,STANDING,0.9946475
11436,1,5,STANDING,0.9934599
11437,1,5,STANDING,0.9920062
11438,1,5,STANDING,0.9934541
11439,1,5,STANDING,0.9923327
11440,1,5,STANDING,0.9907925
11441,1,5,STANDING,0.9919435
11442,1,5,STANDING,0.9907699
11443,1,5,STANDING,0.9897174
11444,1,5,STANDING,0.9909057
11445,1,5,STANDING,0.9919735
11446,1,5,STANDING,0.9937982
11447,1,5,STANDING,0.9943703
11448,1,5,STANDING,0.995285
11449,1,5,STANDING,0.9972713
11450,1,5,STANDING,0.9953649
11451,1,5,STANDING,0.9900708
11452,1,5,STANDING,0.9865942
11453,1,5,STANDING,0.9905256
11454,1,5,STANDING,0.9953757
11455,1,5,STANDING,0.9927971
11456,1,5,STANDING,0.9915304
11457,1,5,STANDING,0.991444
11458,1,5,STANDING,0.9877666
11459,1,5,STANDING,0.9892869
11460,1,5,STANDING,0.9915381
11461,1,5,STANDING,0.9886451
11462,1,5,STANDING,0.9889217
11463,1,5,STANDING,0.9910644
11464,1,5,STANDING,0.9915209
11465,1,5,STANDING,0.9903206
11466,1,5,STANDING,0.9878471
11467,1,5,STANDING,0.9886324
11468,1,5,STANDING,0.9886672
11469,1,5,STANDING,0.9871263
11470,1,5,STANDING,0.9903415
11471,1,5,STANDING,0.9924522
11472,1,5,STANDING,0.9897669
11473,1,5,STANDING,0.9880161
11474,1,5,STANDING,0.9892569
11475,1,5,STANDING,0.9913045
11476,1,5,STANDING,0.992719
11477,1,5,STANDING,0.9934328
11478,1,5,STANDING,0.9920692
11479,1,5,STANDING,0.9916055
11480,1,5,STANDING,0.9946649
11481,1,5,STANDING,0.9957166
11482,1,5,STANDING,0.9915583
11483,1,5,STANDING,0.9871012
11484,1,5,STANDING,0.9890061
11485,1,5,STANDING,0.9928576
11486,1,5,STANDING,0.9926264
11487,1,5,STANDING,0.9916286
11488,1,5,STANDING,0.9904173
11489,1,5,STANDING,0.9931989
11490,1,5,STANDING,0.9977708
11491,1,5,STANDING,0.9947622
11492,1,5,STANDING,0.9934287
11493,1,5,STANDING,0.9962364
11494,1,5,STANDING,0.995595
11495,1,5,STANDING,0.9949432
11496,1,5,STANDING,0.9946285
11497,1,5,STANDING,0.995908
11498,1,5,STANDING,0.9980561
11499,1,5,STANDING,0.9958865
11500,1,5,STANDING,0.9928455
11501,1,5,STANDING,0.9901197
11502,1,5,STANDING,0.9885939
11503,1,5,STANDING,0.9924354
11504,1,5,STANDING,0.9962093
11505,1,5,STANDING,0.9952031
11506,1,5,STANDING,0.9946138
11507,1,5,STANDING,0.9957748
11508,1,5,STANDING,0.9957098
11509,1,5,STANDING,0.9959285
11510,1,5,STANDING,0.9959876
11511,1,5,STANDING,0.9951522
11512,1,5,STANDING,0.9943203
11513,1,5,STANDING,0.9926283
11514,1,5,STANDING,0.9935667
11515,1,5,STANDING,0.9952427
11516,1,5,STANDING,0.9931973
11517,1,5,STANDING,0.9926034
11518,1,5,STANDING,0.9935247
11519,1,5,STANDING,0.993808
11520,1,5,STANDING,0.9946042
11521,1,5,STANDING,0.9931034
11522,1,5,STANDING,0.989866
11523,1,5,STANDING,0.9884987
11524,1,5,STANDING,0.9905022
11525,1,5,STANDING,0.9925326
11526,1,5,STANDING,0.990689
11527,1,5,STANDING,0.9898973
11528,1,5,STANDING,0.9924292
11529,1,5,STANDING,0.9932573
11530,1,5,STANDING,0.9912895
11531,1,5,STANDING,0.9902229
11532,1,5,STANDING,0.9939204
11533,1,5,STANDING,0.9983132
11534,1,5,STANDING,0.997376
11535,1,5,STANDING,0.9956407
11536,1,5,STANDING,0.9958076
11537,1,5,STANDING,0.9948055
11538,1,5,STANDING,0.9937979
11539,1,5,STANDING,0.9925346
11540,1,5,STANDING,0.9900613
11541,1,5,STANDING,0.9889136
11542,1,5,STANDING,0.9890694
11543,1,5,STANDING,0.9896886
11544,1,5,STANDING,0.9906091
11545,1,5,STANDING,0.9904067
11546,1,5,STANDING,0.9900035
11547,1,5,STANDING,0.9916829
11548,1,5,STANDING,0.9969196
11549,1,5,STANDING,1.003548
11550,1,5,STANDING,1.003509
11551,1,5,STANDING,0.9978884
11552,1,5,STANDING,0.9964084
11553,1,5,STANDING,0.9975561
11554,1,5,STANDING,0.9977608
11555,1,5,STANDING,0.9975875
11556,1,5,STANDING,0.9966218
11557,1,5,STANDING,0.9970363
11558,1,5,STANDING,0.9961407
11559,1,5,STANDING,0.9952997
11560,1,5,STANDING,0.9992211
11561,1,5,STANDING,1.000517
11562,1,5,STANDING,0.9974103
11563,1,5,STANDING,0.9940341
11564,1,5,STANDING,0.9919541
11565,1,5,STANDING,0.9939637
11566,1,5,STANDING,0.9973821
11567,1,5,STANDING,1.000987
11568,1,5,STANDING,1.002502
11569,1,5,STANDING,0.9994565
11570,1,5,STANDING,0.9978078
11571,1,5,STANDING,0.9971457
11572,1,5,STANDING,0.9966482
11573,1,5,STANDING,0.9976403
11574,1,5,STANDING,0.9961364
11575,1,5,STANDING,0.9954962
11576,1,5,STANDING,0.997074
11577,1,5,STANDING,0.9969525
11578,1,5,STANDING,0.9956005
11579,1,5,STANDING,0.9937469
11580,1,5,STANDING,0.9941876
11581,1,5,STANDING,0.9940145
11582,1,5,STANDING,0.9886091
11583,1,5,STANDING,0.9845668
11584,1,5,STANDING,0.985694
11585,1,5,STANDING,0.9870164
11586,1,5,STANDING,0.986662
11587,1,5,STANDING,0.9902279
11588,1,5,STANDING,0.9950452
11589,1,5,STANDING,0.993155
11590,1,5,STANDING,0.9922088
11591,1,5,STANDING,0.9948095
11592,1,5,STANDING,0.9942653
11593,1,5,STANDING,0.993439
11594,1,5,STANDING,0.9924533
11595,1,5,STANDING,0.9900269
11596,1,5,STANDING,0.9877531
11597,1,5,STANDING,0.9848209
11598,1,5,STANDING,0.9831322
11599,1,5,STANDING,0.984806
11600,1,5,STANDING,0.9881974
11601,1,5,STANDING,0.9889467
11602,1,5,STANDING,0.9891063
11603,1,5,STANDING,0.9930216
11604,1,5,STANDING,0.9949994
11605,1,5,STANDING,0.9928027
11606,1,5,STANDING,0.9915241
11607,1,5,STANDING,0.9949859
11608,1,5,STANDING,0.9985261
11609,1,5,STANDING,0.9939172
11610,1,5,STANDING,0.9886947
11611,1,5,STANDING,0.9888089
11612,1,5,STANDING,0.9896645
11613,1,5,STANDING,0.9902576
11614,1,5,STANDING,0.9876409
11615,1,5,STANDING,0.9852556
11616,1,5,STANDING,0.9879976
11617,1,5,STANDING,0.9898244
11618,1,5,STANDING,0.9887902
11619,1,5,STANDING,0.9885279
11620,1,5,STANDING,0.9888485
11621,1,5,STANDING,0.9870684
11622,1,5,STANDING,0.9862457
11623,1,5,STANDING,0.9906481
11624,1,5,STANDING,0.9946476
11625,1,5,STANDING,0.9930406
11626,1,5,STANDING,0.9904649
11627,1,5,STANDING,0.9908081
11628,1,5,STANDING,0.9897556
11629,1,5,STANDING,0.9864968
11630,1,5,STANDING,0.9854791
11631,1,5,STANDING,0.9864908
11632,1,5,STANDING,0.9881995
11633,1,5,STANDING,0.9892344
11634,1,5,STANDING,0.9891986
11635,1,5,STANDING,0.9896514
11636,1,5,STANDING,0.9902863
11637,1,5,STANDING,0.9897041
11638,1,5,STANDING,0.9884377
11639,1,5,STANDING,0.990102
11640,1,5,STANDING,0.9927846
11641,1,5,STANDING,0.9932374
11642,1,5,STANDING,0.9929429
11643,1,5,STANDING,0.9910108
11644,1,5,STANDING,0.9895386
11645,1,5,STANDING,0.9894505
11646,1,5,STANDING,0.9892107
11647,1,5,STANDING,0.9914923
11648,1,5,STANDING,0.9934504
11649,1,5,STANDING,0.9906424
11650,1,5,STANDING,0.9878307
11651,1,5,STANDING,0.9920387
11652,1,5,STANDING,1.000189
11653,1,5,STANDING,1.002477
11654,1,5,STANDING,0.9927109
11655,1,5,STANDING,0.9788586
11656,1,5,STANDING,0.9800094
11657,1,5,STANDING,0.9908948
11658,1,5,STANDING,0.9939684
11659,1,5,STANDING,0.9903179
11660,1,5,STANDING,0.9836226
11661,1,5,STANDING,0.9825608
11662,1,5,STANDING,0.9880212
11663,1,5,STANDING,0.9894794
11664,1,5,STANDING,0.9892641
11665,1,5,STANDING,0.9881513
11666,1,5,STANDING,0.9865292
11667,1,5,STANDING,0.9844949
11668,1,5,STANDING,0.9825422
11669,1,5,STANDING,0.9876339
11670,1,5,STANDING,0.9914637
11671,1,5,STANDING,0.9909857
11672,1,5,STANDING,0.9920443
11673,1,5,STANDING,0.9917238
11674,1,5,STANDING,0.9925582
11675,1,5,STANDING,0.9934371
11676,1,5,STANDING,0.9923988
11677,1,5,STANDING,0.9904721
11678,1,5,STANDING,0.9878956
11679,1,5,STANDING,0.9887509
11680,1,5,STANDING,0.9894468
11681,1,5,STANDING,0.9884687
11682,1,5,STANDING,0.9890179
11683,1,5,STANDING,0.9889555
11684,1,5,STANDING,0.9887743
11685,1,5,STANDING,0.988962
11686,1,5,STANDING,0.9890481
11687,1,5,STANDING,0.989601
11688,1,5,STANDING,0.9896475
11689,1,5,STANDING,0.9887576
11690,1,5,STANDING,0.9883489
11691,1,5,STANDING,0.9885183
11692,1,5,STANDING,0.9878803
11693,1,5,STANDING,0.9883238
11694,1,5,STANDING,0.9890737
11695,1,5,STANDING,0.9880609
11696,1,5,STANDING,0.9886754
11697,1,5,STANDING,0.9914091
11698,1,5,STANDING,0.9924835
11699,1,5,STANDING,0.9904315
11700,1,5,STANDING,0.9895782
11701,1,5,STANDING,0.9906736
11702,1,5,STANDING,0.9891782
11703,1,5,STANDING,0.9888045
11704,1,5,STANDING,0.9909629
11705,1,5,STANDING,0.991835
11706,1,5,STANDING,0.9911247
11707,1,5,STANDING,0.9895529
11708,1,5,STANDING,0.9904554
11709,1,5,STANDING,0.9916688
11710,1,5,STANDING,0.9913709
11711,1,5,STANDING,0.991388
11712,1,5,STANDING,0.9878975
11713,1,5,STANDING,0.9852065
11714,1,5,STANDING,0.9878755
11715,1,5,STANDING,0.9898622
11716,1,5,STANDING,0.9890864
11717,1,5,STANDING,0.9892389
11718,1,5,STANDING,0.9908095
11719,1,5,STANDING,0.989108
11720,1,5,STANDING,0.9862905
11721,1,5,STANDING,0.9860039
11722,1,5,STANDING,0.9869103
11723,1,5,STANDING,0.9917124
11724,1,5,STANDING,0.9954219
11725,1,5,STANDING,0.9911951
11726,1,5,STANDING,0.9869262
11727,1,5,STANDING,0.9888416
11728,1,5,STANDING,0.989968
11729,1,5,STANDING,0.9879837
11730,1,5,STANDING,0.9890495
11731,1,5,STANDING,0.9893877
11732,1,5,STANDING,0.9881564
11733,1,5,STANDING,0.9894255
11734,1,5,STANDING,0.9887748
11735,1,5,STANDING,0.9886026
11736,1,5,STANDING,0.9895579
11737,1,5,STANDING,0.9893316
11738,1,5,STANDING,0.9909588
11739,1,5,STANDING,0.9913264
11740,1,5,STANDING,0.9914682
11741,1,5,STANDING,0.9918614
11742,1,5,STANDING,0.9894347
11743,1,5,STANDING,0.9882721
11744,1,5,STANDING,0.987981
11745,1,5,STANDING,0.9876664
11746,1,5,STANDING,0.9894416
11747,1,5,STANDING,0.991529
11748,1,5,STANDING,0.9913554
11749,1,5,STANDING,0.9895994
11750,1,5,STANDING,0.9905293
11751,1,5,STANDING,0.9925661
11752,1,5,STANDING,0.9931378
11753,1,5,STANDING,0.9932849
11754,1,5,STANDING,0.9911232
11755,1,5,STANDING,0.9881241
11756,1,5,STANDING,0.9870567
11757,1,5,STANDING,0.9888068
11758,1,5,STANDING,0.9900682
11759,1,5,STANDING,0.988223
11760,1,5,STANDING,0.990246
11761,1,5,STANDING,0.993973
11762,1,5,STANDING,0.9945343
11763,1,5,STANDING,0.9946571
11764,1,5,STANDING,0.9922161
11765,1,5,STANDING,0.9911696
11766,1,5,STANDING,0.9934754
11767,1,5,STANDING,0.9957609
11768,1,5,STANDING,0.998135
11769,1,5,STANDING,0.9957125
11770,1,5,STANDING,0.9912835
11771,1,5,STANDING,0.9899321
11772,1,5,STANDING,0.990625
11773,1,5,STANDING,0.9926258
11774,1,5,STANDING,0.9915981
11775,1,5,STANDING,0.9912552
11776,1,5,STANDING,0.9934574
11777,1,5,STANDING,0.9937814
11778,1,5,STANDING,0.9939525
11779,1,5,STANDING,0.9901841
11780,1,5,STANDING,0.9856044
11781,1,5,STANDING,0.9878053
11782,1,5,STANDING,0.9901207
11783,1,5,STANDING,0.99021
11784,1,5,STANDING,0.9904022
11785,1,5,STANDING,0.9892247
11786,1,5,STANDING,0.9885278
11787,1,5,STANDING,0.9891682
11788,1,5,STANDING,0.990012
11789,1,5,STANDING,0.9913605
11790,1,5,STANDING,0.9921035
11791,1,5,STANDING,0.9908342
11792,1,5,STANDING,0.9879725
11793,1,5,STANDING,0.9851995
11794,1,5,STANDING,0.9857452
11795,1,5,STANDING,0.9878574
11796,1,5,STANDING,0.9875916
11797,1,5,STANDING,0.9882595
11798,1,5,STANDING,0.98948
11799,1,5,STANDING,0.9886627
11800,1,5,STANDING,0.9888519
11801,1,5,STANDING,0.9890516
11802,1,5,STANDING,0.9888752
11803,1,5,STANDING,0.9902969
11804,1,5,STANDING,0.9922536
11805,1,5,STANDING,0.9937027
11806,1,5,STANDING,0.9927853
11807,1,5,STANDING,0.9906571
11808,1,5,STANDING,0.9891974
11809,1,5,STANDING,0.9883025
11810,1,5,STANDING,0.9887133
11811,1,5,STANDING,0.987329
11812,1,5,STANDING,0.9855489
11813,1,5,STANDING,0.9884904
11814,1,5,STANDING,0.9924767
11815,1,5,STANDING,0.9935655
11816,1,5,STANDING,0.992209
11817,1,5,STANDING,0.9910135
11818,1,5,STANDING,0.9916536
11819,1,5,STANDING,0.9909766
11820,1,5,STANDING,0.9898909
11821,1,5,STANDING,0.9912497
11822,1,5,STANDING,0.9917703
11823,1,5,STANDING,0.9897838
11824,1,5,STANDING,0.9885883
11825,1,5,STANDING,0.9905787
11826,1,5,STANDING,0.9924205
11827,1,5,STANDING,0.9907347
11828,1,5,STANDING,0.9895749
11829,1,5,STANDING,0.990746
11830,1,5,STANDING,0.9908955
11831,1,5,STANDING,0.9901043
11832,1,5,STANDING,0.9893549
11833,1,5,STANDING,0.9891613
11834,1,5,STANDING,0.9892086
11835,1,5,STANDING,0.9884982
11836,1,5,STANDING,0.9892707
11837,1,5,STANDING,0.9909984
11838,1,5,STANDING,0.991635
11839,1,5,STANDING,0.9910271
11840,1,5,STANDING,0.9887523
11841,1,5,STANDING,0.9884543
11842,1,5,STANDING,0.9893769
11843,1,5,STANDING,0.9885622
11844,1,5,STANDING,0.9889709
11845,1,5,STANDING,0.9888558
11846,1,5,STANDING,0.987719
11847,1,5,STANDING,0.987505
11848,1,5,STANDING,0.9874023
11849,1,5,STANDING,0.9886115
11850,1,5,STANDING,0.9897238
11851,1,5,STANDING,0.9914359
11852,1,5,STANDING,0.9939636
11853,1,5,STANDING,0.9927438
11854,1,5,STANDING,0.9898154
11855,1,5,STANDING,0.9883997
11856,1,5,STANDING,0.9891127
11857,1,5,STANDING,0.9920061
11858,1,5,STANDING,0.9928422
11859,1,5,STANDING,0.9887414
11860,1,5,STANDING,0.9852925
11861,1,5,STANDING,0.9901582
11862,1,5,STANDING,0.9952515
11863,1,5,STANDING,0.9910555
11864,1,5,STANDING,0.9886303
11865,1,5,STANDING,0.991175
11866,1,5,STANDING,0.9900704
11867,1,5,STANDING,0.9889399
11868,1,5,STANDING,0.9891171
11869,1,5,STANDING,0.9886546
11870,1,5,STANDING,0.9900358
11871,1,5,STANDING,0.9909544
11872,1,5,STANDING,0.9919054
11873,1,5,STANDING,0.992628
11874,1,5,STANDING,0.9878202
11875,1,5,STANDING,0.9827267
11876,1,5,STANDING,0.9846551
11877,1,5,STANDING,0.9877549
11878,1,5,STANDING,0.9874974
11879,1,5,STANDING,0.9884608
11880,1,5,STANDING,0.9894169
11881,1,5,STANDING,0.9880096
11882,1,5,STANDING,0.9863562
11883,1,5,STANDING,0.9843086
11884,1,5,STANDING,0.9861561
11885,1,5,STANDING,0.9912742
11886,1,5,STANDING,0.9959776
11887,1,5,STANDING,1.000951
11888,1,5,STANDING,0.9959202
11889,1,5,STANDING,0.9848776
11890,1,5,STANDING,0.9833957
11891,1,5,STANDING,0.9840053
11892,1,5,STANDING,0.9847191
11893,1,5,STANDING,0.9898519
11894,1,5,STANDING,0.9931468
11895,1,5,STANDING,0.9958144
11896,1,5,STANDING,0.9957586
11897,1,5,STANDING,0.9919943
11898,1,5,STANDING,0.9911947
11899,1,5,STANDING,0.9899429
11900,1,5,STANDING,0.9885351
11901,1,5,STANDING,0.9884916
11902,1,5,STANDING,0.98748
11903,1,5,STANDING,0.9913839
11904,1,5,STANDING,0.9964821
11905,1,5,STANDING,0.9958534
11906,1,5,STANDING,0.9935782
11907,1,5,STANDING,0.9910998
11908,1,5,STANDING,0.9885911
11909,1,5,STANDING,0.9869623
11910,1,5,STANDING,0.9878068
11911,1,5,STANDING,0.9916689
11912,1,5,STANDING,0.9930067
11913,1,5,STANDING,0.9888429
11914,1,5,STANDING,0.984656
11915,1,5,STANDING,0.9874373
11916,1,5,STANDING,0.9907714
11917,1,5,STANDING,0.9882134
11918,1,5,STANDING,0.9886335
11919,1,5,STANDING,0.9906589
11920,1,5,STANDING,0.9898374
11921,1,5,STANDING,0.9909912
11922,1,5,STANDING,0.9920595
11923,1,5,STANDING,0.9932514
11924,1,5,STANDING,0.9928692
11925,1,5,STANDING,0.9877924
11926,1,5,STANDING,0.9856017
11927,1,5,STANDING,0.9884974
11928,1,5,STANDING,0.9915856
11929,1,5,STANDING,0.990612
11930,1,5,STANDING,0.9891817
11931,1,5,STANDING,0.991109
11932,1,5,STANDING,0.9901823
11933,1,5,STANDING,0.989741
11934,1,5,STANDING,0.9908605
11935,1,5,STANDING,0.9888127
11936,1,5,STANDING,0.9887705
11937,1,5,STANDING,0.989037
11938,1,5,STANDING,0.9889704
11939,1,5,STANDING,0.991046
11940,1,5,STANDING,0.9915397
11941,1,5,STANDING,0.9902117
11942,1,5,STANDING,0.9880511
11943,1,5,STANDING,0.9885841
11944,1,5,STANDING,0.9897182
11945,1,5,STANDING,0.9882217
11946,1,5,STANDING,0.9892405
11947,1,5,STANDING,0.990069
11948,1,5,STANDING,0.9898674
11949,1,5,STANDING,0.9899419
11950,1,5,STANDING,0.9885472
11951,1,5,STANDING,0.9907941
11952,1,5,STANDING,0.9934275
11953,1,5,STANDING,0.9922984
11954,1,5,STANDING,0.9920997
11955,1,5,STANDING,0.9923147
11956,1,5,STANDING,0.9911593
11957,1,5,STANDING,0.9886491
11958,1,5,STANDING,0.9868212
11959,1,5,STANDING,0.98754
11960,1,5,STANDING,0.9886869
11961,1,5,STANDING,0.989096
11962,1,5,STANDING,0.9892101
11963,1,5,STANDING,0.9906265
11964,1,5,STANDING,0.9921091
11965,1,5,STANDING,0.9907261
11966,1,5,STANDING,0.9887702
11967,1,5,STANDING,0.9886706
11968,1,5,STANDING,0.9890656
11969,1,5,STANDING,0.9889994
11970,1,5,STANDING,0.9897533
11971,1,5,STANDING,0.9904631
11972,1,5,STANDING,0.9893844
11973,1,5,STANDING,0.9884852
11974,1,5,STANDING,0.9894013
11975,1,5,STANDING,0.9917756
11976,1,5,STANDING,0.9935579
11977,1,5,STANDING,0.9924598
11978,1,5,STANDING,0.9909053
11979,1,5,STANDING,0.9917218
11980,1,5,STANDING,0.9922492
11981,1,5,STANDING,0.9921369
11982,1,5,STANDING,0.9934917
11983,1,5,STANDING,0.9934737
11984,1,5,STANDING,0.9932665
11985,1,5,STANDING,0.9940256
11986,1,5,STANDING,0.9917305
11987,1,5,STANDING,0.9898364
11988,1,5,STANDING,0.9896017
11989,1,5,STANDING,0.9884066
11990,1,5,STANDING,0.9888458
11991,1,5,STANDING,0.9888521
11992,1,5,STANDING,0.9867934
11993,1,5,STANDING,0.9862467
11994,1,5,STANDING,0.9886046
11995,1,5,STANDING,0.9917403
11996,1,5,STANDING,0.9919653
11997,1,5,STANDING,0.9910146
11998,1,5,STANDING,0.9905084
11999,1,5,STANDING,0.9894244
12000,1,5,STANDING,0.989663
12001,1,5,STANDING,0.9892883
12002,1,5,STANDING,0.990146
12003,1,5,STANDING,0.9937826
12004,1,5,STANDING,0.9929896
12005,1,5,STANDING,0.9906467
12006,1,5,STANDING,0.9902907
12007,1,5,STANDING,0.9899412
12008,1,5,STANDING,0.9917699
12009,1,5,STANDING,0.9926704
12010,1,5,STANDING,0.9917874
12011,1,5,STANDING,0.9900128
12012,1,5,STANDING,0.9879646
12013,1,5,STANDING,0.9899683
12014,1,5,STANDING,0.9910092
12015,1,5,STANDING,0.9895976
12016,1,5,STANDING,0.989588
12017,1,5,STANDING,0.9886248
12018,1,5,STANDING,0.9886537
12019,1,5,STANDING,0.9892734
12020,1,5,STANDING,0.9887958
12021,1,5,STANDING,0.9898598
12022,1,5,STANDING,0.9906234
12023,1,5,STANDING,0.9900704
12024,1,5,STANDING,0.9892998
12025,1,5,STANDING,0.9886478
12026,1,5,STANDING,0.9891923
12027,1,5,STANDING,0.9907979
12028,1,5,STANDING,0.9921626
12029,1,5,STANDING,0.9920297
12030,1,5,STANDING,0.9921933
12031,1,5,STANDING,0.993159
12032,1,5,STANDING,0.9914303
12033,1,5,STANDING,0.9895232
12034,1,5,STANDING,0.991397
12035,1,5,STANDING,0.9932354
12036,1,5,STANDING,0.9930631
12037,1,5,STANDING,0.9929002
12038,1,5,STANDING,0.99216
12039,1,5,STANDING,0.9911605
12040,1,5,STANDING,0.9907542
12041,1,5,STANDING,0.990499
12042,1,5,STANDING,0.9918742
12043,1,5,STANDING,0.9938031
12044,1,5,STANDING,0.9933962
12045,1,5,STANDING,0.993451
12046,1,5,STANDING,0.9945058
12047,1,5,STANDING,0.9918816
12048,1,5,STANDING,0.9891934
12049,1,5,STANDING,0.9912163
12050,1,5,STANDING,0.9924658
12051,1,5,STANDING,0.9911415
12052,1,5,STANDING,0.9906933
12053,1,5,STANDING,0.9897111
12054,1,5,STANDING,0.9873056
12055,1,5,STANDING,0.9864388
12056,1,5,STANDING,0.990222
12057,1,5,STANDING,0.9948958
12058,1,5,STANDING,0.9934775
12059,1,5,STANDING,0.9915914
12060,1,5,STANDING,0.9928449
12061,1,5,STANDING,0.9904974
12062,1,5,STANDING,0.9892915
12063,1,5,STANDING,0.9910944
12064,1,5,STANDING,0.9901401
12065,1,5,STANDING,0.9910107
12066,1,5,STANDING,0.9923699
12067,1,5,STANDING,0.9909657
12068,1,5,STANDING,0.9897751
12069,1,5,STANDING,0.9875183
12070,1,5,STANDING,0.9870547
12071,1,5,STANDING,0.9888685
12072,1,5,STANDING,0.9890075
12073,1,5,STANDING,0.988919
12074,1,5,STANDING,0.9888425
12075,1,5,STANDING,0.9888497
12076,1,5,STANDING,0.989009
12077,1,5,STANDING,0.988754
12078,1,5,STANDING,0.9895072
12079,1,5,STANDING,0.9915682
12080,1,5,STANDING,0.9938037
12081,1,5,STANDING,0.9934781
12082,1,5,STANDING,0.9919855
12083,1,5,STANDING,0.9917989
12084,1,5,STANDING,0.9907595
12085,1,5,STANDING,0.9913247
12086,1,5,STANDING,0.9923864
12087,1,5,STANDING,0.9901993
12088,1,5,STANDING,0.9901211
12089,1,5,STANDING,0.9915708
12090,1,5,STANDING,0.9914027
12091,1,5,STANDING,0.9909186
12092,1,5,STANDING,0.9888947
12093,1,5,STANDING,0.9880731
12094,1,5,STANDING,0.9875208
12095,1,5,STANDING,0.9851327
12096,1,5,STANDING,0.9852553
12097,1,5,STANDING,0.9856669
12098,1,5,STANDING,0.9851673
12099,1,5,STANDING,0.9861469
12100,1,5,STANDING,0.9878238
12101,1,5,STANDING,0.9898427
12102,1,5,STANDING,0.9899654
12103,1,5,STANDING,0.9899187
12104,1,5,STANDING,0.9907076
12105,1,5,STANDING,0.9890684
12106,1,5,STANDING,0.9884838
12107,1,5,STANDING,0.9891906
12108,1,5,STANDING,0.9886919
12109,1,5,STANDING,0.9889831
12110,1,5,STANDING,0.9890902
12111,1,5,STANDING,0.9896544
12112,1,5,STANDING,0.9907296
12113,1,5,STANDING,0.9900507
12114,1,5,STANDING,0.989248
12115,1,5,STANDING,0.9887511
12116,1,5,STANDING,0.9890676
12117,1,5,STANDING,0.9910853
12118,1,5,STANDING,0.9929953
12119,1,5,STANDING,0.9935093
12120,1,5,STANDING,0.992322
12121,1,5,STANDING,0.9899047
12122,1,5,STANDING,0.9865316
12123,1,5,STANDING,0.9854058
12124,1,5,STANDING,0.9883611
12125,1,5,STANDING,0.9892676
12126,1,5,STANDING,0.9868415
12127,1,5,STANDING,0.9855461
12128,1,5,STANDING,0.9861444
12129,1,5,STANDING,0.9873856
12130,1,5,STANDING,0.9875861
12131,1,5,STANDING,0.9874893
12132,1,5,STANDING,0.987404
12133,1,5,STANDING,0.9864464
12134,1,5,STANDING,0.9859781
12135,1,5,STANDING,0.9859769
12136,1,5,STANDING,0.986217
12137,1,5,STANDING,0.9861842
12138,1,5,STANDING,0.9859092
12139,1,5,STANDING,0.9863025
12140,1,5,STANDING,0.9862215
12141,1,5,STANDING,0.9869224
12142,1,5,STANDING,0.9879507
12143,1,5,STANDING,0.9879599
12144,1,5,STANDING,0.9900787
12145,1,5,STANDING,0.9925907
12146,1,5,STANDING,0.9917539
12147,1,5,STANDING,0.9901702
12148,1,5,STANDING,0.9902961
12149,1,5,STANDING,0.990674
12150,1,5,STANDING,0.9919046
12151,1,5,STANDING,0.9938053
12152,1,5,STANDING,0.9927942
12153,1,5,STANDING,0.9902778
12154,1,5,STANDING,0.9874288
12155,1,5,STANDING,0.9849529
12156,1,5,STANDING,0.9861176
12157,1,5,STANDING,0.9867159
12158,1,5,STANDING,0.9859078
12159,1,5,STANDING,0.988099
12160,1,5,STANDING,0.9890247
12161,1,5,STANDING,0.9815565
12162,1,5,STANDING,0.9805745
12163,1,5,STANDING,0.983279
12164,1,5,STANDING,0.9801217
12165,1,5,STANDING,0.9763432
12166,1,5,STANDING,0.970548
12167,1,5,STANDING,0.9692455
12168,1,5,STANDING,0.973655
12169,1,5,STANDING,0.9750271
12170,1,5,STANDING,0.9816342
12171,1,5,STANDING,0.988571
12172,1,5,STANDING,0.9867915
12173,1,5,STANDING,0.9862789
12174,1,5,STANDING,0.9874332
12175,1,5,STANDING,0.9880339
12176,1,5,STANDING,0.9916932
12177,1,5,STANDING,0.9958481
12178,1,5,STANDING,0.9958051
12179,1,5,STANDING,0.9909208
12180,1,5,STANDING,0.9875884
12181,1,5,STANDING,0.989795
12182,1,5,STANDING,0.9927161
12183,1,5,STANDING,0.9950133
12184,1,5,STANDING,1.00003
12185,1,5,STANDING,1.001829
12186,1,5,STANDING,0.9947358
12187,1,5,STANDING,0.9892698
12188,1,5,STANDING,0.9913935
12189,1,5,STANDING,0.9916749
12190,1,5,STANDING,0.9883993
12191,1,5,STANDING,0.9893524
12192,1,5,STANDING,0.993977
12193,1,5,STANDING,0.9958948
12194,1,5,STANDING,0.9919534
12195,1,5,STANDING,0.9863726
12196,1,5,STANDING,0.9867168
12197,1,5,STANDING,0.9871059
12198,1,5,STANDING,0.9845201
12199,1,5,STANDING,0.9860185
12200,1,5,STANDING,0.9859548
12201,1,5,STANDING,0.9861466
12202,1,5,STANDING,0.9895667
12203,1,5,STANDING,0.9895746
12204,1,5,STANDING,0.9921052
12205,1,5,STANDING,0.9930744
12206,1,5,STANDING,0.9910501
12207,1,5,STANDING,0.9941146
12208,1,5,STANDING,0.993507
12209,1,5,STANDING,0.9929525
12210,1,5,STANDING,0.9949964
12211,1,5,STANDING,0.9900862
12212,1,5,STANDING,0.9857785
12213,1,5,STANDING,0.9860211
12214,1,5,STANDING,0.9880071
12215,1,5,STANDING,0.9897547
12216,1,5,STANDING,0.9886623
12217,1,5,STANDING,0.9887271
12218,1,5,STANDING,0.9889707
12219,1,5,STANDING,0.9877796
12220,1,5,STANDING,0.9880782
12221,1,5,STANDING,0.9909018
12222,1,5,STANDING,0.994356
12223,1,5,STANDING,0.9932563
12224,1,5,STANDING,0.9911944
12225,1,5,STANDING,0.992741
12226,1,5,STANDING,0.9951093
12227,1,5,STANDING,0.9979513
12228,1,5,STANDING,0.9971181
12229,1,5,STANDING,0.9936953
12230,1,5,STANDING,0.9925085
12231,1,5,STANDING,0.9887606
12232,1,5,STANDING,0.9879294
12233,1,5,STANDING,0.9928945
12234,1,5,STANDING,0.9933357
12235,1,5,STANDING,0.9916098
12236,1,5,STANDING,0.9902093
12237,1,5,STANDING,0.9896365
12238,1,5,STANDING,0.9925593
12239,1,5,STANDING,0.9917255
12240,1,5,STANDING,0.9883104
12241,1,5,STANDING,0.9854021
12242,1,5,STANDING,0.9829141
12243,1,5,STANDING,0.988507
12244,1,5,STANDING,0.9940817
12245,1,5,STANDING,0.9902678
12246,1,5,STANDING,0.9871984
12247,1,5,STANDING,0.9877154
12248,1,5,STANDING,0.9876572
12249,1,5,STANDING,0.9892576
12250,1,5,STANDING,0.991418
12251,1,5,STANDING,0.992016
12252,1,5,STANDING,0.9933017
12253,1,5,STANDING,0.9935541
12254,1,5,STANDING,0.9925134
12255,1,5,STANDING,0.9932424
12256,1,5,STANDING,0.9930491
12257,1,5,STANDING,0.9918352
12258,1,5,STANDING,0.9916624
12259,1,5,STANDING,0.9914647
12260,1,5,STANDING,0.991976
12261,1,5,STANDING,0.9926293
12262,1,5,STANDING,0.9931174
12263,1,5,STANDING,0.9933756
12264,1,5,STANDING,0.9922097
12265,1,5,STANDING,0.9904366
12266,1,5,STANDING,0.9882556
12267,1,5,STANDING,0.9882855
12268,1,5,STANDING,0.9897302
12269,1,5,STANDING,0.9885225
12270,1,5,STANDING,0.9886672
12271,1,5,STANDING,0.9897782
12272,1,5,STANDING,0.9901929
12273,1,5,STANDING,0.9920554
12274,1,5,STANDING,0.9902124
12275,1,5,STANDING,0.9879653
12276,1,5,STANDING,0.9910062
12277,1,5,STANDING,0.9921426
12278,1,5,STANDING,0.9896755
12279,1,5,STANDING,0.9881952
12280,1,5,STANDING,0.9891755
12281,1,5,STANDING,0.9907435
12282,1,5,STANDING,0.990098
12283,1,5,STANDING,0.9886013
12284,1,5,STANDING,0.988624
12285,1,5,STANDING,0.9906791
12286,1,5,STANDING,0.9932955
12287,1,5,STANDING,0.9944735
12288,1,5,STANDING,0.992052
12289,1,5,STANDING,0.9877417
12290,1,5,STANDING,0.9876071
12291,1,5,STANDING,0.9887653
12292,1,5,STANDING,0.9903337
12293,1,5,STANDING,0.9945423
12294,1,5,STANDING,0.9934164
12295,1,5,STANDING,0.9908742
12296,1,5,STANDING,0.9923097
12297,1,5,STANDING,0.9910562
12298,1,5,STANDING,0.9899979
12299,1,5,STANDING,0.9906636
12300,1,5,STANDING,0.9914854
12301,1,5,STANDING,0.9927323
12302,1,5,STANDING,0.9920003
12303,1,5,STANDING,0.9931624
12304,1,5,STANDING,0.9934685
12305,1,5,STANDING,0.9903718
12306,1,5,STANDING,0.9901812
12307,1,5,STANDING,0.9900318
12308,1,5,STANDING,0.9892583
12309,1,5,STANDING,0.9895475
12310,1,5,STANDING,0.991002
12311,1,5,STANDING,0.9938121
12312,1,5,STANDING,0.9906512
12313,1,5,STANDING,0.9867214
12314,1,5,STANDING,0.987982
12315,1,5,STANDING,0.9876799
12316,1,5,STANDING,0.9886933
12317,1,5,STANDING,0.9898772
12318,1,5,STANDING,0.9881526
12319,1,5,STANDING,0.9889652
12320,1,5,STANDING,0.9898362
12321,1,5,STANDING,0.9910552
12322,1,5,STANDING,0.9941836
12323,1,5,STANDING,0.9928372
12324,1,5,STANDING,0.9893495
12325,1,5,STANDING,0.9877719
12326,1,5,STANDING,0.9870067
12327,1,5,STANDING,0.9889623
12328,1,5,STANDING,0.9912574
12329,1,5,STANDING,0.9918139
12330,1,5,STANDING,0.9920316
12331,1,5,STANDING,0.9913046
12332,1,5,STANDING,0.9915088
12333,1,5,STANDING,0.9909013
12334,1,5,STANDING,0.988703
12335,1,5,STANDING,0.9893193
12336,1,5,STANDING,0.9916479
12337,1,5,STANDING,0.9932406
12338,1,5,STANDING,0.9908567
12339,1,5,STANDING,0.9876197
12340,1,5,STANDING,0.990788
12341,1,5,STANDING,0.9929509
12342,1,5,STANDING,0.9911166
12343,1,5,STANDING,0.9916046
12344,1,5,STANDING,0.9916007
12345,1,5,STANDING,0.9899882
12346,1,5,STANDING,0.9898836
12347,1,5,STANDING,0.9900385
12348,1,5,STANDING,0.987846
12349,1,5,STANDING,0.9857282
12350,1,5,STANDING,0.9873199
12351,1,5,STANDING,0.9890518
12352,1,5,STANDING,0.9897621
12353,1,5,STANDING,0.9909803
12354,1,5,STANDING,0.9910458
12355,1,5,STANDING,0.9917447
12356,1,5,STANDING,0.992087
12357,1,5,STANDING,0.9913791
12358,1,5,STANDING,0.9927705
12359,1,5,STANDING,0.992886
12360,1,5,STANDING,0.9902079
12361,1,5,STANDING,0.9883271
12362,1,5,STANDING,0.9893934
12363,1,5,STANDING,0.9912259
12364,1,5,STANDING,0.9900813
12365,1,5,STANDING,0.9898718
12366,1,5,STANDING,0.990491
12367,1,5,STANDING,0.9879342
12368,1,5,STANDING,0.9862879
12369,1,5,STANDING,0.9870981
12370,1,5,STANDING,0.9897149
12371,1,5,STANDING,0.9921007
12372,1,5,STANDING,0.9916462
12373,1,5,STANDING,0.9915908
12374,1,5,STANDING,0.991615
12375,1,5,STANDING,0.9906068
12376,1,5,STANDING,0.9901689
12377,1,5,STANDING,0.9900669
12378,1,5,STANDING,0.9904932
12379,1,5,STANDING,0.9900821
12380,1,5,STANDING,0.9892065
12381,1,5,STANDING,0.9888631
12382,1,5,STANDING,0.9886033
12383,1,5,STANDING,0.9891323
12384,1,5,STANDING,0.9890661
12385,1,5,STANDING,0.9895686
12386,1,5,STANDING,0.9906486
12387,1,5,STANDING,0.9893039
12388,1,5,STANDING,0.9884316
12389,1,5,STANDING,0.989008
12390,1,5,STANDING,0.9891246
12391,1,5,STANDING,0.9897323
12392,1,5,STANDING,0.990352
12393,1,5,STANDING,0.9895491
12394,1,5,STANDING,0.9883713
12395,1,5,STANDING,0.9888659
12396,1,5,STANDING,0.9888495
12397,1,5,STANDING,0.9868005
12398,1,5,STANDING,0.9856851
12399,1,5,STANDING,0.9861473
12400,1,5,STANDING,0.9879575
12401,1,5,STANDING,0.9913169
12402,1,5,STANDING,0.9938926
12403,1,5,STANDING,0.9926153
12404,1,5,STANDING,0.9905354
12405,1,5,STANDING,0.9914389
12406,1,5,STANDING,0.9894055
12407,1,5,STANDING,0.9860252
12408,1,5,STANDING,0.987818
12409,1,5,STANDING,0.9889441
12410,1,5,STANDING,0.9885926
12411,1,5,STANDING,0.9890982
12412,1,5,STANDING,0.9877962
12413,1,5,STANDING,0.9873446
12414,1,5,STANDING,0.9885076
12415,1,5,STANDING,0.9893164
12416,1,5,STANDING,0.9899225
12417,1,5,STANDING,0.9902919
12418,1,5,STANDING,0.9901615
12419,1,5,STANDING,0.9883404
12420,1,5,STANDING,0.9868805
12421,1,5,STANDING,0.9875055
12422,1,5,STANDING,0.9878867
12423,1,5,STANDING,0.9882702
12424,1,5,STANDING,0.9891457
12425,1,5,STANDING,0.9894256
12426,1,5,STANDING,0.9904277
12427,1,5,STANDING,0.9924649
12428,1,5,STANDING,0.9928885
12429,1,5,STANDING,0.9927259
12430,1,5,STANDING,0.9931397
12431,1,5,STANDING,0.9909583
12432,1,5,STANDING,0.9884289
12433,1,5,STANDING,0.9878987
12434,1,5,STANDING,0.9874167
12435,1,5,STANDING,0.9887106
12436,1,5,STANDING,0.9911343
12437,1,5,STANDING,0.992131
12438,1,5,STANDING,0.9910786
12439,1,5,STANDING,0.9877429
12440,1,5,STANDING,0.9852346
12441,1,5,STANDING,0.9857233
12442,1,5,STANDING,0.9870849
12443,1,5,STANDING,0.9877277
12444,1,5,STANDING,0.9889484
12445,1,5,STANDING,0.9886742
12446,1,5,STANDING,0.9868735
12447,1,5,STANDING,0.9893643
12448,1,5,STANDING,0.9913898
12449,1,5,STANDING,0.9898019
12450,1,5,STANDING,0.9901001
12451,1,5,STANDING,0.9895833
12452,1,5,STANDING,0.9883833
12453,1,5,STANDING,0.9896928
12454,1,5,STANDING,0.9925366
12455,1,5,STANDING,0.9951313
12456,1,5,STANDING,0.9927151
12457,1,5,STANDING,0.9885219
12458,1,5,STANDING,0.9894592
12459,1,5,STANDING,0.9936401
12460,1,5,STANDING,0.9959759
12461,1,5,STANDING,0.991056
12462,1,5,STANDING,0.9848441
12463,1,5,STANDING,0.9874874
12464,1,5,STANDING,0.990277
12465,1,5,STANDING,0.989701
12466,1,5,STANDING,0.9925926
12467,1,5,STANDING,0.9924071
12468,1,5,STANDING,0.9913954
12469,1,5,STANDING,0.9938526
12470,1,5,STANDING,0.9908237
12471,1,5,STANDING,0.9873247
12472,1,5,STANDING,0.9873425
12473,1,5,STANDING,0.986097
12474,1,5,STANDING,0.9852838
12475,1,5,STANDING,0.9842791
12476,1,5,STANDING,0.9849307
12477,1,5,STANDING,0.9872003
12478,1,5,STANDING,0.9889756
12479,1,5,STANDING,0.9922841
12480,1,5,STANDING,0.9927675
12481,1,5,STANDING,0.9885939
12482,1,5,STANDING,0.9848431
12483,1,5,STANDING,0.9865166
12484,1,5,STANDING,0.9901596
12485,1,5,STANDING,0.9896244
12486,1,5,STANDING,0.9913005
12487,1,5,STANDING,0.9936421
12488,1,5,STANDING,0.991475
12489,1,5,STANDING,0.9880407
12490,1,5,STANDING,0.9834739
12491,1,5,STANDING,0.9854729
12492,1,5,STANDING,0.9898372
12493,1,5,STANDING,0.9870266
12494,1,5,STANDING,0.9882312
12495,1,5,STANDING,0.9892064
12496,1,5,STANDING,0.9846249
12497,1,5,STANDING,0.9858971
12498,1,5,STANDING,0.9880184
12499,1,5,STANDING,0.9870645
12500,1,5,STANDING,0.9875712
12501,1,5,STANDING,0.9866451
12502,1,5,STANDING,0.9859606
12503,1,5,STANDING,0.9880454
12504,1,5,STANDING,0.9893238
12505,1,5,STANDING,0.9880972
12506,1,5,STANDING,0.9868819
12507,1,5,STANDING,0.9872248
12508,1,5,STANDING,0.9859866
12509,1,5,STANDING,0.9845816
12510,1,5,STANDING,0.9882258
12511,1,5,STANDING,0.9914819
12512,1,5,STANDING,0.9885429
12513,1,5,STANDING,0.9862135
12514,1,5,STANDING,0.9878351
12515,1,5,STANDING,0.9878648
12516,1,5,STANDING,0.9871683
12517,1,5,STANDING,0.9886767
12518,1,5,STANDING,0.9891943
12519,1,5,STANDING,0.988757
12520,1,5,STANDING,0.9885925
12521,1,5,STANDING,0.9870446
12522,1,5,STANDING,0.9856083
12523,1,5,STANDING,0.9859059
12524,1,5,STANDING,0.9864579
12525,1,5,STANDING,0.9863656
12526,1,5,STANDING,0.9877264
12527,1,5,STANDING,0.989703
12528,1,5,STANDING,0.9889277
12529,1,5,STANDING,0.9884637
12530,1,5,STANDING,0.9892578
12531,1,5,STANDING,0.9887547
12532,1,5,STANDING,0.988817
12533,1,5,STANDING,0.9886961
12534,1,5,STANDING,0.9869523
12535,1,5,STANDING,0.9856447
12536,1,5,STANDING,0.9862517
12537,1,5,STANDING,0.9882665
12538,1,5,STANDING,0.9891127
12539,1,5,STANDING,0.9880789
12540,1,5,STANDING,0.9872428
12541,1,5,STANDING,0.9882922
12542,1,5,STANDING,0.9891437
12543,1,5,STANDING,0.9869711
12544,1,5,STANDING,0.9857101
12545,1,5,STANDING,0.9879814
12546,1,5,STANDING,0.9896505
12547,1,5,STANDING,0.9887586
12548,1,5,STANDING,0.9875888
12549,1,5,STANDING,0.9873371
12550,1,5,STANDING,0.9865095
12551,1,5,STANDING,0.9859957
12552,1,5,STANDING,0.9875963
12553,1,5,STANDING,0.9904693
12554,1,5,STANDING,0.9918708
12555,1,5,STANDING,0.9882159
12556,1,5,STANDING,0.9844556
12557,1,5,STANDING,0.9862872
12558,1,5,STANDING,0.9879445
12559,1,5,STANDING,0.9880504
12560,1,5,STANDING,0.9893929
12561,1,5,STANDING,0.989045
12562,1,5,STANDING,0.9884275
12563,1,5,STANDING,0.9892545
12564,1,5,STANDING,0.9888106
12565,1,5,STANDING,0.9887111
12566,1,5,STANDING,0.9891683
12567,1,5,STANDING,0.98867
12568,1,5,STANDING,0.9889544
12569,1,5,STANDING,0.9889781
12570,1,5,STANDING,0.9887121
12571,1,5,STANDING,0.9890625
12572,1,5,STANDING,0.9886121
12573,1,5,STANDING,0.9879908
12574,1,5,STANDING,0.9874955
12575,1,5,STANDING,0.9881599
12576,1,5,STANDING,0.9894787
12577,1,5,STANDING,0.9888406
12578,1,5,STANDING,0.9882681
12579,1,5,STANDING,0.9877433
12580,1,5,STANDING,0.987208
12581,1,5,STANDING,0.9895621
12582,1,5,STANDING,0.9914177
12583,1,5,STANDING,0.991107
12584,1,5,STANDING,0.9899423
12585,1,5,STANDING,0.9864385
12586,1,5,STANDING,0.9854399
12587,1,5,STANDING,0.9885176
12588,1,5,STANDING,0.9891836
12589,1,5,STANDING,0.9879316
12590,1,5,STANDING,0.9877211
12591,1,5,STANDING,0.9899972
12592,1,5,STANDING,0.992516
12593,1,5,STANDING,0.9899463
12594,1,5,STANDING,0.9873378
12595,1,5,STANDING,0.9874431
12596,1,5,STANDING,0.9857975
12597,1,5,STANDING,0.985912
12598,1,5,STANDING,0.9885044
12599,1,5,STANDING,0.9888699
12600,1,5,STANDING,0.987136
12601,1,5,STANDING,0.9854758
12602,1,5,STANDING,0.9858664
12603,1,5,STANDING,0.986647
12604,1,5,STANDING,0.9858072
12605,1,5,STANDING,0.9862134
12606,1,5,STANDING,0.9873194
12607,1,5,STANDING,0.9872758
12608,1,5,STANDING,0.9868632
12609,1,5,STANDING,0.9858722
12610,1,5,STANDING,0.986792
12611,1,5,STANDING,0.9882545
12612,1,5,STANDING,0.9870602
12613,1,5,STANDING,0.9864749
12614,1,5,STANDING,0.986484
12615,1,5,STANDING,0.9877083
12616,1,5,STANDING,0.9908559
12617,1,5,STANDING,0.9920809
12618,1,5,STANDING,0.9941823
12619,1,5,STANDING,0.9964634
12620,1,5,STANDING,0.9928779
12621,1,5,STANDING,0.9884491
12622,1,5,STANDING,0.9884895
12623,1,5,STANDING,0.9892229
12624,1,5,STANDING,0.9887809
12625,1,5,STANDING,0.9888459
12626,1,5,STANDING,0.9889807
12627,1,5,STANDING,0.9893483
12628,1,5,STANDING,0.9916047
12629,1,5,STANDING,0.992984
12630,1,5,STANDING,0.9888834
12631,1,5,STANDING,0.9850493
12632,1,5,STANDING,0.9903216
12633,1,5,STANDING,0.9950652
12634,1,5,STANDING,0.9900472
12635,1,5,STANDING,0.9874751
12636,1,5,STANDING,0.9913649
12637,1,5,STANDING,0.9920464
12638,1,5,STANDING,0.9892576
12639,1,5,STANDING,0.9864965
12640,1,5,STANDING,0.9858129
12641,1,5,STANDING,0.9880877
12642,1,5,STANDING,0.9895768
12643,1,5,STANDING,0.9887148
12644,1,5,STANDING,0.9877014
12645,1,5,STANDING,0.9874236
12646,1,5,STANDING,0.9875949
12647,1,5,STANDING,0.9884375
12648,1,5,STANDING,0.989223
12649,1,5,STANDING,0.9887111
12650,1,5,STANDING,0.9876728
12651,1,5,STANDING,0.9864582
12652,1,5,STANDING,0.9856831
12653,1,5,STANDING,0.9862002
12654,1,5,STANDING,0.9862542
12655,1,5,STANDING,0.9859316
12656,1,5,STANDING,0.9863876
12657,1,5,STANDING,0.9871867
12658,1,5,STANDING,0.9886
12659,1,5,STANDING,0.9893428
12660,1,5,STANDING,0.9885647
12661,1,5,STANDING,0.9878932
12662,1,5,STANDING,0.9873987
12663,1,5,STANDING,0.9874584
12664,1,5,STANDING,0.9886169
12665,1,5,STANDING,0.9891161
12666,1,5,STANDING,0.9888754
12667,1,5,STANDING,0.9888546
12668,1,5,STANDING,0.9888738
12669,1,5,STANDING,0.9885846
12670,1,5,STANDING,0.9870653
12671,1,5,STANDING,0.9855532
12672,1,5,STANDING,0.9859538
12673,1,5,STANDING,0.9864599
12674,1,5,STANDING,0.986484
12675,1,5,STANDING,0.9887104
12676,1,5,STANDING,0.9907514
12677,1,5,STANDING,0.9877747
12678,1,5,STANDING,0.9846858
12679,1,5,STANDING,0.9863719
12680,1,5,STANDING,0.9876159
12681,1,5,STANDING,0.9872172
12682,1,5,STANDING,0.9881252
12683,1,5,STANDING,0.9892674
12684,1,5,STANDING,0.9906074
12685,1,5,STANDING,0.9907705
12686,1,5,STANDING,0.9896901
12687,1,5,STANDING,0.990296
12688,1,5,STANDING,0.9896191
12689,1,5,STANDING,0.9881863
12690,1,5,STANDING,0.9894858
12691,1,5,STANDING,0.9904259
12692,1,5,STANDING,0.9901735
12693,1,5,STANDING,0.9886248
12694,1,5,STANDING,0.9872068
12695,1,5,STANDING,0.9878944
12696,1,5,STANDING,0.9876805
12697,1,5,STANDING,0.9885314
12698,1,5,STANDING,0.9889582
12699,1,5,STANDING,0.9867105
12700,1,5,STANDING,0.9881239
12701,1,5,STANDING,0.9893183
12702,1,5,STANDING,0.9880804
12703,1,5,STANDING,0.9893866
12704,1,5,STANDING,0.9890239
12705,1,5,STANDING,0.9881532
12706,1,5,STANDING,0.9885618
12707,1,5,STANDING,0.987137
12708,1,5,STANDING,0.9881855
12709,1,5,STANDING,0.9897127
12710,1,5,STANDING,0.9883404
12711,1,5,STANDING,0.988154
12712,1,5,STANDING,0.9886857
12713,1,5,STANDING,0.9906074
12714,1,5,STANDING,0.9925188
12715,1,5,STANDING,0.990245
12716,1,5,STANDING,0.9878492
12717,1,5,STANDING,0.9872855
12718,1,5,STANDING,0.9872585
12719,1,5,STANDING,0.9878067
12720,1,5,STANDING,0.9875859
12721,1,5,STANDING,0.9882528
12722,1,5,STANDING,0.9893984
12723,1,5,STANDING,0.9888145
12724,1,5,STANDING,0.9892607
12725,1,5,STANDING,0.9917561
12726,1,5,STANDING,0.993945
12727,1,5,STANDING,0.9939307
12728,1,5,STANDING,0.9923427
12729,1,5,STANDING,0.9911284
12730,1,5,STANDING,0.9896199
12731,1,5,STANDING,0.9884971
12732,1,5,STANDING,0.9888151
12733,1,5,STANDING,0.9890163
12734,1,5,STANDING,0.9888932
12735,1,5,STANDING,0.9888047
12736,1,5,STANDING,0.988936
12737,1,5,STANDING,0.9892943
12738,1,5,STANDING,0.9905575
12739,1,5,STANDING,0.9923268
12740,1,5,STANDING,0.9912997
12741,1,5,STANDING,0.9885243
12742,1,5,STANDING,0.986999
12743,1,5,STANDING,0.9871375
12744,1,5,STANDING,0.988153
12745,1,5,STANDING,0.9882787
12746,1,5,STANDING,0.9887335
12747,1,5,STANDING,0.9879387
12748,1,5,STANDING,0.9840891
12749,1,5,STANDING,0.9828865
12750,1,5,STANDING,0.9852244
12751,1,5,STANDING,0.9868136
12752,1,5,STANDING,0.986451
12753,1,5,STANDING,0.9864817
12754,1,5,STANDING,0.9881186
12755,1,5,STANDING,0.9878218
12756,1,5,STANDING,0.9878646
12757,1,5,STANDING,0.9896381
12758,1,5,STANDING,0.9893457
12759,1,5,STANDING,0.9912408
12760,1,5,STANDING,0.9937361
12761,1,5,STANDING,0.9904373
12762,1,5,STANDING,0.9871514
12763,1,5,STANDING,0.9871812
12764,1,5,STANDING,0.9861529
12765,1,5,STANDING,0.9855684
12766,1,5,STANDING,0.9875169
12767,1,5,STANDING,0.9881801
12768,1,5,STANDING,0.9891235
12769,1,5,STANDING,0.9919905
12770,1,5,STANDING,0.9916674
12771,1,5,STANDING,0.9891569
12772,1,5,STANDING,0.9867608
12773,1,5,STANDING,0.9852803
12774,1,5,STANDING,0.9861359
12775,1,5,STANDING,0.9854639
12776,1,5,STANDING,0.984103
12777,1,5,STANDING,0.9850193
12778,1,5,STANDING,0.9857756
12779,1,5,STANDING,0.9862015
12780,1,5,STANDING,0.9866588
12781,1,5,STANDING,0.9878812
12782,1,5,STANDING,0.9905554
12783,1,5,STANDING,0.9917383
12784,1,5,STANDING,0.9911552
12785,1,5,STANDING,0.9898788
12786,1,5,STANDING,0.9872506
12787,1,5,STANDING,0.9859727
12788,1,5,STANDING,0.9867061
12789,1,5,STANDING,0.9876651
12790,1,5,STANDING,0.9899877
12791,1,5,STANDING,0.9919899
12792,1,5,STANDING,0.9924551
12793,1,5,STANDING,0.9902127
12794,1,5,STANDING,0.9858375
12795,1,5,STANDING,0.9871913
12796,1,5,STANDING,0.9897682
12797,1,5,STANDING,0.9881442
12798,1,5,STANDING,0.9887969
12799,1,5,STANDING,0.9877939
12800,1,5,STANDING,0.9868536
12801,1,5,STANDING,0.9907347
12802,1,5,STANDING,0.9910852
12803,1,5,STANDING,0.990517
12804,1,5,STANDING,0.9919159
12805,1,5,STANDING,0.9899353
12806,1,5,STANDING,0.9880542
12807,1,5,STANDING,0.9892327
12808,1,5,STANDING,0.9910631
12809,1,5,STANDING,0.991935
12810,1,5,STANDING,0.9918655
12811,1,5,STANDING,0.9914811
12812,1,5,STANDING,0.9917844
12813,1,5,STANDING,0.9927922
12814,1,5,STANDING,0.9931183
12815,1,5,STANDING,0.9932102
12816,1,5,STANDING,0.9926217
12817,1,5,STANDING,0.9911464
12818,1,5,STANDING,0.9899733
12819,1,5,STANDING,0.989862
12820,1,5,STANDING,0.9907442
12821,1,5,STANDING,0.9900102
12822,1,5,STANDING,0.9890906
12823,1,5,STANDING,0.9890504
12824,1,5,STANDING,0.9884708
12825,1,5,STANDING,0.9887891
12826,1,5,STANDING,0.9871946
12827,1,5,STANDING,0.9853916
12828,1,5,STANDING,0.9871806
12829,1,5,STANDING,0.9879597
12830,1,5,STANDING,0.9873883
12831,1,5,STANDING,0.9874218
12832,1,5,STANDING,0.9875455
12833,1,5,STANDING,0.9877505
12834,1,5,STANDING,0.9882509
12835,1,5,STANDING,0.989277
12836,1,5,STANDING,0.9893352
12837,1,5,STANDING,0.9903785
12838,1,5,STANDING,0.9919279
12839,1,5,STANDING,0.9891038
12840,1,5,STANDING,0.986398
12841,1,5,STANDING,0.9883978
12842,1,5,STANDING,0.9897458
12843,1,5,STANDING,0.9885346
12844,1,5,STANDING,0.9887406
12845,1,5,STANDING,0.9892442
12846,1,5,STANDING,0.9886025
12847,1,5,STANDING,0.9886165
12848,1,5,STANDING,0.9872088
12849,1,5,STANDING,0.9855431
12850,1,5,STANDING,0.9871522
12851,1,5,STANDING,0.9891714
12852,1,5,STANDING,0.9902899
12853,1,5,STANDING,0.992259
12854,1,5,STANDING,0.9933481
12855,1,5,STANDING,0.9909569
12856,1,5,STANDING,0.9874107
12857,1,5,STANDING,0.9859453
12858,1,5,STANDING,0.9852823
12859,1,5,STANDING,0.9860188
12860,1,5,STANDING,0.9899692
12861,1,5,STANDING,0.9926226
12862,1,5,STANDING,0.9900159
12863,1,5,STANDING,0.9876176
12864,1,5,STANDING,0.9895282
12865,1,5,STANDING,0.9912762
12866,1,5,STANDING,0.9925457
12867,1,5,STANDING,0.9935055
12868,1,5,STANDING,0.9907945
12869,1,5,STANDING,0.9885957
12870,1,5,STANDING,0.9888763
12871,1,5,STANDING,0.9888146
12872,1,5,STANDING,0.9890136
12873,1,5,STANDING,0.9888406
12874,1,5,STANDING,0.9889829
12875,1,5,STANDING,0.9897803
12876,1,5,STANDING,0.9896585
12877,1,5,STANDING,0.9898902
12878,1,5,STANDING,0.9911486
12879,1,5,STANDING,0.9922442
12880,1,5,STANDING,0.9918301
12881,1,5,STANDING,0.992
12882,1,5,STANDING,0.9930221
12883,1,5,STANDING,0.9920382
12884,1,5,STANDING,0.9921906
12885,1,5,STANDING,0.9928134
12886,1,5,STANDING,0.9915809
12887,1,5,STANDING,0.9907578
12888,1,5,STANDING,0.9889561
12889,1,5,STANDING,0.9887332
12890,1,5,STANDING,0.9911434
12891,1,5,STANDING,0.991955
12892,1,5,STANDING,0.9918918
12893,1,5,STANDING,0.9916118
12894,1,5,STANDING,0.992496
12895,1,5,STANDING,0.9932895
12896,1,5,STANDING,0.9908491
12897,1,5,STANDING,0.9888055
12898,1,5,STANDING,0.9885763
12899,1,5,STANDING,0.9889862
12900,1,5,STANDING,0.9890713
12901,1,5,STANDING,0.9884247
12902,1,5,STANDING,0.9881901
12903,1,5,STANDING,0.9872219
12904,1,5,STANDING,0.9872288
12905,1,5,STANDING,0.9877665
12906,1,5,STANDING,0.9863076
12907,1,5,STANDING,0.9858772
12908,1,5,STANDING,0.9861725
12909,1,5,STANDING,0.9864299
12910,1,5,STANDING,0.9879968
12911,1,5,STANDING,0.989306
12912,1,5,STANDING,0.9891853
12913,1,5,STANDING,0.988484
12914,1,5,STANDING,0.9889954
12915,1,5,STANDING,0.9891074
12916,1,5,STANDING,0.9885446
12917,1,5,STANDING,0.9891374
12918,1,5,STANDING,0.9888527
12919,1,5,STANDING,0.9889075
12920,1,5,STANDING,0.9900321
12921,1,5,STANDING,0.9901576
12922,1,5,STANDING,0.9895845
12923,1,5,STANDING,0.9884556
12924,1,5,STANDING,0.9889161
12925,1,5,STANDING,0.9902043
12926,1,5,STANDING,0.9902039
12927,1,5,STANDING,0.9903089
12928,1,4,SITTING,0.8827557
12929,1,4,SITTING,0.8969234
12930,1,4,SITTING,0.8966761
12931,1,4,SITTING,0.8909839
12932,1,4,SITTING,0.8932692
12933,1,4,SITTING,0.8897115
12934,1,4,SITTING,0.8882922
12935,1,4,SITTING,0.8905215
12936,1,4,SITTING,0.8858331
12937,1,4,SITTING,0.887878
12938,1,4,SITTING,0.8924574
12939,1,4,SITTING,0.891728
12940,1,4,SITTING,0.8888036
12941,1,4,SITTING,0.8823467
12942,1,4,SITTING,0.8842357
12943,1,4,SITTING,0.8888439
12944,1,4,SITTING,0.887137
12945,1,4,SITTING,0.8888201
12946,1,4,SITTING,0.8871198
12947,1,4,SITTING,0.8835612
12948,1,4,SITTING,0.8836499
12949,1,4,SITTING,0.8814834
12950,1,4,SITTING,0.8828141
12951,1,4,SITTING,0.8862007
12952,1,4,SITTING,0.8896299
12953,1,4,SITTING,0.8915098
12954,1,4,SITTING,0.8865349
12955,1,4,SITTING,0.8853838
12956,1,4,SITTING,0.8875612
12957,1,4,SITTING,0.8878941
12958,1,4,SITTING,0.890484
12959,1,4,SITTING,0.8911538
12960,1,4,SITTING,0.8903822
12961,1,4,SITTING,0.8904498
12962,1,4,SITTING,0.8932455
12963,1,4,SITTING,0.8975806
12964,1,4,SITTING,0.896588
12965,1,4,SITTING,0.8922813
12966,1,4,SITTING,0.8871926
12967,1,4,SITTING,0.8864073
12968,1,4,SITTING,0.8895439
12969,1,4,SITTING,0.8885703
12970,1,4,SITTING,0.8878407
12971,1,4,SITTING,0.8874311
12972,1,4,SITTING,0.8860374
12973,1,4,SITTING,0.8864065
12974,1,4,SITTING,0.885769
12975,1,4,SITTING,0.8861671
12976,1,4,SITTING,0.8863976
12977,1,4,SITTING,0.8856636
12978,1,4,SITTING,0.8870132
12979,1,4,SITTING,0.8886633
12980,1,4,SITTING,0.8909667
12981,1,4,SITTING,0.8908882
12982,1,4,SITTING,0.8893491
12983,1,4,SITTING,0.8904239
12984,1,4,SITTING,0.888408
12985,1,4,SITTING,0.8855921
12986,1,4,SITTING,0.8861287
12987,1,4,SITTING,0.8861302
12988,1,4,SITTING,0.8861127
12989,1,4,SITTING,0.8863266
12990,1,4,SITTING,0.8868987
12991,1,4,SITTING,0.8879166
12992,1,4,SITTING,0.8876658
12993,1,4,SITTING,0.888051
12994,1,4,SITTING,0.8880588
12995,1,4,SITTING,0.8854819
12996,1,4,SITTING,0.8840434
12997,1,4,SITTING,0.8862655
12998,1,4,SITTING,0.8894067
12999,1,4,SITTING,0.8908426
13000,1,4,SITTING,0.8905256
13001,1,4,SITTING,0.8896819
13002,1,4,SITTING,0.8895089
13003,1,4,SITTING,0.8884695
13004,1,4,SITTING,0.8866592
13005,1,4,SITTING,0.8861843
13006,1,4,SITTING,0.8870304
13007,1,4,SITTING,0.8897586
13008,1,4,SITTING,0.8907355
13009,1,4,SITTING,0.8879358
13010,1,4,SITTING,0.8860801
13011,1,4,SITTING,0.885956
13012,1,4,SITTING,0.887112
13013,1,4,SITTING,0.8879596
13014,1,4,SITTING,0.887297
13015,1,4,SITTING,0.8880598
13016,1,4,SITTING,0.8902403
13017,1,4,SITTING,0.8923822
13018,1,4,SITTING,0.8917559
13019,1,4,SITTING,0.8889564
13020,1,4,SITTING,0.8878396
13021,1,4,SITTING,0.8871215
13022,1,4,SITTING,0.8874062
13023,1,4,SITTING,0.8884463
13024,1,4,SITTING,0.8897836
13025,1,4,SITTING,0.8926405
13026,1,4,SITTING,0.892109
13027,1,4,SITTING,0.8907546
13028,1,4,SITTING,0.8922655
13029,1,4,SITTING,0.8916246
13030,1,4,SITTING,0.8911326
13031,1,4,SITTING,0.8912256
13032,1,4,SITTING,0.8897011
13033,1,4,SITTING,0.8902271
13034,1,4,SITTING,0.8906389
13035,1,4,SITTING,0.8899302
13036,1,4,SITTING,0.8908061
13037,1,4,SITTING,0.8917246
13038,1,4,SITTING,0.8915031
13039,1,4,SITTING,0.8890321
13040,1,4,SITTING,0.8868008
13041,1,4,SITTING,0.8868878
13042,1,4,SITTING,0.8862026
13043,1,4,SITTING,0.8875132
13044,1,4,SITTING,0.8898302
13045,1,4,SITTING,0.8875025
13046,1,4,SITTING,0.8853623
13047,1,4,SITTING,0.8861769
13048,1,4,SITTING,0.887221
13049,1,4,SITTING,0.8881721
13050,1,4,SITTING,0.8891756
13051,1,4,SITTING,0.8913137
13052,1,4,SITTING,0.8931288
13053,1,4,SITTING,0.8941407
13054,1,4,SITTING,0.8948842
13055,1,4,SITTING,0.8940491
13056,1,4,SITTING,0.8938785
13057,1,4,SITTING,0.8944139
13058,1,4,SITTING,0.8942223
13059,1,4,SITTING,0.8931464
13060,1,4,SITTING,0.8920557
13061,1,4,SITTING,0.8928645
13062,1,4,SITTING,0.8922659
13063,1,4,SITTING,0.8917148
13064,1,4,SITTING,0.8923319
13065,1,4,SITTING,0.8909562
13066,1,4,SITTING,0.8918094
13067,1,4,SITTING,0.8919574
13068,1,4,SITTING,0.8900481
13069,1,4,SITTING,0.8905647
13070,1,4,SITTING,0.8905598
13071,1,4,SITTING,0.8928999
13072,1,4,SITTING,0.8951164
13073,1,4,SITTING,0.8912188
13074,1,4,SITTING,0.8874191
13075,1,4,SITTING,0.887045
13076,1,4,SITTING,0.8887106
13077,1,4,SITTING,0.8892991
13078,1,4,SITTING,0.8884352
13079,1,4,SITTING,0.8881511
13080,1,4,SITTING,0.8876948
13081,1,4,SITTING,0.890049
13082,1,4,SITTING,0.89281
13083,1,4,SITTING,0.8915311
13084,1,4,SITTING,0.890278
13085,1,4,SITTING,0.8903281
13086,1,4,SITTING,0.8905461
13087,1,4,SITTING,0.892057
13088,1,4,SITTING,0.8938709
13089,1,4,SITTING,0.8940835
13090,1,4,SITTING,0.8942961
13091,1,4,SITTING,0.8943116
13092,1,4,SITTING,0.891519
13093,1,4,SITTING,0.889411
13094,1,4,SITTING,0.8907353
13095,1,4,SITTING,0.8933247
13096,1,4,SITTING,0.8949143
13097,1,4,SITTING,0.8934131
13098,1,4,SITTING,0.8905838
13099,1,4,SITTING,0.889973
13100,1,4,SITTING,0.8912704
13101,1,4,SITTING,0.8920499
13102,1,4,SITTING,0.8916566
13103,1,4,SITTING,0.8915042
13104,1,4,SITTING,0.8916056
13105,1,4,SITTING,0.8907775
13106,1,4,SITTING,0.8899208
13107,1,4,SITTING,0.8902552
13108,1,4,SITTING,0.8904584
13109,1,4,SITTING,0.8901372
13110,1,4,SITTING,0.8901325
13111,1,4,SITTING,0.8894333
13112,1,4,SITTING,0.8885424
13113,1,4,SITTING,0.889014
13114,1,4,SITTING,0.8905097
13115,1,4,SITTING,0.8931129
13116,1,4,SITTING,0.8948219
13117,1,4,SITTING,0.8919683
13118,1,4,SITTING,0.889026
13119,1,4,SITTING,0.8912351
13120,1,4,SITTING,0.8924206
13121,1,4,SITTING,0.8902607
13122,1,4,SITTING,0.89001
13123,1,4,SITTING,0.8904481
13124,1,4,SITTING,0.8901795
13125,1,4,SITTING,0.8903548
13126,1,4,SITTING,0.8907581
13127,1,4,SITTING,0.8929677
13128,1,4,SITTING,0.8949502
13129,1,4,SITTING,0.8923637
13130,1,4,SITTING,0.8878964
13131,1,4,SITTING,0.8869076
13132,1,4,SITTING,0.8889668
13133,1,4,SITTING,0.8910643
13134,1,4,SITTING,0.89217
13135,1,4,SITTING,0.8917362
13136,1,4,SITTING,0.8915357
13137,1,4,SITTING,0.8929677
13138,1,4,SITTING,0.8941858
13139,1,4,SITTING,0.894178
13140,1,4,SITTING,0.8916387
13141,1,4,SITTING,0.8883507
13142,1,4,SITTING,0.8886466
13143,1,4,SITTING,0.8902671
13144,1,4,SITTING,0.8903599
13145,1,4,SITTING,0.8902979
13146,1,4,SITTING,0.8906234
13147,1,4,SITTING,0.8920156
13148,1,4,SITTING,0.8936772
13149,1,4,SITTING,0.8928651
13150,1,4,SITTING,0.8908431
13151,1,4,SITTING,0.8899936
13152,1,4,SITTING,0.8899002
13153,1,4,SITTING,0.8896125
13154,1,4,SITTING,0.8887915
13155,1,4,SITTING,0.8896669
13156,1,4,SITTING,0.8918645
13157,1,4,SITTING,0.8918438
13158,1,4,SITTING,0.8914725
13159,1,4,SITTING,0.89183
13160,1,4,SITTING,0.8915463
13161,1,4,SITTING,0.8917202
13162,1,4,SITTING,0.8916951
13163,1,4,SITTING,0.8915715
13164,1,4,SITTING,0.8917867
13165,1,4,SITTING,0.8913934
13166,1,4,SITTING,0.8908084
13167,1,4,SITTING,0.8900371
13168,1,4,SITTING,0.8897355
13169,1,4,SITTING,0.8887885
13170,1,4,SITTING,0.8871443
13171,1,4,SITTING,0.8890505
13172,1,4,SITTING,0.8913832
13173,1,4,SITTING,0.890128
13174,1,4,SITTING,0.8900518
13175,1,4,SITTING,0.8916048
13176,1,4,SITTING,0.8917519
13177,1,4,SITTING,0.8911662
13178,1,4,SITTING,0.888982
13179,1,4,SITTING,0.8869537
13180,1,4,SITTING,0.889267
13181,1,4,SITTING,0.8924405
13182,1,4,SITTING,0.8927308
13183,1,4,SITTING,0.8929782
13184,1,4,SITTING,0.8935789
13185,1,4,SITTING,0.8936982
13186,1,4,SITTING,0.8941788
13187,1,4,SITTING,0.8918894
13188,1,4,SITTING,0.8881273
13189,1,4,SITTING,0.888528
13190,1,4,SITTING,0.8896461
13191,1,4,SITTING,0.8894328
13192,1,4,SITTING,0.8905916
13193,1,4,SITTING,0.8908981
13194,1,4,SITTING,0.8916546
13195,1,4,SITTING,0.8938422
13196,1,4,SITTING,0.8929181
13197,1,4,SITTING,0.890687
13198,1,4,SITTING,0.890128
13199,1,4,SITTING,0.8902098
13200,1,4,SITTING,0.8913616
13201,1,4,SITTING,0.8920145
13202,1,4,SITTING,0.8916971
13203,1,4,SITTING,0.8931255
13204,1,4,SITTING,0.8960312
13205,1,4,SITTING,0.8977315
13206,1,4,SITTING,0.8950997
13207,1,4,SITTING,0.8906066
13208,1,4,SITTING,0.8901908
13209,1,4,SITTING,0.8930542
13210,1,4,SITTING,0.8953863
13211,1,4,SITTING,0.8941954
13212,1,4,SITTING,0.8910254
13213,1,4,SITTING,0.8899293
13214,1,4,SITTING,0.8899927
13215,1,4,SITTING,0.8905147
13216,1,4,SITTING,0.8907696
13217,1,4,SITTING,0.8916808
13218,1,4,SITTING,0.8937633
13219,1,4,SITTING,0.892109
13220,1,4,SITTING,0.8898972
13221,1,4,SITTING,0.890439
13222,1,4,SITTING,0.8901566
13223,1,4,SITTING,0.889934
13224,1,4,SITTING,0.888615
13225,1,4,SITTING,0.8874632
13226,1,4,SITTING,0.8910519
13227,1,4,SITTING,0.8944594
13228,1,4,SITTING,0.8934447
13229,1,4,SITTING,0.893137
13230,1,4,SITTING,0.8948639
13231,1,4,SITTING,0.8928427
13232,1,4,SITTING,0.8904611
13233,1,4,SITTING,0.8918433
13234,1,4,SITTING,0.8910124
13235,1,4,SITTING,0.8895893
13236,1,4,SITTING,0.8908513
13237,1,4,SITTING,0.8924921
13238,1,4,SITTING,0.8952568
13239,1,4,SITTING,0.8966761
13240,1,4,SITTING,0.8955999
13241,1,4,SITTING,0.8954567
13242,1,4,SITTING,0.8952067
13243,1,4,SITTING,0.8938741
13244,1,4,SITTING,0.893391
13245,1,4,SITTING,0.8927726
13246,1,4,SITTING,0.890942
13247,1,4,SITTING,0.8901112
13248,1,4,SITTING,0.8910245
13249,1,4,SITTING,0.8919345
13250,1,4,SITTING,0.890917
13251,1,4,SITTING,0.889428
13252,1,4,SITTING,0.8893756
13253,1,4,SITTING,0.8881165
13254,1,4,SITTING,0.8876777
13255,1,4,SITTING,0.8896931
13256,1,4,SITTING,0.8900951
13257,1,4,SITTING,0.8910089
13258,1,4,SITTING,0.8923957
13259,1,4,SITTING,0.8912699
13260,1,4,SITTING,0.8907688
13261,1,4,SITTING,0.8912024
13262,1,4,SITTING,0.8917951
13263,1,4,SITTING,0.8929295
13264,1,4,SITTING,0.8925571
13265,1,4,SITTING,0.8904191
13266,1,4,SITTING,0.8888355
13267,1,4,SITTING,0.8919856
13268,1,4,SITTING,0.896137
13269,1,4,SITTING,0.8932602
13270,1,4,SITTING,0.8899664
13271,1,4,SITTING,0.8905371
13272,1,4,SITTING,0.8899815
13273,1,4,SITTING,0.8906632
13274,1,4,SITTING,0.8925364
13275,1,4,SITTING,0.8940676
13276,1,4,SITTING,0.8943587
13277,1,4,SITTING,0.8895972
13278,1,4,SITTING,0.8863201
13279,1,4,SITTING,0.8897664
13280,1,4,SITTING,0.8940839
13281,1,4,SITTING,0.8944727
13282,1,4,SITTING,0.8906352
13283,1,4,SITTING,0.8878728
13284,1,4,SITTING,0.8895469
13285,1,4,SITTING,0.8912242
13286,1,4,SITTING,0.8900726
13287,1,4,SITTING,0.8903987
13288,1,4,SITTING,0.8935154
13289,1,4,SITTING,0.8949502
13290,1,4,SITTING,0.8943459
13291,1,4,SITTING,0.8923693
13292,1,4,SITTING,0.8912111
13293,1,4,SITTING,0.8927313
13294,1,4,SITTING,0.8931865
13295,1,4,SITTING,0.8920151
13296,1,4,SITTING,0.8903865
13297,1,4,SITTING,0.8898693
13298,1,4,SITTING,0.8905734
13299,1,4,SITTING,0.8901463
13300,1,4,SITTING,0.8902696
13301,1,4,SITTING,0.8902135
13302,1,4,SITTING,0.8892107
13303,1,4,SITTING,0.8887904
13304,1,4,SITTING,0.8886657
13305,1,4,SITTING,0.8892982
13306,1,4,SITTING,0.8899291
13307,1,4,SITTING,0.8912722
13308,1,4,SITTING,0.8921215
13309,1,4,SITTING,0.8904756
13310,1,4,SITTING,0.8899572
13311,1,4,SITTING,0.8911114
13312,1,4,SITTING,0.8938198
13313,1,4,SITTING,0.8969718
13314,1,4,SITTING,0.8952983
13315,1,4,SITTING,0.8905814
13316,1,4,SITTING,0.8879512
13317,1,4,SITTING,0.8886179
13318,1,4,SITTING,0.8908236
13319,1,4,SITTING,0.8917868
13320,1,4,SITTING,0.8919678
13321,1,4,SITTING,0.8919916
13322,1,4,SITTING,0.892962
13323,1,4,SITTING,0.8948071
13324,1,4,SITTING,0.8939594
13325,1,4,SITTING,0.8922652
13326,1,4,SITTING,0.8907125
13327,1,4,SITTING,0.8891504
13328,1,4,SITTING,0.890046
13329,1,4,SITTING,0.8895214
13330,1,4,SITTING,0.888767
13331,1,4,SITTING,0.8886564
13332,1,4,SITTING,0.8868395
13333,1,4,SITTING,0.8893852
13334,1,4,SITTING,0.8914468
13335,1,4,SITTING,0.8898536
13336,1,4,SITTING,0.8913121
13337,1,4,SITTING,0.8920455
13338,1,4,SITTING,0.8913752
13339,1,4,SITTING,0.8908254
13340,1,4,SITTING,0.8898689
13341,1,4,SITTING,0.8905483
13342,1,4,SITTING,0.8912272
13343,1,4,SITTING,0.8922076
13344,1,4,SITTING,0.8934789
13345,1,4,SITTING,0.8937783
13346,1,4,SITTING,0.8930338
13347,1,4,SITTING,0.8915964
13348,1,4,SITTING,0.8920698
13349,1,4,SITTING,0.8934801
13350,1,4,SITTING,0.8947836
13351,1,4,SITTING,0.8946036
13352,1,4,SITTING,0.892014
13353,1,4,SITTING,0.8913635
13354,1,4,SITTING,0.8922242
13355,1,4,SITTING,0.8942801
13356,1,4,SITTING,0.8963383
13357,1,4,SITTING,0.8930413
13358,1,4,SITTING,0.889448
13359,1,4,SITTING,0.8904425
13360,1,4,SITTING,0.8924555
13361,1,4,SITTING,0.8934287
13362,1,4,SITTING,0.8928195
13363,1,4,SITTING,0.8910627
13364,1,4,SITTING,0.8897827
13365,1,4,SITTING,0.8901539
13366,1,4,SITTING,0.8905906
13367,1,4,SITTING,0.8897356
13368,1,4,SITTING,0.8884853
13369,1,4,SITTING,0.8872478
13370,1,4,SITTING,0.8880609
13371,1,4,SITTING,0.8896393
13372,1,4,SITTING,0.8887935
13373,1,4,SITTING,0.8883802
13374,1,4,SITTING,0.8885516
13375,1,4,SITTING,0.8882914
13376,1,4,SITTING,0.8907929
13377,1,4,SITTING,0.8927192
13378,1,4,SITTING,0.8911892
13379,1,4,SITTING,0.8905309
13380,1,4,SITTING,0.8903786
13381,1,4,SITTING,0.8901081
13382,1,4,SITTING,0.8917766
13383,1,4,SITTING,0.8933693
13384,1,4,SITTING,0.892944
13385,1,4,SITTING,0.8904612
13386,1,4,SITTING,0.8895132
13387,1,4,SITTING,0.8917369
13388,1,4,SITTING,0.8920053
13389,1,4,SITTING,0.891322
13390,1,4,SITTING,0.8917499
13391,1,4,SITTING,0.8906417
13392,1,4,SITTING,0.8899847
13393,1,4,SITTING,0.8908517
13394,1,4,SITTING,0.8929682
13395,1,4,SITTING,0.8951453
13396,1,4,SITTING,0.8930508
13397,1,4,SITTING,0.8884771
13398,1,4,SITTING,0.8857403
13399,1,4,SITTING,0.8865217
13400,1,4,SITTING,0.8909993
13401,1,4,SITTING,0.8943691
13402,1,4,SITTING,0.8926568
13403,1,4,SITTING,0.8887026
13404,1,4,SITTING,0.8867866
13405,1,4,SITTING,0.8872469
13406,1,4,SITTING,0.8878915
13407,1,4,SITTING,0.8878045
13408,1,4,SITTING,0.8893956
13409,1,4,SITTING,0.8928947
13410,1,4,SITTING,0.8937067
13411,1,4,SITTING,0.8929169
13412,1,4,SITTING,0.8934452
13413,1,4,SITTING,0.8921003
13414,1,4,SITTING,0.8895137
13415,1,4,SITTING,0.8899575
13416,1,4,SITTING,0.8918678
13417,1,4,SITTING,0.8917171
13418,1,4,SITTING,0.8918419
13419,1,4,SITTING,0.8937276
13420,1,4,SITTING,0.8947547
13421,1,4,SITTING,0.8947278
13422,1,4,SITTING,0.8941553
13423,1,4,SITTING,0.8945797
13424,1,4,SITTING,0.8954845
13425,1,4,SITTING,0.8948521
13426,1,4,SITTING,0.8940974
13427,1,4,SITTING,0.8924286
13428,1,4,SITTING,0.8911578
13429,1,4,SITTING,0.8918804
13430,1,4,SITTING,0.8922594
13431,1,4,SITTING,0.8915764
13432,1,4,SITTING,0.8897653
13433,1,4,SITTING,0.8900337
13434,1,4,SITTING,0.8919902
13435,1,4,SITTING,0.8924744
13436,1,4,SITTING,0.8934057
13437,1,4,SITTING,0.8932288
13438,1,4,SITTING,0.8926378
13439,1,4,SITTING,0.8932217
13440,1,4,SITTING,0.8918708
13441,1,4,SITTING,0.8903935
13442,1,4,SITTING,0.8901166
13443,1,4,SITTING,0.8901732
13444,1,4,SITTING,0.890494
13445,1,4,SITTING,0.8899616
13446,1,4,SITTING,0.8893673
13447,1,4,SITTING,0.8889311
13448,1,4,SITTING,0.889509
13449,1,4,SITTING,0.890872
13450,1,4,SITTING,0.8902624
13451,1,4,SITTING,0.8903201
13452,1,4,SITTING,0.8923915
13453,1,4,SITTING,0.8934399
13454,1,4,SITTING,0.8932425
13455,1,4,SITTING,0.8926034
13456,1,4,SITTING,0.8922073
13457,1,4,SITTING,0.8915812
13458,1,4,SITTING,0.8913061
13459,1,4,SITTING,0.8920301
13460,1,4,SITTING,0.8919346
13461,1,4,SITTING,0.8932633
13462,1,4,SITTING,0.8952973
13463,1,4,SITTING,0.894061
13464,1,4,SITTING,0.8919517
13465,1,4,SITTING,0.890004
13466,1,4,SITTING,0.8905083
13467,1,4,SITTING,0.8959519
13468,1,4,SITTING,0.8986558
13469,1,4,SITTING,0.8949051
13470,1,4,SITTING,0.8897506
13471,1,4,SITTING,0.8862911
13472,1,4,SITTING,0.887013
13473,1,4,SITTING,0.8894429
13474,1,4,SITTING,0.8887633
13475,1,4,SITTING,0.8886351
13476,1,4,SITTING,0.8895439
13477,1,4,SITTING,0.8895458
13478,1,4,SITTING,0.8915793
13479,1,4,SITTING,0.8925826
13480,1,4,SITTING,0.8929882
13481,1,4,SITTING,0.8947003
13482,1,4,SITTING,0.891942
13483,1,4,SITTING,0.8889225
13484,1,4,SITTING,0.8907245
13485,1,4,SITTING,0.8930975
13486,1,4,SITTING,0.8958835
13487,1,4,SITTING,0.8975849
13488,1,4,SITTING,0.8935868
13489,1,4,SITTING,0.8890181
13490,1,4,SITTING,0.8900756
13491,1,4,SITTING,0.8909674
13492,1,4,SITTING,0.8897435
13493,1,4,SITTING,0.8907955
13494,1,4,SITTING,0.8918548
13495,1,4,SITTING,0.8918928
13496,1,4,SITTING,0.8916232
13497,1,4,SITTING,0.891059
13498,1,4,SITTING,0.8902028
13499,1,4,SITTING,0.8878371
13500,1,4,SITTING,0.8874911
13501,1,4,SITTING,0.8894875
13502,1,4,SITTING,0.8906068
13503,1,4,SITTING,0.8905278
13504,1,4,SITTING,0.8890656
13505,1,4,SITTING,0.8897679
13506,1,4,SITTING,0.8916975
13507,1,4,SITTING,0.8917297
13508,1,4,SITTING,0.8918369
13509,1,4,SITTING,0.891292
13510,1,4,SITTING,0.8905996
13511,1,4,SITTING,0.8893366
13512,1,4,SITTING,0.8883556
13513,1,4,SITTING,0.8901494
13514,1,4,SITTING,0.8905778
13515,1,4,SITTING,0.8901138
13516,1,4,SITTING,0.8904016
13517,1,4,SITTING,0.8904852
13518,1,4,SITTING,0.8923845
13519,1,4,SITTING,0.8944318
13520,1,4,SITTING,0.894341
13521,1,4,SITTING,0.8916064
13522,1,4,SITTING,0.8892758
13523,1,4,SITTING,0.8902767
13524,1,4,SITTING,0.890672
13525,1,4,SITTING,0.88964
13526,1,4,SITTING,0.8885269
13527,1,4,SITTING,0.8870612
13528,1,4,SITTING,0.8875411
13529,1,4,SITTING,0.8895425
13530,1,4,SITTING,0.8899623
13531,1,4,SITTING,0.8899187
13532,1,4,SITTING,0.8922666
13533,1,4,SITTING,0.8948315
13534,1,4,SITTING,0.8947011
13535,1,4,SITTING,0.8941198
13536,1,4,SITTING,0.8945976
13537,1,4,SITTING,0.8944899
13538,1,4,SITTING,0.8942879
13539,1,4,SITTING,0.8945981
13540,1,4,SITTING,0.8943745
13541,1,4,SITTING,0.8944103
13542,1,4,SITTING,0.8940158
13543,1,4,SITTING,0.8916439
13544,1,4,SITTING,0.8900756
13545,1,4,SITTING,0.8926242
13546,1,4,SITTING,0.8956578
13547,1,4,SITTING,0.8936506
13548,1,4,SITTING,0.8919509
13549,1,4,SITTING,0.893477
13550,1,4,SITTING,0.8925418
13551,1,4,SITTING,0.8927938
13552,1,4,SITTING,0.8953176
13553,1,4,SITTING,0.894065
13554,1,4,SITTING,0.8912741
13555,1,4,SITTING,0.8899613
13556,1,4,SITTING,0.8908132
13557,1,4,SITTING,0.8924296
13558,1,4,SITTING,0.8914326
13559,1,4,SITTING,0.8900256
13560,1,4,SITTING,0.888991
13561,1,4,SITTING,0.8886293
13562,1,4,SITTING,0.8916293
13563,1,4,SITTING,0.8925197
13564,1,4,SITTING,0.8899913
13565,1,4,SITTING,0.8901492
13566,1,4,SITTING,0.8905142
13567,1,4,SITTING,0.8894624
13568,1,4,SITTING,0.8878396
13569,1,4,SITTING,0.8857135
13570,1,4,SITTING,0.8884222
13571,1,4,SITTING,0.8918929
13572,1,4,SITTING,0.8900831
13573,1,4,SITTING,0.8903942
13574,1,4,SITTING,0.8944689
13575,1,4,SITTING,0.8961324
13576,1,4,SITTING,0.8934773
13577,1,4,SITTING,0.890288
13578,1,4,SITTING,0.8915183
13579,1,4,SITTING,0.8925483
13580,1,4,SITTING,0.8909518
13581,1,4,SITTING,0.8918114
13582,1,4,SITTING,0.8920146
13583,1,4,SITTING,0.8909642
13584,1,4,SITTING,0.8911639
13585,1,4,SITTING,0.8899087
13586,1,4,SITTING,0.8905237
13587,1,4,SITTING,0.893492
13588,1,4,SITTING,0.8948575
13589,1,4,SITTING,0.8948817
13590,1,4,SITTING,0.8939622
13591,1,4,SITTING,0.8944828
13592,1,4,SITTING,0.894822
13593,1,4,SITTING,0.893954
13594,1,4,SITTING,0.8947524
13595,1,4,SITTING,0.8937362
13596,1,4,SITTING,0.8900709
13597,1,4,SITTING,0.885479
13598,1,4,SITTING,0.8837279
13599,1,4,SITTING,0.8880136
13600,1,4,SITTING,0.8900161
13601,1,4,SITTING,0.8886969
13602,1,4,SITTING,0.8892
13603,1,4,SITTING,0.8884935
13604,1,4,SITTING,0.888072
13605,1,4,SITTING,0.8905458
13606,1,4,SITTING,0.8918339
13607,1,4,SITTING,0.892522
13608,1,4,SITTING,0.8966299
13609,1,4,SITTING,0.8964398
13610,1,4,SITTING,0.8897431
13611,1,4,SITTING,0.8876555
13612,1,4,SITTING,0.8879393
13613,1,4,SITTING,0.888698
13614,1,4,SITTING,0.891469
13615,1,4,SITTING,0.8903672
13616,1,4,SITTING,0.8907846
13617,1,4,SITTING,0.8933144
13618,1,4,SITTING,0.8915847
13619,1,4,SITTING,0.8887103
13620,1,4,SITTING,0.8869801
13621,1,4,SITTING,0.8892262
13622,1,4,SITTING,0.8927778
13623,1,4,SITTING,0.8937729
13624,1,4,SITTING,0.8965633
13625,1,4,SITTING,0.8980462
13626,1,4,SITTING,0.8955928
13627,1,4,SITTING,0.8940028
13628,1,4,SITTING,0.8941203
13629,1,4,SITTING,0.8945614
13630,1,4,SITTING,0.89362
13631,1,4,SITTING,0.892123
13632,1,6,LAYING,0.2620595
13633,1,6,LAYING,0.2628438
13634,1,6,LAYING,0.2609968
13635,1,6,LAYING,0.2593496
13636,1,6,LAYING,0.2632532
13637,1,6,LAYING,0.266724
13638,1,6,LAYING,0.2631978
13639,1,6,LAYING,0.2627163
13640,1,6,LAYING,0.2690261
13641,1,6,LAYING,0.27242
13642,1,6,LAYING,0.2628347
13643,1,6,LAYING,0.2525868
13644,1,6,LAYING,0.2576834
13645,1,6,LAYING,0.2657293
13646,1,6,LAYING,0.2713971
13647,1,6,LAYING,0.2805796
13648,1,6,LAYING,0.2815417
13649,1,6,LAYING,0.2751307
13650,1,6,LAYING,0.2710932
13651,1,6,LAYING,0.2657026
13652,1,6,LAYING,0.2624705
13653,1,6,LAYING,0.2628569
13654,1,6,LAYING,0.2652003
13655,1,6,LAYING,0.2698427
13656,1,6,LAYING,0.2706725
13657,1,6,LAYING,0.2725157
13658,1,6,LAYING,0.2755485
13659,1,6,LAYING,0.270725
13660,1,6,LAYING,0.2661714
13661,1,6,LAYING,0.268817
13662,1,6,LAYING,0.2690124
13663,1,6,LAYING,0.2593258
13664,1,6,LAYING,0.2499072
13665,1,6,LAYING,0.2503884
13666,1,6,LAYING,0.2587408
13667,1,6,LAYING,0.279722
13668,1,6,LAYING,0.3021713
13669,1,6,LAYING,0.2968124
13670,1,6,LAYING,0.2818181
13671,1,6,LAYING,0.2849912
13672,1,6,LAYING,0.2819972
13673,1,6,LAYING,0.2757163
13674,1,6,LAYING,0.2814023
13675,1,6,LAYING,0.2794922
13676,1,6,LAYING,0.2789696
13677,1,6,LAYING,0.2806813
13678,1,6,LAYING,0.2774032
13679,1,6,LAYING,0.2814881
13680,1,6,LAYING,0.2822248
13681,1,6,LAYING,0.2839855
13682,1,6,LAYING,0.2882963
13683,1,6,LAYING,0.2850841
13684,1,6,LAYING,0.2867225
13685,1,6,LAYING,0.2901516
13686,1,6,LAYING,0.2948608
13687,1,6,LAYING,0.2994376
13688,1,6,LAYING,0.2957018
13689,1,6,LAYING,0.2945339
13690,1,6,LAYING,0.2937734
13691,1,6,LAYING,0.2902016
13692,1,6,LAYING,0.2894768
13693,1,6,LAYING,0.2874873
13694,1,6,LAYING,0.284088
13695,1,6,LAYING,0.2831909
13696,1,6,LAYING,0.2865578
13697,1,6,LAYING,0.2912394
13698,1,6,LAYING,0.2928041
13699,1,6,LAYING,0.2921413
13700,1,6,LAYING,0.2922846
13701,1,6,LAYING,0.2933788
13702,1,6,LAYING,0.2956187
13703,1,6,LAYING,0.2991381
13704,1,6,LAYING,0.2984636
13705,1,6,LAYING,0.2973282
13706,1,6,LAYING,0.3011386
13707,1,6,LAYING,0.301807
13708,1,6,LAYING,0.2990262
13709,1,6,LAYING,0.2970896
13710,1,6,LAYING,0.2956542
13711,1,6,LAYING,0.2951787
13712,1,6,LAYING,0.2945779
13713,1,6,LAYING,0.2945753
13714,1,6,LAYING,0.2951382
13715,1,6,LAYING,0.2982813
13716,1,6,LAYING,0.3045126
13717,1,6,LAYING,0.3060792
13718,1,6,LAYING,0.3019123
13719,1,6,LAYING,0.2959
13720,1,6,LAYING,0.2930995
13721,1,6,LAYING,0.2965595
13722,1,6,LAYING,0.2982743
13723,1,6,LAYING,0.2964687
13724,1,6,LAYING,0.2953583
13725,1,6,LAYING,0.2949699
13726,1,6,LAYING,0.2991517
13727,1,6,LAYING,0.3058226
13728,1,6,LAYING,0.306578
13729,1,6,LAYING,0.3036745
13730,1,6,LAYING,0.3028846
13731,1,6,LAYING,0.3015502
13732,1,6,LAYING,0.2989665
13733,1,6,LAYING,0.2984974
13734,1,6,LAYING,0.2993837
13735,1,6,LAYING,0.3000736
13736,1,6,LAYING,0.2983723
13737,1,6,LAYING,0.2962321
13738,1,6,LAYING,0.2978981
13739,1,6,LAYING,0.3002467
13740,1,6,LAYING,0.3018084
13741,1,6,LAYING,0.301942
13742,1,6,LAYING,0.300727
13743,1,6,LAYING,0.3010733
13744,1,6,LAYING,0.2989597
13745,1,6,LAYING,0.2964857
13746,1,6,LAYING,0.2999438
13747,1,6,LAYING,0.3021854
13748,1,6,LAYING,0.298587
13749,1,6,LAYING,0.2959201
13750,1,6,LAYING,0.2971301
13751,1,6,LAYING,0.2969019
13752,1,6,LAYING,0.2950248
13753,1,6,LAYING,0.295889
13754,1,6,LAYING,0.2962314
13755,1,6,LAYING,0.296104
13756,1,6,LAYING,0.2998242
13757,1,6,LAYING,0.3035662
13758,1,6,LAYING,0.3041883
13759,1,6,LAYING,0.3037574
13760,1,6,LAYING,0.3032489
13761,1,6,LAYING,0.3017118
13762,1,6,LAYING,0.3003937
13763,1,6,LAYING,0.2997413
13764,1,6,LAYING,0.2972409
13765,1,6,LAYING,0.2966219
13766,1,6,LAYING,0.2989153
13767,1,6,LAYING,0.2999517
13768,1,6,LAYING,0.3021657
13769,1,6,LAYING,0.304625
13770,1,6,LAYING,0.3051515
13771,1,6,LAYING,0.3058016
13772,1,6,LAYING,0.3054329
13773,1,6,LAYING,0.3035938
13774,1,6,LAYING,0.2995764
13775,1,6,LAYING,0.2965724
13776,1,6,LAYING,0.3013671
13777,1,6,LAYING,0.3061426
13778,1,6,LAYING,0.3023202
13779,1,6,LAYING,0.2993918
13780,1,6,LAYING,0.30071
13781,1,6,LAYING,0.2996603
13782,1,6,LAYING,0.2997017
13783,1,6,LAYING,0.3010228
13784,1,6,LAYING,0.3010365
13785,1,6,LAYING,0.3033124
13786,1,6,LAYING,0.3044489
13787,1,6,LAYING,0.3038051
13788,1,6,LAYING,0.3028456
13789,1,6,LAYING,0.3008861
13790,1,6,LAYING,0.3015494
13791,1,6,LAYING,0.3004385
13792,1,6,LAYING,0.2980543
13793,1,6,LAYING,0.2978943
13794,1,6,LAYING,0.295698
13795,1,6,LAYING,0.2962465
13796,1,6,LAYING,0.2998124
13797,1,6,LAYING,0.3020442
13798,1,6,LAYING,0.3021816
13799,1,6,LAYING,0.3005604
13800,1,6,LAYING,0.3026158
13801,1,6,LAYING,0.3035007
13802,1,6,LAYING,0.3020521
13803,1,6,LAYING,0.3029223
13804,1,6,LAYING,0.3010077
13805,1,6,LAYING,0.3001682
13806,1,6,LAYING,0.3022102
13807,1,6,LAYING,0.3032525
13808,1,6,LAYING,0.3040748
13809,1,6,LAYING,0.301644
13810,1,6,LAYING,0.2988865
13811,1,6,LAYING,0.2998544
13812,1,6,LAYING,0.3005789
13813,1,6,LAYING,0.2996943
13814,1,6,LAYING,0.3002138
13815,1,6,LAYING,0.3023511
13816,1,6,LAYING,0.3040688
13817,1,6,LAYING,0.3057994
13818,1,6,LAYING,0.3066012
13819,1,6,LAYING,0.3059257
13820,1,6,LAYING,0.3016012
13821,1,6,LAYING,0.2947638
13822,1,6,LAYING,0.2951638
13823,1,6,LAYING,0.2991854
13824,1,6,LAYING,0.3003686
13825,1,6,LAYING,0.3020639
13826,1,6,LAYING,0.3016077
13827,1,6,LAYING,0.3009362
13828,1,6,LAYING,0.3027941
13829,1,6,LAYING,0.3029019
13830,1,6,LAYING,0.3025303
13831,1,6,LAYING,0.3019929
13832,1,6,LAYING,0.3009508
13833,1,6,LAYING,0.3010769
13834,1,6,LAYING,0.2997494
13835,1,6,LAYING,0.2979092
13836,1,6,LAYING,0.2984879
13837,1,6,LAYING,0.2990029
13838,1,6,LAYING,0.2987474
13839,1,6,LAYING,0.3003465
13840,1,6,LAYING,0.3021336
13841,1,6,LAYING,0.3014279
13842,1,6,LAYING,0.3010191
13843,1,6,LAYING,0.301323
13844,1,6,LAYING,0.2995338
13845,1,6,LAYING,0.2988552
13846,1,6,LAYING,0.3030183
13847,1,6,LAYING,0.3072244
13848,1,6,LAYING,0.3055599
13849,1,6,LAYING,0.3025012
13850,1,6,LAYING,0.3020228
13851,1,6,LAYING,0.3020265
13852,1,6,LAYING,0.3065243
13853,1,6,LAYING,0.3110436
13854,1,6,LAYING,0.3052412
13855,1,6,LAYING,0.2993889
13856,1,6,LAYING,0.3014345
13857,1,6,LAYING,0.3021633
13858,1,6,LAYING,0.3010949
13859,1,6,LAYING,0.3033346
13860,1,6,LAYING,0.3044209
13861,1,6,LAYING,0.3013332
13862,1,6,LAYING,0.2993665
13863,1,6,LAYING,0.3020109
13864,1,6,LAYING,0.3056464
13865,1,6,LAYING,0.306012
13866,1,6,LAYING,0.3052538
13867,1,6,LAYING,0.3056745
13868,1,6,LAYING,0.3046529
13869,1,6,LAYING,0.3010327
13870,1,6,LAYING,0.297528
13871,1,6,LAYING,0.2988492
13872,1,6,LAYING,0.3017697
13873,1,6,LAYING,0.3013387
13874,1,6,LAYING,0.3034139
13875,1,6,LAYING,0.3064442
13876,1,6,LAYING,0.3065881
13877,1,6,LAYING,0.3063656
13878,1,6,LAYING,0.3032017
13879,1,6,LAYING,0.3019469
13880,1,6,LAYING,0.3043768
13881,1,6,LAYING,0.3041548
13882,1,6,LAYING,0.3034919
13883,1,6,LAYING,0.3006861
13884,1,6,LAYING,0.2975942
13885,1,6,LAYING,0.3003318
13886,1,6,LAYING,0.3030365
13887,1,6,LAYING,0.3042793
13888,1,6,LAYING,0.3077508
13889,1,6,LAYING,0.3090368
13890,1,6,LAYING,0.3050247
13891,1,6,LAYING,0.3019121
13892,1,6,LAYING,0.3021373
13893,1,6,LAYING,0.3022271
13894,1,6,LAYING,0.3037972
13895,1,6,LAYING,0.3048368
13896,1,6,LAYING,0.3027399
13897,1,6,LAYING,0.2988427
13898,1,6,LAYING,0.2959278
13899,1,6,LAYING,0.3030783
13900,1,6,LAYING,0.3116195
13901,1,6,LAYING,0.305219
13902,1,6,LAYING,0.2973223
13903,1,6,LAYING,0.297397
13904,1,6,LAYING,0.2973573
13905,1,6,LAYING,0.3004565
13906,1,6,LAYING,0.3031249
13907,1,6,LAYING,0.3009773
13908,1,6,LAYING,0.304007
13909,1,6,LAYING,0.3070549
13910,1,6,LAYING,0.305095
13911,1,6,LAYING,0.3054302
13912,1,6,LAYING,0.3057926
13913,1,6,LAYING,0.3050341
13914,1,6,LAYING,0.3038721
13915,1,6,LAYING,0.3021369
13916,1,6,LAYING,0.3024866
13917,1,6,LAYING,0.3022255
13918,1,6,LAYING,0.3009196
13919,1,6,LAYING,0.3012725
13920,1,6,LAYING,0.3022337
13921,1,6,LAYING,0.304079
13922,1,6,LAYING,0.3072014
13923,1,6,LAYING,0.3075658
13924,1,6,LAYING,0.3053404
13925,1,6,LAYING,0.3054525
13926,1,6,LAYING,0.3061069
13927,1,6,LAYING,0.3070765
13928,1,6,LAYING,0.3087793
13929,1,6,LAYING,0.3060854
13930,1,6,LAYING,0.3017004
13931,1,6,LAYING,0.2998502
13932,1,6,LAYING,0.3002039
13933,1,6,LAYING,0.3029469
13934,1,6,LAYING,0.3047607
13935,1,6,LAYING,0.3032919
13936,1,6,LAYING,0.3011653
13937,1,6,LAYING,0.3018937
13938,1,6,LAYING,0.305239
13939,1,6,LAYING,0.3067509
13940,1,6,LAYING,0.3020981
13941,1,6,LAYING,0.2958415
13942,1,6,LAYING,0.2964352
13943,1,6,LAYING,0.2970632
13944,1,6,LAYING,0.2954796
13945,1,6,LAYING,0.2993554
13946,1,6,LAYING,0.3017338
13947,1,6,LAYING,0.3035445
13948,1,6,LAYING,0.3073513
13949,1,6,LAYING,0.30472
13950,1,6,LAYING,0.3021469
13951,1,6,LAYING,0.3015427
13952,1,6,LAYING,0.3004008
13953,1,6,LAYING,0.3020031
13954,1,6,LAYING,0.3004385
13955,1,6,LAYING,0.2991518
13956,1,6,LAYING,0.3008453
13957,1,6,LAYING,0.3010864
13958,1,6,LAYING,0.3043568
13959,1,6,LAYING,0.3067181
13960,1,6,LAYING,0.3053084
13961,1,6,LAYING,0.305368
13962,1,6,LAYING,0.3057117
13963,1,6,LAYING,0.3050319
13964,1,6,LAYING,0.3027848
13965,1,6,LAYING,0.3006098
13966,1,6,LAYING,0.3011402
13967,1,6,LAYING,0.3018619
13968,1,6,LAYING,0.3014081
13969,1,6,LAYING,0.3020889
13970,1,6,LAYING,0.30336
13971,1,6,LAYING,0.3027032
13972,1,6,LAYING,0.3026995
13973,1,6,LAYING,0.3039989
13974,1,6,LAYING,0.3038608
13975,1,6,LAYING,0.3025371
13976,1,6,LAYING,0.3007343
13977,1,6,LAYING,0.3011005
13978,1,6,LAYING,0.3020202
13979,1,6,LAYING,0.301316
13980,1,6,LAYING,0.3032117
13981,1,6,LAYING,0.3046184
13982,1,6,LAYING,0.3020652
13983,1,6,LAYING,0.2999637
13984,1,6,LAYING,0.3003679
13985,1,6,LAYING,0.3014128
13986,1,6,LAYING,0.3015837
13987,1,6,LAYING,0.3030216
13988,1,6,LAYING,0.3044244
13989,1,6,LAYING,0.3037963
13990,1,6,LAYING,0.3045379
13991,1,6,LAYING,0.3050564
13992,1,6,LAYING,0.3038085
13993,1,6,LAYING,0.3008104
13994,1,6,LAYING,0.2970536
13995,1,6,LAYING,0.2983729
13996,1,6,LAYING,0.299676
13997,1,6,LAYING,0.2979165
13998,1,6,LAYING,0.2999177
13999,1,6,LAYING,0.3014942
14000,1,6,LAYING,0.3015627
14001,1,6,LAYING,0.3035426
14002,1,6,LAYING,0.304062
14003,1,6,LAYING,0.3026328
14004,1,6,LAYING,0.300637
14005,1,6,LAYING,0.301236
14006,1,6,LAYING,0.3028746
14007,1,6,LAYING,0.3016064
14008,1,6,LAYING,0.3012803
14009,1,6,LAYING,0.3014222
14010,1,6,LAYING,0.3017466
14011,1,6,LAYING,0.304377
14012,1,6,LAYING,0.3061046
14013,1,6,LAYING,0.3050625
14014,1,6,LAYING,0.3006104
14015,1,6,LAYING,0.2972715
14016,1,6,LAYING,0.2988357
14017,1,6,LAYING,0.3009372
14018,1,6,LAYING,0.3022403
14019,1,6,LAYING,0.3041407
14020,1,6,LAYING,0.3062021
14021,1,6,LAYING,0.3054516
14022,1,6,LAYING,0.3022055
14023,1,6,LAYING,0.3009021
14024,1,6,LAYING,0.3011713
14025,1,6,LAYING,0.3016685
14026,1,6,LAYING,0.3015986
14027,1,6,LAYING,0.3023412
14028,1,6,LAYING,0.3048068
14029,1,6,LAYING,0.3046269
14030,1,6,LAYING,0.3041189
14031,1,6,LAYING,0.306889
14032,1,6,LAYING,0.3085445
14033,1,6,LAYING,0.3071484
14034,1,6,LAYING,0.3051284
14035,1,6,LAYING,0.302746
14036,1,6,LAYING,0.3008211
14037,1,6,LAYING,0.3029927
14038,1,6,LAYING,0.3055241
14039,1,6,LAYING,0.3047996
14040,1,6,LAYING,0.3055016
14041,1,6,LAYING,0.3064412
14042,1,6,LAYING,0.306894
14043,1,6,LAYING,0.3086411
14044,1,6,LAYING,0.3067409
14045,1,6,LAYING,0.3034462
14046,1,6,LAYING,0.3042496
14047,1,6,LAYING,0.3054065
14048,1,6,LAYING,0.3051658
14049,1,6,LAYING,0.303666
14050,1,6,LAYING,0.3002541
14051,1,6,LAYING,0.299222
14052,1,6,LAYING,0.3011029
14053,1,6,LAYING,0.3035652
14054,1,6,LAYING,0.3066663
14055,1,6,LAYING,0.3070386
14056,1,6,LAYING,0.3062875
14057,1,6,LAYING,0.307491
14058,1,6,LAYING,0.3072729
14059,1,6,LAYING,0.3083345
14060,1,6,LAYING,0.3102191
14061,1,6,LAYING,0.3066153
14062,1,6,LAYING,0.3021526
14063,1,6,LAYING,0.3004095
14064,1,6,LAYING,0.298911
14065,1,6,LAYING,0.2992975
14066,1,6,LAYING,0.3013047
14067,1,6,LAYING,0.3022048
14068,1,6,LAYING,0.3031294
14069,1,6,LAYING,0.3055435
14070,1,6,LAYING,0.3062438
14071,1,6,LAYING,0.3050635
14072,1,6,LAYING,0.3054468
14073,1,6,LAYING,0.3048954
14074,1,6,LAYING,0.3032236
14075,1,6,LAYING,0.30249
14076,1,6,LAYING,0.3006483
14077,1,6,LAYING,0.2991841
14078,1,6,LAYING,0.2991478
14079,1,6,LAYING,0.3008326
14080,1,6,LAYING,0.3040865
14081,1,6,LAYING,0.3040657
14082,1,6,LAYING,0.3034825
14083,1,6,LAYING,0.3050942
14084,1,6,LAYING,0.305005
14085,1,6,LAYING,0.3063983
14086,1,6,LAYING,0.3073579
14087,1,6,LAYING,0.3037098
14088,1,6,LAYING,0.3018066
14089,1,6,LAYING,0.3018976
14090,1,6,LAYING,0.3013047
14091,1,6,LAYING,0.3012984
14092,1,6,LAYING,0.3013681
14093,1,6,LAYING,0.3018845
14094,1,6,LAYING,0.3030618
14095,1,6,LAYING,0.3046862
14096,1,6,LAYING,0.3043721
14097,1,6,LAYING,0.3029888
14098,1,6,LAYING,0.3046624
14099,1,6,LAYING,0.3060453
14100,1,6,LAYING,0.3056382
14101,1,6,LAYING,0.3054278
14102,1,6,LAYING,0.3047559
14103,1,6,LAYING,0.3022106
14104,1,6,LAYING,0.2983751
14105,1,6,LAYING,0.2977806
14106,1,6,LAYING,0.2984081
14107,1,6,LAYING,0.2999109
14108,1,6,LAYING,0.3046811
14109,1,6,LAYING,0.3053715
14110,1,6,LAYING,0.3055729
14111,1,6,LAYING,0.3082295
14112,1,6,LAYING,0.3056455
14113,1,6,LAYING,0.3038207
14114,1,6,LAYING,0.3019151
14115,1,6,LAYING,0.2969296
14116,1,6,LAYING,0.2990493
14117,1,6,LAYING,0.301576
14118,1,6,LAYING,0.2993454
14119,1,6,LAYING,0.3008702
14120,1,6,LAYING,0.3021375
14121,1,6,LAYING,0.3010024
14122,1,6,LAYING,0.3017997
14123,1,6,LAYING,0.3036417
14124,1,6,LAYING,0.306363
14125,1,6,LAYING,0.3077971
14126,1,6,LAYING,0.3067068
14127,1,6,LAYING,0.3056543
14128,1,6,LAYING,0.3019003
14129,1,6,LAYING,0.2967976
14130,1,6,LAYING,0.2983112
14131,1,6,LAYING,0.3017855
14132,1,6,LAYING,0.3011625
14133,1,6,LAYING,0.302162
14134,1,6,LAYING,0.305243
14135,1,6,LAYING,0.3075547
14136,1,6,LAYING,0.3070487
14137,1,6,LAYING,0.3024428
14138,1,6,LAYING,0.3004978
14139,1,6,LAYING,0.3023881
14140,1,6,LAYING,0.3058916
14141,1,6,LAYING,0.3089512
14142,1,6,LAYING,0.304173
14143,1,6,LAYING,0.2990706
14144,1,6,LAYING,0.3011721
14145,1,6,LAYING,0.3005122
14146,1,6,LAYING,0.2978418
14147,1,6,LAYING,0.3015694
14148,1,6,LAYING,0.306144
14149,1,6,LAYING,0.3057735
14150,1,6,LAYING,0.3052958
14151,1,6,LAYING,0.3057528
14152,1,6,LAYING,0.305395
14153,1,6,LAYING,0.3051371
14154,1,6,LAYING,0.3028389
14155,1,6,LAYING,0.3006853
14156,1,6,LAYING,0.3021034
14157,1,6,LAYING,0.3033343
14158,1,6,LAYING,0.3018015
14159,1,6,LAYING,0.3007535
14160,1,6,LAYING,0.3018514
14161,1,6,LAYING,0.3025232
14162,1,6,LAYING,0.3037003
14163,1,6,LAYING,0.3048057
14164,1,6,LAYING,0.3035437
14165,1,6,LAYING,0.3021243
14166,1,6,LAYING,0.3001853
14167,1,6,LAYING,0.2994612
14168,1,6,LAYING,0.3013408
14169,1,6,LAYING,0.3016377
14170,1,6,LAYING,0.3012524
14171,1,6,LAYING,0.3014711
14172,1,6,LAYING,0.3013072
14173,1,6,LAYING,0.3018164
14174,1,6,LAYING,0.3031501
14175,1,6,LAYING,0.3046763
14176,1,6,LAYING,0.3044617
14177,1,6,LAYING,0.3031261
14178,1,6,LAYING,0.3017507
14179,1,6,LAYING,0.2994347
14180,1,6,LAYING,0.3008346
14181,1,6,LAYING,0.3052379
14182,1,6,LAYING,0.306039
14183,1,6,LAYING,0.3049751
14184,1,6,LAYING,0.3028496
14185,1,6,LAYING,0.3004443
14186,1,6,LAYING,0.3016474
14187,1,6,LAYING,0.3036455
14188,1,6,LAYING,0.304385
14189,1,6,LAYING,0.3040805
14190,1,6,LAYING,0.3020723
14191,1,6,LAYING,0.3018142
14192,1,6,LAYING,0.3057831
14193,1,6,LAYING,0.3090034
14194,1,6,LAYING,0.3043535
14195,1,6,LAYING,0.2986889
14196,1,6,LAYING,0.3008118
14197,1,6,LAYING,0.3021409
14198,1,6,LAYING,0.3023894
14199,1,6,LAYING,0.306347
14200,1,6,LAYING,0.3056493
14201,1,6,LAYING,0.302908
14202,1,6,LAYING,0.3029362
14203,1,6,LAYING,0.3024666
14204,1,6,LAYING,0.3039342
14205,1,6,LAYING,0.3046402
14206,1,6,LAYING,0.3037638
14207,1,6,LAYING,0.3042796
14208,1,6,LAYING,0.302427
14209,1,6,LAYING,0.2988705
14210,1,6,LAYING,0.2964284
14211,1,6,LAYING,0.2976028
14212,1,6,LAYING,0.3003885
14213,1,6,LAYING,0.3015643
14214,1,6,LAYING,0.3068424
14215,1,6,LAYING,0.3104005
14216,1,6,LAYING,0.3075819
14217,1,6,LAYING,0.3078529
14218,1,6,LAYING,0.3080943
14219,1,6,LAYING,0.3058047
14220,1,6,LAYING,0.3052405
14221,1,6,LAYING,0.3039105
14222,1,6,LAYING,0.3036407
14223,1,6,LAYING,0.3040314
14224,1,6,LAYING,0.3003857
14225,1,6,LAYING,0.2980672
14226,1,6,LAYING,0.3020788
14227,1,6,LAYING,0.3060173
14228,1,6,LAYING,0.3044309
14229,1,6,LAYING,0.3013601
14230,1,6,LAYING,0.2997118
14231,1,6,LAYING,0.299985
14232,1,6,LAYING,0.3044816
14233,1,6,LAYING,0.3085725
14234,1,6,LAYING,0.3079859
14235,1,6,LAYING,0.3045463
14236,1,6,LAYING,0.3005826
14237,1,6,LAYING,0.3004696
14238,1,6,LAYING,0.3004287
14239,1,6,LAYING,0.2981142
14240,1,6,LAYING,0.3014595
14241,1,6,LAYING,0.3060826
14242,1,6,LAYING,0.3063861
14243,1,6,LAYING,0.3080136
14244,1,6,LAYING,0.3103888
14245,1,6,LAYING,0.3086744
14246,1,6,LAYING,0.3047173
14247,1,6,LAYING,0.302991
14248,1,6,LAYING,0.3015656
14249,1,6,LAYING,0.2992836
14250,1,6,LAYING,0.2998537
14251,1,6,LAYING,0.3019505
14252,1,6,LAYING,0.3041252
14253,1,6,LAYING,0.3063691
14254,1,6,LAYING,0.3062549
14255,1,6,LAYING,0.3066721
14256,1,6,LAYING,0.3085043
14257,1,6,LAYING,0.305107
14258,1,6,LAYING,0.300702
14259,1,6,LAYING,0.3021881
14260,1,6,LAYING,0.3022747
14261,1,6,LAYING,0.2998391
14262,1,6,LAYING,0.3002148
14263,1,6,LAYING,0.301431
14264,1,6,LAYING,0.3019435
14265,1,6,LAYING,0.3011436
14266,1,6,LAYING,0.3010937
14267,1,6,LAYING,0.3021116
14268,1,6,LAYING,0.302243
14269,1,6,LAYING,0.3048677
14270,1,6,LAYING,0.3063315
14271,1,6,LAYING,0.3042327
14272,1,6,LAYING,0.3035661
14273,1,6,LAYING,0.3024104
14274,1,6,LAYING,0.3005248
14275,1,6,LAYING,0.2994412
14276,1,6,LAYING,0.298673
14277,1,6,LAYING,0.3001728
14278,1,6,LAYING,0.3021508
14279,1,6,LAYING,0.3012581
14280,1,6,LAYING,0.2990321
14281,1,6,LAYING,0.299102
14282,1,6,LAYING,0.3022542
14283,1,6,LAYING,0.3061869
14284,1,6,LAYING,0.3062567
14285,1,6,LAYING,0.3034953
14286,1,6,LAYING,0.3035306
14287,1,6,LAYING,0.3029102
14288,1,6,LAYING,0.3001252
14289,1,6,LAYING,0.2974164
14290,1,6,LAYING,0.2961202
14291,1,6,LAYING,0.2988611
14292,1,6,LAYING,0.2993171
14293,1,6,LAYING,0.2989076
14294,1,6,LAYING,0.3018321
14295,1,6,LAYING,0.3018238
14296,1,6,LAYING,0.3032928
14297,1,6,LAYING,0.3068524
14298,1,6,LAYING,0.3071256
14299,1,6,LAYING,0.3056316
14300,1,6,LAYING,0.3022714
14301,1,6,LAYING,0.3006386
14302,1,6,LAYING,0.3014089
14303,1,6,LAYING,0.3015563
14304,1,6,LAYING,0.3014155
14305,1,6,LAYING,0.3011656
14306,1,6,LAYING,0.301614
14307,1,6,LAYING,0.3015148
14308,1,6,LAYING,0.302121
14309,1,6,LAYING,0.3031586
14310,1,6,LAYING,0.301725
14311,1,6,LAYING,0.301035
14312,1,6,LAYING,0.3014385
14313,1,6,LAYING,0.3014455
14314,1,6,LAYING,0.3015862
14315,1,6,LAYING,0.3026945
14316,1,6,LAYING,0.3058792
14317,1,6,LAYING,0.3067199
14318,1,6,LAYING,0.3016604
14319,1,6,LAYING,0.296943
14320,1,6,LAYING,0.2999392
14321,1,6,LAYING,0.3033171
14322,1,6,LAYING,0.3007014
14323,1,6,LAYING,0.3009434
14324,1,6,LAYING,0.3028022
14325,1,6,LAYING,0.3032006
14326,1,6,LAYING,0.3056941
14327,1,6,LAYING,0.3042658
14328,1,6,LAYING,0.302089
14329,1,6,LAYING,0.3034455
14330,1,6,LAYING,0.3024682
14331,1,6,LAYING,0.3020365
14332,1,6,LAYING,0.3006273
14333,1,6,LAYING,0.2976297
14334,1,6,LAYING,0.3008702
14335,1,6,LAYING,0.3056677
14336,1,6,LAYING,0.307763
14337,1,6,LAYING,0.3090165
14338,1,6,LAYING,0.3078722
14339,1,6,LAYING,0.3062695
14340,1,6,LAYING,0.3053344
14341,1,6,LAYING,0.3051662
14342,1,6,LAYING,0.3056126
14343,1,6,LAYING,0.3036741
14344,1,6,LAYING,0.3018455
14345,1,6,LAYING,0.3019805
14346,1,6,LAYING,0.3013187
14347,1,6,LAYING,0.3012823
14348,1,6,LAYING,0.3025407
14349,1,6,LAYING,0.3026274
14350,1,6,LAYING,0.3010096
14351,1,6,LAYING,0.3000893
14352,1,6,LAYING,0.3037391
14353,1,6,LAYING,0.3088919
14354,1,6,LAYING,0.3086835
14355,1,6,LAYING,0.3055236
14356,1,6,LAYING,0.3029224
14357,1,6,LAYING,0.2994656
14358,1,6,LAYING,0.2984393
14359,1,6,LAYING,0.3022971
14360,1,6,LAYING,0.3058677
14361,1,6,LAYING,0.3063512
14362,1,6,LAYING,0.3075783
14363,1,6,LAYING,0.3089648
14364,1,6,LAYING,0.3063066
14365,1,6,LAYING,0.3045693
14366,1,6,LAYING,0.3059811
14367,1,6,LAYING,0.3050309
14368,1,6,LAYING,0.3021341
14369,1,6,LAYING,0.2981339
14370,1,6,LAYING,0.2960634
14371,1,6,LAYING,0.2988889
14372,1,6,LAYING,0.3011525
14373,1,6,LAYING,0.302606
14374,1,6,LAYING,0.3043047
14375,1,6,LAYING,0.3043177
14376,1,6,LAYING,0.3054533
14377,1,6,LAYING,0.3076634
14378,1,6,LAYING,0.3088394
14379,1,6,LAYING,0.3081543
14380,1,6,LAYING,0.3059425
14381,1,6,LAYING,0.3043716
14382,1,6,LAYING,0.3037285
14383,1,6,LAYING,0.3044019
14384,1,6,LAYING,0.3053374
14385,1,6,LAYING,0.30549
14386,1,6,LAYING,0.3058382
14387,1,6,LAYING,0.305581
14388,1,6,LAYING,0.3065133
14389,1,6,LAYING,0.3083974
14390,1,6,LAYING,0.3080828
14391,1,6,LAYING,0.3065619
14392,1,6,LAYING,0.3049814
14393,1,6,LAYING,0.3052777
14394,1,6,LAYING,0.3057684
14395,1,6,LAYING,0.3034006
14396,1,6,LAYING,0.30206
14397,1,6,LAYING,0.3015712
14398,1,6,LAYING,0.2994232
14399,1,6,LAYING,0.2983311
14400,1,4,SITTING,0.9451244
14401,1,4,SITTING,0.9551743
14402,1,4,SITTING,0.9692975
14403,1,4,SITTING,0.98816
14404,1,4,SITTING,1.009354
14405,1,4,SITTING,1.015144
14406,1,4,SITTING,0.9877798
14407,1,4,SITTING,0.9657952
14408,1,4,SITTING,0.973961
14409,1,4,SITTING,0.9855397
14410,1,4,SITTING,0.9852835
14411,1,4,SITTING,0.9781852
14412,1,4,SITTING,0.9697609
14413,1,4,SITTING,0.9683663
14414,1,4,SITTING,0.9811134
14415,1,4,SITTING,0.9913001
14416,1,4,SITTING,0.9936597
14417,1,4,SITTING,0.9949915
14418,1,4,SITTING,0.9892793
14419,1,4,SITTING,0.9844574
14420,1,4,SITTING,0.9835209
14421,1,4,SITTING,0.9890403
14422,1,4,SITTING,0.9962593
14423,1,4,SITTING,0.9908992
14424,1,4,SITTING,0.9867893
14425,1,4,SITTING,0.9877687
14426,1,4,SITTING,0.9931115
14427,1,4,SITTING,1.001574
14428,1,4,SITTING,0.9954054
14429,1,4,SITTING,0.9857802
14430,1,4,SITTING,0.9839238
14431,1,4,SITTING,0.9824922
14432,1,4,SITTING,0.9834281
14433,1,4,SITTING,0.9838383
14434,1,4,SITTING,0.9831006
14435,1,4,SITTING,0.9857684
14436,1,4,SITTING,0.9894255
14437,1,4,SITTING,0.9943293
14438,1,4,SITTING,0.9999963
14439,1,4,SITTING,1.000456
14440,1,4,SITTING,0.9968203
14441,1,4,SITTING,0.99515
14442,1,4,SITTING,0.9966465
14443,1,4,SITTING,0.9974207
14444,1,4,SITTING,0.9943456
14445,1,4,SITTING,0.9920026
14446,1,4,SITTING,0.9939795
14447,1,4,SITTING,0.9979132
14448,1,4,SITTING,1.000375
14449,1,4,SITTING,0.9966061
14450,1,4,SITTING,0.9906916
14451,1,4,SITTING,0.9910461
14452,1,4,SITTING,0.9927161
14453,1,4,SITTING,0.9920611
14454,1,4,SITTING,0.993511
14455,1,4,SITTING,0.9943822
14456,1,4,SITTING,0.9941085
14457,1,4,SITTING,0.9950985
14458,1,4,SITTING,0.9951299
14459,1,4,SITTING,0.9959369
14460,1,4,SITTING,0.9957963
14461,1,4,SITTING,0.9923952
14462,1,4,SITTING,0.9904113
14463,1,4,SITTING,0.9905068
14464,1,4,SITTING,0.9910332
14465,1,4,SITTING,0.9893183
14466,1,4,SITTING,0.9869515
14467,1,4,SITTING,0.988288
14468,1,4,SITTING,0.9901943
14469,1,4,SITTING,0.9927259
14470,1,4,SITTING,0.9950992
14471,1,4,SITTING,0.9953133
14472,1,4,SITTING,0.9948041
14473,1,4,SITTING,0.9921356
14474,1,4,SITTING,0.9919733
14475,1,4,SITTING,0.9909997
14476,1,4,SITTING,0.9845296
14477,1,4,SITTING,0.9842626
14478,1,4,SITTING,0.9887248
14479,1,4,SITTING,0.9919638
14480,1,4,SITTING,0.9943662
14481,1,4,SITTING,0.9931057
14482,1,4,SITTING,0.9943969
14483,1,4,SITTING,0.9961395
14484,1,4,SITTING,0.9911078
14485,1,4,SITTING,0.9872607
14486,1,4,SITTING,0.988861
14487,1,4,SITTING,0.9906414
14488,1,4,SITTING,0.9895349
14489,1,4,SITTING,0.9875324
14490,1,4,SITTING,0.986709
14491,1,4,SITTING,0.9907383
14492,1,4,SITTING,0.9969388
14493,1,4,SITTING,0.9946597
14494,1,4,SITTING,0.9913465
14495,1,4,SITTING,0.9919703
14496,1,4,SITTING,0.9897855
14497,1,4,SITTING,0.9905432
14498,1,4,SITTING,0.9897865
14499,1,4,SITTING,0.987428
14500,1,4,SITTING,0.9927527
14501,1,4,SITTING,0.9941217
14502,1,4,SITTING,0.9921869
14503,1,4,SITTING,0.9936879
14504,1,4,SITTING,0.9928786
14505,1,4,SITTING,0.9939484
14506,1,4,SITTING,0.9950577
14507,1,4,SITTING,0.993491
14508,1,4,SITTING,0.992038
14509,1,4,SITTING,0.9896715
14510,1,4,SITTING,0.9917247
14511,1,4,SITTING,0.9944157
14512,1,4,SITTING,0.9926632
14513,1,4,SITTING,0.9926297
14514,1,4,SITTING,0.9921844
14515,1,4,SITTING,0.9893822
14516,1,4,SITTING,0.9882677
14517,1,4,SITTING,0.9894889
14518,1,4,SITTING,0.9918162
14519,1,4,SITTING,0.9932784
14520,1,4,SITTING,0.9916687
14521,1,4,SITTING,0.9897157
14522,1,4,SITTING,0.9929103
14523,1,4,SITTING,0.9957493
14524,1,4,SITTING,0.9927233
14525,1,4,SITTING,0.9896896
14526,1,4,SITTING,0.9889968
14527,1,4,SITTING,0.9911923
14528,1,4,SITTING,0.9940394
14529,1,4,SITTING,0.991388
14530,1,4,SITTING,0.9887598
14531,1,4,SITTING,0.9898198
14532,1,4,SITTING,0.9888748
14533,1,4,SITTING,0.9881398
14534,1,4,SITTING,0.988707
14535,1,4,SITTING,0.9881239
14536,1,4,SITTING,0.9897818
14537,1,4,SITTING,0.991002
14538,1,4,SITTING,0.9889192
14539,1,4,SITTING,0.9885643
14540,1,4,SITTING,0.9889387
14541,1,4,SITTING,0.9878542
14542,1,4,SITTING,0.9873182
14543,1,4,SITTING,0.9873556
14544,1,4,SITTING,0.9876792
14545,1,4,SITTING,0.9874842
14546,1,4,SITTING,0.9875272
14547,1,4,SITTING,0.9887765
14548,1,4,SITTING,0.9899187
14549,1,4,SITTING,0.9906639
14550,1,4,SITTING,0.990107
14551,1,4,SITTING,0.9892984
14552,1,4,SITTING,0.9899649
14553,1,4,SITTING,0.9912059
14554,1,4,SITTING,0.9916736
14555,1,4,SITTING,0.9887651
14556,1,4,SITTING,0.9854624
14557,1,4,SITTING,0.9858953
14558,1,4,SITTING,0.9858968
14559,1,4,SITTING,0.9832841
14560,1,4,SITTING,0.981474
14561,1,4,SITTING,0.9834651
14562,1,4,SITTING,0.9858726
14563,1,4,SITTING,0.9847764
14564,1,4,SITTING,0.9858381
14565,1,4,SITTING,0.9904847
14566,1,4,SITTING,0.9926229
14567,1,4,SITTING,0.9912774
14568,1,4,SITTING,0.9885031
14569,1,4,SITTING,0.9868891
14570,1,4,SITTING,0.9877101
14571,1,4,SITTING,0.9897472
14572,1,4,SITTING,0.9916615
14573,1,4,SITTING,0.9918234
14574,1,4,SITTING,0.9906374
14575,1,4,SITTING,0.9894173
14576,1,4,SITTING,0.9875761
14577,1,4,SITTING,0.9854855
14578,1,4,SITTING,0.9854503
14579,1,4,SITTING,0.9858803
14580,1,4,SITTING,0.9842175
14581,1,4,SITTING,0.9849005
14582,1,4,SITTING,0.9886036
14583,1,4,SITTING,0.9919291
14584,1,4,SITTING,0.9942373
14585,1,4,SITTING,0.9917976
14586,1,4,SITTING,0.9860739
14587,1,4,SITTING,0.9821697
14588,1,4,SITTING,0.9824385
14589,1,4,SITTING,0.9857071
14590,1,4,SITTING,0.9856102
14591,1,4,SITTING,0.9853908
14592,1,4,SITTING,0.9853024
14593,1,4,SITTING,0.9823209
14594,1,4,SITTING,0.9850837
14595,1,4,SITTING,0.9875474
14596,1,4,SITTING,0.9853336
14597,1,4,SITTING,0.9864652
14598,1,4,SITTING,0.9871685
14599,1,4,SITTING,0.9874673
14600,1,4,SITTING,0.9881133
14601,1,4,SITTING,0.9879128
14602,1,4,SITTING,0.9892458
14603,1,4,SITTING,0.9875905
14604,1,4,SITTING,0.9841085
14605,1,4,SITTING,0.9835234
14606,1,4,SITTING,0.9865952
14607,1,4,SITTING,0.9904928
14608,1,4,SITTING,0.9887485
14609,1,4,SITTING,0.9860907
14610,1,4,SITTING,0.9863574
14611,1,4,SITTING,0.985725
14612,1,4,SITTING,0.9861988
14613,1,4,SITTING,0.9863998
14614,1,4,SITTING,0.9854907
14615,1,4,SITTING,0.9855388
14616,1,4,SITTING,0.9847554
14617,1,4,SITTING,0.9863831
14618,1,4,SITTING,0.9894552
14619,1,4,SITTING,0.9884792
14620,1,4,SITTING,0.9857823
14621,1,4,SITTING,0.9831962
14622,1,4,SITTING,0.9826342
14623,1,4,SITTING,0.9839035
14624,1,4,SITTING,0.9832153
14625,1,4,SITTING,0.9838096
14626,1,4,SITTING,0.9872542
14627,1,4,SITTING,0.9893721
14628,1,4,SITTING,0.9875955
14629,1,4,SITTING,0.9848299
14630,1,4,SITTING,0.9861343
14631,1,4,SITTING,0.9868495
14632,1,4,SITTING,0.9851827
14633,1,4,SITTING,0.9855321
14634,1,4,SITTING,0.9846232
14635,1,4,SITTING,0.9843419
14636,1,4,SITTING,0.9862728
14637,1,4,SITTING,0.9860399
14638,1,4,SITTING,0.9861477
14639,1,4,SITTING,0.9862528
14640,1,4,SITTING,0.9859882
14641,1,4,SITTING,0.9873155
14642,1,4,SITTING,0.9876054
14643,1,4,SITTING,0.9873879
14644,1,4,SITTING,0.9866046
14645,1,4,SITTING,0.9856797
14646,1,4,SITTING,0.9866023
14647,1,4,SITTING,0.9879235
14648,1,4,SITTING,0.9893596
14649,1,4,SITTING,0.9886575
14650,1,4,SITTING,0.9856917
14651,1,4,SITTING,0.9842081
14652,1,4,SITTING,0.9844139
14653,1,4,SITTING,0.9856649
14654,1,4,SITTING,0.9873454
14655,1,4,SITTING,0.9887102
14656,1,4,SITTING,0.9860115
14657,1,4,SITTING,0.9813909
14658,1,4,SITTING,0.9835497
14659,1,4,SITTING,0.9870076
14660,1,4,SITTING,0.9891916
14661,1,4,SITTING,0.9927825
14662,1,4,SITTING,0.9887719
14663,1,4,SITTING,0.9827586
14664,1,4,SITTING,0.9835898
14665,1,4,SITTING,0.9851099
14666,1,4,SITTING,0.9866244
14667,1,4,SITTING,0.9865419
14668,1,4,SITTING,0.9849994
14669,1,4,SITTING,0.9848205
14670,1,4,SITTING,0.9833002
14671,1,4,SITTING,0.9854571
14672,1,4,SITTING,0.9891892
14673,1,4,SITTING,0.9871036
14674,1,4,SITTING,0.9858153
14675,1,4,SITTING,0.9857976
14676,1,4,SITTING,0.9848965
14677,1,4,SITTING,0.9864594
14678,1,4,SITTING,0.9865539
14679,1,4,SITTING,0.9855123
14680,1,4,SITTING,0.986254
14681,1,4,SITTING,0.9852619
14682,1,4,SITTING,0.9841831
14683,1,4,SITTING,0.9850775
14684,1,4,SITTING,0.9856693
14685,1,4,SITTING,0.9862652
14686,1,4,SITTING,0.986316
14687,1,4,SITTING,0.9860253
14688,1,4,SITTING,0.9873067
14689,1,4,SITTING,0.988532
14690,1,4,SITTING,0.9877041
14691,1,4,SITTING,0.9845781
14692,1,4,SITTING,0.9824144
14693,1,4,SITTING,0.9842468
14694,1,4,SITTING,0.9855058
14695,1,4,SITTING,0.9842115
14696,1,4,SITTING,0.9837348
14697,1,4,SITTING,0.9831465
14698,1,4,SITTING,0.9822958
14699,1,4,SITTING,0.9828456
14700,1,4,SITTING,0.9836321
14701,1,4,SITTING,0.9850973
14702,1,4,SITTING,0.9886565
14703,1,4,SITTING,0.9922805
14704,1,4,SITTING,0.991623
14705,1,4,SITTING,0.9871641
14706,1,4,SITTING,0.9841929
14707,1,4,SITTING,0.9833917
14708,1,4,SITTING,0.9833126
14709,1,4,SITTING,0.9833939
14710,1,4,SITTING,0.9833564
14711,1,4,SITTING,0.9845576
14712,1,4,SITTING,0.9862154
14713,1,4,SITTING,0.9881516
14714,1,4,SITTING,0.989013
14715,1,4,SITTING,0.9861258
14716,1,4,SITTING,0.9835305
14717,1,4,SITTING,0.9840578
14718,1,4,SITTING,0.9848438
14719,1,4,SITTING,0.9839338
14720,1,4,SITTING,0.9828672
14721,1,4,SITTING,0.9831561
14722,1,4,SITTING,0.9830005
14723,1,4,SITTING,0.9829468
14724,1,4,SITTING,0.9841093
14725,1,4,SITTING,0.9852838
14726,1,4,SITTING,0.9872467
14727,1,4,SITTING,0.9884829
14728,1,4,SITTING,0.987976
14729,1,4,SITTING,0.9886682
14730,1,4,SITTING,0.9876503
14731,1,4,SITTING,0.9849498
14732,1,4,SITTING,0.986155
14733,1,4,SITTING,0.9865212
14734,1,4,SITTING,0.9845926
14735,1,4,SITTING,0.9849549
14736,1,4,SITTING,0.9855336
14737,1,4,SITTING,0.986336
14738,1,4,SITTING,0.9864286
14739,1,4,SITTING,0.9856325
14740,1,4,SITTING,0.9860518
14741,1,4,SITTING,0.984328
14742,1,4,SITTING,0.9825566
14743,1,4,SITTING,0.9834185
14744,1,4,SITTING,0.9829952
14745,1,4,SITTING,0.9805121
14746,1,4,SITTING,0.9794212
14747,1,4,SITTING,0.9844485
14748,1,4,SITTING,0.9906182
14749,1,4,SITTING,0.9894625
14750,1,4,SITTING,0.9877046
14751,1,4,SITTING,0.9895664
14752,1,4,SITTING,0.9886074
14753,1,4,SITTING,0.9865783
14754,1,4,SITTING,0.9860999
14755,1,4,SITTING,0.9856479
14756,1,4,SITTING,0.9866099
14757,1,4,SITTING,0.9871171
14758,1,4,SITTING,0.9871684
14759,1,4,SITTING,0.9871539
14760,1,4,SITTING,0.9857776
14761,1,4,SITTING,0.9877982
14762,1,4,SITTING,0.9896369
14763,1,4,SITTING,0.9867458
14764,1,4,SITTING,0.9854433
14765,1,4,SITTING,0.9861504
14766,1,4,SITTING,0.9863225
14767,1,4,SITTING,0.9860267
14768,1,4,SITTING,0.985614
14769,1,4,SITTING,0.9845748
14770,1,4,SITTING,0.9825983
14771,1,4,SITTING,0.983142
14772,1,4,SITTING,0.9842505
14773,1,4,SITTING,0.9850449
14774,1,4,SITTING,0.9885607
14775,1,4,SITTING,0.9896113
14776,1,4,SITTING,0.9871909
14777,1,4,SITTING,0.9854369
14778,1,4,SITTING,0.9842629
14779,1,4,SITTING,0.9847228
14780,1,4,SITTING,0.9859971
14781,1,4,SITTING,0.9861611
14782,1,4,SITTING,0.986191
14783,1,4,SITTING,0.9857253
14784,1,4,SITTING,0.9840659
14785,1,4,SITTING,0.9814867
14786,1,4,SITTING,0.9786923
14787,1,4,SITTING,0.9778016
14788,1,4,SITTING,0.9805745
14789,1,4,SITTING,0.9848865
14790,1,4,SITTING,0.9855459
14791,1,4,SITTING,0.9842635
14792,1,4,SITTING,0.9861368
14793,1,4,SITTING,0.9883745
14794,1,4,SITTING,0.9891944
14795,1,4,SITTING,0.9881139
14796,1,4,SITTING,0.9830927
14797,1,4,SITTING,0.9798236
14798,1,4,SITTING,0.9836249
14799,1,4,SITTING,0.9881255
14800,1,4,SITTING,0.9862328
14801,1,4,SITTING,0.9839922
14802,1,4,SITTING,0.9826996
14803,1,4,SITTING,0.9782625
14804,1,4,SITTING,0.9817173
14805,1,4,SITTING,0.9876486
14806,1,4,SITTING,0.9841804
14807,1,4,SITTING,0.9847826
14808,1,4,SITTING,0.9872535
14809,1,4,SITTING,0.9832375
14810,1,4,SITTING,0.9809941
14811,1,4,SITTING,0.9805544
14812,1,4,SITTING,0.9820822
14813,1,4,SITTING,0.9840531
14814,1,4,SITTING,0.9813618
14815,1,4,SITTING,0.9802143
14816,1,4,SITTING,0.9835937
14817,1,4,SITTING,0.9866268
14818,1,4,SITTING,0.9865288
14819,1,4,SITTING,0.985596
14820,1,4,SITTING,0.9863372
14821,1,4,SITTING,0.986203
14822,1,4,SITTING,0.9858528
14823,1,4,SITTING,0.9863591
14824,1,4,SITTING,0.9859866
14825,1,4,SITTING,0.9853755
14826,1,4,SITTING,0.9826605
14827,1,4,SITTING,0.9800303
14828,1,4,SITTING,0.983808
14829,1,4,SITTING,0.9880029
14830,1,4,SITTING,0.9857331
14831,1,4,SITTING,0.9832271
14832,1,4,SITTING,0.9826908
14833,1,4,SITTING,0.9814417
14834,1,4,SITTING,0.9828135
14835,1,4,SITTING,0.9841339
14836,1,4,SITTING,0.9834013
14837,1,4,SITTING,0.9864432
14838,1,4,SITTING,0.9903072
14839,1,4,SITTING,0.9906505
14840,1,4,SITTING,0.9892547
14841,1,4,SITTING,0.9883579
14842,1,4,SITTING,0.9889206
14843,1,4,SITTING,0.9882559
14844,1,4,SITTING,0.9873621
14845,1,4,SITTING,0.9866024
14846,1,4,SITTING,0.9840741
14847,1,4,SITTING,0.9839414
14848,1,4,SITTING,0.9845888
14849,1,4,SITTING,0.9825995
14850,1,4,SITTING,0.9821257
14851,1,4,SITTING,0.9826327
14852,1,4,SITTING,0.9832377
14853,1,4,SITTING,0.9852926
14854,1,4,SITTING,0.9842287
14855,1,4,SITTING,0.982257
14856,1,4,SITTING,0.9839377
14857,1,4,SITTING,0.9844172
14858,1,4,SITTING,0.9843397
14859,1,4,SITTING,0.9841984
14860,1,4,SITTING,0.9819195
14861,1,4,SITTING,0.9825232
14862,1,4,SITTING,0.9843191
14863,1,4,SITTING,0.9849535
14864,1,4,SITTING,0.9858916
14865,1,4,SITTING,0.9828234
14866,1,4,SITTING,0.9790108
14867,1,4,SITTING,0.9803611
14868,1,4,SITTING,0.9817793
14869,1,4,SITTING,0.9817683
14870,1,4,SITTING,0.9838542
14871,1,4,SITTING,0.9837949
14872,1,4,SITTING,0.9815608
14873,1,4,SITTING,0.9822835
14874,1,4,SITTING,0.982894
14875,1,4,SITTING,0.9836468
14876,1,4,SITTING,0.985835
14877,1,4,SITTING,0.9870222
14878,1,4,SITTING,0.9881518
14879,1,4,SITTING,0.9870713
14880,1,4,SITTING,0.985258
14881,1,4,SITTING,0.9853118
14882,1,4,SITTING,0.9868013
14883,1,4,SITTING,0.9896053
14884,1,4,SITTING,0.9864432
14885,1,4,SITTING,0.9818788
14886,1,4,SITTING,0.9838078
14887,1,4,SITTING,0.9845224
14888,1,4,SITTING,0.9843477
14889,1,4,SITTING,0.9843363
14890,1,4,SITTING,0.9826238
14891,1,4,SITTING,0.9837312
14892,1,4,SITTING,0.9854653
14893,1,4,SITTING,0.9862682
14894,1,4,SITTING,0.9863817
14895,1,4,SITTING,0.9847593
14896,1,4,SITTING,0.9845616
14897,1,4,SITTING,0.9850172
14898,1,4,SITTING,0.9858303
14899,1,4,SITTING,0.9883311
14900,1,4,SITTING,0.9894326
14901,1,4,SITTING,0.9885401
14902,1,4,SITTING,0.9870669
14903,1,4,SITTING,0.9863803
14904,1,4,SITTING,0.986754
14905,1,4,SITTING,0.986184
14906,1,4,SITTING,0.9857229
14907,1,4,SITTING,0.9863299
14908,1,4,SITTING,0.9858207
14909,1,4,SITTING,0.9841154
14910,1,4,SITTING,0.9829534
14911,1,4,SITTING,0.9836304
14912,1,4,SITTING,0.9863281
14913,1,4,SITTING,0.9880793
14914,1,4,SITTING,0.9867445
14915,1,4,SITTING,0.9854567
14916,1,4,SITTING,0.9861807
14917,1,4,SITTING,0.9864009
14918,1,4,SITTING,0.9860055
14919,1,4,SITTING,0.9872594
14920,1,4,SITTING,0.9887944
14921,1,4,SITTING,0.9887014
14922,1,4,SITTING,0.987158
14923,1,4,SITTING,0.9856101
14924,1,4,SITTING,0.9868393
14925,1,4,SITTING,0.98827
14926,1,4,SITTING,0.9872501
14927,1,4,SITTING,0.9871605
14928,1,4,SITTING,0.9869003
14929,1,4,SITTING,0.9856179
14930,1,4,SITTING,0.9860757
14931,1,4,SITTING,0.9863737
14932,1,4,SITTING,0.9860746
14933,1,4,SITTING,0.9867107
14934,1,4,SITTING,0.9862237
14935,1,4,SITTING,0.9850778
14936,1,4,SITTING,0.9860313
14937,1,4,SITTING,0.9867265
14938,1,4,SITTING,0.9857012
14939,1,4,SITTING,0.9860699
14940,1,4,SITTING,0.9859118
14941,1,4,SITTING,0.9830843
14942,1,4,SITTING,0.9818185
14943,1,4,SITTING,0.984379
14944,1,4,SITTING,0.9873319
14945,1,4,SITTING,0.9861799
14946,1,4,SITTING,0.9843328
14947,1,4,SITTING,0.9849248
14948,1,4,SITTING,0.9836557
14949,1,4,SITTING,0.9828615
14950,1,4,SITTING,0.9836737
14951,1,4,SITTING,0.9832939
14952,1,4,SITTING,0.9846684
14953,1,4,SITTING,0.9868512
14954,1,4,SITTING,0.9877742
14955,1,4,SITTING,0.9866837
14956,1,4,SITTING,0.9844335
14957,1,4,SITTING,0.9846603
14958,1,4,SITTING,0.9848615
14959,1,4,SITTING,0.9838123
14960,1,4,SITTING,0.9813682
14961,1,4,SITTING,0.9784426
14962,1,4,SITTING,0.9814722
14963,1,4,SITTING,0.9850601
14964,1,4,SITTING,0.9830816
14965,1,4,SITTING,0.9828971
14966,1,4,SITTING,0.9848822
14967,1,4,SITTING,0.9845544
14968,1,4,SITTING,0.9837918
14969,1,4,SITTING,0.9833657
14970,1,4,SITTING,0.9839368
14971,1,4,SITTING,0.9851639
14972,1,4,SITTING,0.9838141
14973,1,4,SITTING,0.9828866
14974,1,4,SITTING,0.9845021
14975,1,4,SITTING,0.9850021
14976,1,4,SITTING,0.984879
14977,1,4,SITTING,0.9855485
14978,1,4,SITTING,0.9865592
14979,1,4,SITTING,0.9870332
14980,1,4,SITTING,0.98654
14981,1,4,SITTING,0.9855943
14982,1,4,SITTING,0.9831674
14983,1,4,SITTING,0.9812312
14984,1,4,SITTING,0.9819629
14985,1,4,SITTING,0.9835326
14986,1,4,SITTING,0.9851215
14987,1,4,SITTING,0.9857186
14988,1,4,SITTING,0.9844761
14989,1,4,SITTING,0.9833317
14990,1,4,SITTING,0.9834261
14991,1,4,SITTING,0.9834534
14992,1,4,SITTING,0.9842739
14993,1,4,SITTING,0.9861371
14994,1,4,SITTING,0.9857663
14995,1,4,SITTING,0.983338
14996,1,4,SITTING,0.9813708
14997,1,4,SITTING,0.9824099
14998,1,4,SITTING,0.9845357
14999,1,4,SITTING,0.9839478
15000,1,4,SITTING,0.984643
15001,1,4,SITTING,0.9853956
15002,1,4,SITTING,0.9840909
15003,1,4,SITTING,0.9851217
15004,1,4,SITTING,0.9858168
15005,1,4,SITTING,0.9859666
15006,1,4,SITTING,0.9866048
15007,1,4,SITTING,0.9857114
15008,1,4,SITTING,0.9854594
15009,1,4,SITTING,0.9826055
15010,1,4,SITTING,0.9782046
15011,1,4,SITTING,0.9787545
15012,1,4,SITTING,0.9801534
15013,1,4,SITTING,0.9810086
15014,1,4,SITTING,0.9844018
15015,1,4,SITTING,0.9865801
15016,1,4,SITTING,0.9860237
15017,1,4,SITTING,0.9860292
15018,1,4,SITTING,0.9862807
15019,1,4,SITTING,0.9852284
15020,1,4,SITTING,0.9826267
15021,1,4,SITTING,0.9796685
15022,1,4,SITTING,0.9810834
15023,1,4,SITTING,0.9840885
15024,1,4,SITTING,0.9833734
15025,1,4,SITTING,0.9838114
15026,1,4,SITTING,0.9846909
15027,1,4,SITTING,0.9835175
15028,1,4,SITTING,0.9839514
15029,1,4,SITTING,0.9835476
15030,1,4,SITTING,0.9827292
15031,1,4,SITTING,0.9839234
15032,1,4,SITTING,0.9842094
15033,1,4,SITTING,0.9847343
15034,1,4,SITTING,0.9851421
15035,1,4,SITTING,0.9841453
15036,1,4,SITTING,0.9841196
15037,1,4,SITTING,0.9841231
15038,1,4,SITTING,0.9853121
15039,1,4,SITTING,0.9888454
15040,1,4,SITTING,0.9907997
15041,1,4,SITTING,0.9894398
15042,1,4,SITTING,0.9863196
15043,1,4,SITTING,0.9854873
15044,1,4,SITTING,0.9864993
15045,1,4,SITTING,0.9857876
15046,1,4,SITTING,0.9851869
15047,1,4,SITTING,0.9847829
15048,1,4,SITTING,0.9852918
15049,1,4,SITTING,0.987326
15050,1,4,SITTING,0.9886886
15051,1,4,SITTING,0.9899346
15052,1,4,SITTING,0.9864796
15053,1,4,SITTING,0.9811071
15054,1,4,SITTING,0.9833541
15055,1,4,SITTING,0.9854611
15056,1,4,SITTING,0.9839933
15057,1,4,SITTING,0.9848916
15058,1,4,SITTING,0.9840061
15059,1,4,SITTING,0.9829258
15060,1,4,SITTING,0.9858405
15061,1,4,SITTING,0.9880846
15062,1,4,SITTING,0.9874806
15063,1,4,SITTING,0.9847288
15064,1,4,SITTING,0.9832825
15065,1,4,SITTING,0.9827343
15066,1,4,SITTING,0.9803307
15067,1,4,SITTING,0.9834786
15068,1,4,SITTING,0.9884801
15069,1,4,SITTING,0.9869523
15070,1,4,SITTING,0.9878053
15071,1,4,SITTING,0.9899917
15072,1,4,SITTING,0.9874851
15073,1,4,SITTING,0.9870161
15074,1,4,SITTING,0.9879112
15075,1,4,SITTING,0.9872678
15076,1,4,SITTING,0.9870332
15077,1,4,SITTING,0.9850507
15078,1,4,SITTING,0.9831115
15079,1,4,SITTING,0.9839081
15080,1,4,SITTING,0.9837046
15081,1,4,SITTING,0.9827332
15082,1,4,SITTING,0.9837376
15083,1,4,SITTING,0.9847964
15084,1,4,SITTING,0.9863934
15085,1,4,SITTING,0.9884259
15086,1,4,SITTING,0.9869515
15087,1,4,SITTING,0.9843068
15088,1,4,SITTING,0.9833953
15089,1,4,SITTING,0.9845599
15090,1,4,SITTING,0.9864865
15091,1,4,SITTING,0.9827187
15092,1,4,SITTING,0.9791643
15093,1,4,SITTING,0.9835457
15094,1,4,SITTING,0.9861283
15095,1,4,SITTING,0.9843881
15096,1,4,SITTING,0.9846031
15097,1,4,SITTING,0.9859363
15098,1,4,SITTING,0.986319
15099,1,4,SITTING,0.9858859
15100,1,4,SITTING,0.9850302
15101,1,4,SITTING,0.9835645
15102,1,4,SITTING,0.9829362
15103,1,4,SITTING,0.983482
15104,1,4,SITTING,0.9833675
15105,1,4,SITTING,0.9832546
15106,1,4,SITTING,0.9833831
15107,1,4,SITTING,0.9836752
15108,1,4,SITTING,0.985481
15109,1,4,SITTING,0.9884306
15110,1,4,SITTING,0.9889581
15111,1,4,SITTING,0.9850906
15112,1,4,SITTING,0.9820391
15113,1,4,SITTING,0.9835629
15114,1,4,SITTING,0.9855961
15115,1,4,SITTING,0.9855341
15116,1,4,SITTING,0.9853289
15117,1,4,SITTING,0.9854696
15118,1,4,SITTING,0.9853712
15119,1,4,SITTING,0.9854507
15120,1,4,SITTING,0.9852356
15121,1,4,SITTING,0.9843092
15122,1,4,SITTING,0.9831004
15123,1,4,SITTING,0.9829174
15124,1,4,SITTING,0.9837145
15125,1,4,SITTING,0.9833066
15126,1,4,SITTING,0.9834369
15127,1,4,SITTING,0.9854209
15128,1,4,SITTING,0.9864959
15129,1,4,SITTING,0.9862894
15130,1,4,SITTING,0.9849756
15131,1,4,SITTING,0.9816505
15132,1,4,SITTING,0.97855
15133,1,4,SITTING,0.9810634
15134,1,4,SITTING,0.9854927
15135,1,4,SITTING,0.9839169
15136,1,4,SITTING,0.9830812
15137,1,4,SITTING,0.9842675
15138,1,4,SITTING,0.9824988
15139,1,4,SITTING,0.9834739
15140,1,4,SITTING,0.9838667
15141,1,4,SITTING,0.9827181
15142,1,4,SITTING,0.9848275
15143,1,4,SITTING,0.9848409
15144,1,4,SITTING,0.9845476
15145,1,4,SITTING,0.9850291
15146,1,4,SITTING,0.9841588
15147,1,4,SITTING,0.9841332
15148,1,4,SITTING,0.9831524
15149,1,4,SITTING,0.9839609
15150,1,4,SITTING,0.985521
15151,1,4,SITTING,0.9842186
15152,1,4,SITTING,0.9837869
15153,1,4,SITTING,0.983261
15154,1,4,SITTING,0.9826564
15155,1,4,SITTING,0.9819142
15156,1,4,SITTING,0.9799985
15157,1,4,SITTING,0.9812132
15158,1,4,SITTING,0.9827856
15159,1,4,SITTING,0.9820293
15160,1,4,SITTING,0.983559
15161,1,4,SITTING,0.9855674
15162,1,4,SITTING,0.9847397
15163,1,4,SITTING,0.984326
15164,1,4,SITTING,0.9850369
15165,1,4,SITTING,0.9839481
15166,1,4,SITTING,0.9810103
15167,1,4,SITTING,0.9784503
15168,1,6,LAYING,0.213365
15169,1,6,LAYING,0.2257585
15170,1,6,LAYING,0.2719775
15171,1,6,LAYING,0.3883664
15172,1,6,LAYING,0.4756686
15173,1,6,LAYING,0.455153
15174,1,6,LAYING,0.3673717
15175,1,6,LAYING,0.2789214
15176,1,6,LAYING,0.2260431
15177,1,6,LAYING,0.2320827
15178,1,6,LAYING,0.2645497
15179,1,6,LAYING,0.2716776
15180,1,6,LAYING,0.2724889
15181,1,6,LAYING,0.2718438
15182,1,6,LAYING,0.2874561
15183,1,6,LAYING,0.3219156
15184,1,6,LAYING,0.3334191
15185,1,6,LAYING,0.3498847
15186,1,6,LAYING,0.3587525
15187,1,6,LAYING,0.3523039
15188,1,6,LAYING,0.3665163
15189,1,6,LAYING,0.3715809
15190,1,6,LAYING,0.369803
15191,1,6,LAYING,0.3690302
15192,1,6,LAYING,0.3656033
15193,1,6,LAYING,0.3595097
15194,1,6,LAYING,0.3374492
15195,1,6,LAYING,0.3336026
15196,1,6,LAYING,0.3511115
15197,1,6,LAYING,0.3615266
15198,1,6,LAYING,0.3520675
15199,1,6,LAYING,0.3332262
15200,1,6,LAYING,0.3388638
15201,1,6,LAYING,0.3558654
15202,1,6,LAYING,0.3812698
15203,1,6,LAYING,0.408393
15204,1,6,LAYING,0.4109304
15205,1,6,LAYING,0.4090502
15206,1,6,LAYING,0.392789
15207,1,6,LAYING,0.36041
15208,1,6,LAYING,0.3408331
15209,1,6,LAYING,0.317489
15210,1,6,LAYING,0.2876941
15211,1,6,LAYING,0.2877688
15212,1,6,LAYING,0.3191319
15213,1,6,LAYING,0.330666
15214,1,6,LAYING,0.3228548
15215,1,6,LAYING,0.3254904
15216,1,6,LAYING,0.3226347
15217,1,6,LAYING,0.3216556
15218,1,6,LAYING,0.3221615
15219,1,6,LAYING,0.3138294
15220,1,6,LAYING,0.2962761
15221,1,6,LAYING,0.2507329
15222,1,6,LAYING,0.1979101
15223,1,6,LAYING,0.1581045
15224,1,6,LAYING,0.1331561
15225,1,6,LAYING,0.1306731
15226,1,6,LAYING,0.1460292
15227,1,6,LAYING,0.1949539
15228,1,6,LAYING,0.2686906
15229,1,6,LAYING,0.3133353
15230,1,6,LAYING,0.3058243
15231,1,6,LAYING,0.2741782
15232,1,6,LAYING,0.2443113
15233,1,6,LAYING,0.2429163
15234,1,6,LAYING,0.2880084
15235,1,6,LAYING,0.2849522
15236,1,6,LAYING,0.200281
15237,1,6,LAYING,0.1987507
15238,1,6,LAYING,0.2431606
15239,1,6,LAYING,0.139542
15240,1,6,LAYING,0.04438242
15241,1,6,LAYING,0.07829202
15242,1,6,LAYING,0.08962527
15243,1,6,LAYING,0.1103554
15244,1,6,LAYING,0.1412949
15245,1,6,LAYING,0.1309629
15246,1,6,LAYING,0.1450633
15247,1,6,LAYING,0.1439283
15248,1,6,LAYING,0.1512042
15249,1,6,LAYING,0.171993
15250,1,6,LAYING,0.162806
15251,1,6,LAYING,0.1719221
15252,1,6,LAYING,0.1521257
15253,1,6,LAYING,0.1211879
15254,1,6,LAYING,0.1242721
15255,1,6,LAYING,0.127094
15256,1,6,LAYING,0.1374177
15257,1,6,LAYING,0.13168
15258,1,6,LAYING,0.1228118
15259,1,6,LAYING,0.1163098
15260,1,6,LAYING,0.1008044
15261,1,6,LAYING,0.1032325
15262,1,6,LAYING,0.09222225
15263,1,6,LAYING,0.07680665
15264,1,6,LAYING,0.07747846
15265,1,6,LAYING,0.08469575
15266,1,6,LAYING,0.1044652
15267,1,6,LAYING,0.1042778
15268,1,6,LAYING,0.09612023
15269,1,6,LAYING,0.09785563
15270,1,6,LAYING,0.09006003
15271,1,6,LAYING,0.09568822
15272,1,6,LAYING,0.1054493
15273,1,6,LAYING,0.1007599
15274,1,6,LAYING,0.1035864
15275,1,6,LAYING,0.1084273
15276,1,6,LAYING,0.1066997
15277,1,6,LAYING,0.1108013
15278,1,6,LAYING,0.1279359
15279,1,6,LAYING,0.1459393
15280,1,6,LAYING,0.1392532
15281,1,6,LAYING,0.1168836
15282,1,6,LAYING,0.1087717
15283,1,6,LAYING,0.1204056
15284,1,6,LAYING,0.1460037
15285,1,6,LAYING,0.1618177
15286,1,6,LAYING,0.155552
15287,1,6,LAYING,0.156561
15288,1,6,LAYING,0.1683519
15289,1,6,LAYING,0.172008
15290,1,6,LAYING,0.1672078
15291,1,6,LAYING,0.1567201
15292,1,6,LAYING,0.1519811
15293,1,6,LAYING,0.1593074
15294,1,6,LAYING,0.1734826
15295,1,6,LAYING,0.1858611
15296,1,6,LAYING,0.1814413
15297,1,6,LAYING,0.1682621
15298,1,6,LAYING,0.1634596
15299,1,6,LAYING,0.163406
15300,1,6,LAYING,0.1609654
15301,1,6,LAYING,0.1553314
15302,1,6,LAYING,0.1557597
15303,1,6,LAYING,0.1609296
15304,1,6,LAYING,0.1580479
15305,1,6,LAYING,0.15218
15306,1,6,LAYING,0.1446797
15307,1,6,LAYING,0.1407022
15308,1,6,LAYING,0.1499553
15309,1,6,LAYING,0.1566593
15310,1,6,LAYING,0.1590718
15311,1,6,LAYING,0.1611332
15312,1,6,LAYING,0.1550167
15313,1,6,LAYING,0.1445092
15314,1,6,LAYING,0.1321213
15315,1,6,LAYING,0.1330394
15316,1,6,LAYING,0.1455693
15317,1,6,LAYING,0.1491931
15318,1,6,LAYING,0.1525433
15319,1,6,LAYING,0.150017
15320,1,6,LAYING,0.1390861
15321,1,6,LAYING,0.1348549
15322,1,6,LAYING,0.1338061
15323,1,6,LAYING,0.1394688
15324,1,6,LAYING,0.1453265
15325,1,6,LAYING,0.1466677
15326,1,6,LAYING,0.1531033
15327,1,6,LAYING,0.1546241
15328,1,6,LAYING,0.1498006
15329,1,6,LAYING,0.1412063
15330,1,6,LAYING,0.1350998
15331,1,6,LAYING,0.142383
15332,1,6,LAYING,0.1468608
15333,1,6,LAYING,0.1433517
15334,1,6,LAYING,0.1411034
15335,1,6,LAYING,0.1390022
15336,1,6,LAYING,0.1385358
15337,1,6,LAYING,0.1398822
15338,1,6,LAYING,0.1397771
15339,1,6,LAYING,0.1347103
15340,1,6,LAYING,0.1306698
15341,1,6,LAYING,0.1345505
15342,1,6,LAYING,0.1386752
15343,1,6,LAYING,0.1377124
15344,1,6,LAYING,0.1365627
15345,1,6,LAYING,0.1371845
15346,1,6,LAYING,0.1357778
15347,1,6,LAYING,0.1357828
15348,1,6,LAYING,0.1385001
15349,1,6,LAYING,0.140807
15350,1,6,LAYING,0.1441464
15351,1,6,LAYING,0.1427171
15352,1,6,LAYING,0.1405048
15353,1,6,LAYING,0.1449579
15354,1,6,LAYING,0.1486115
15355,1,6,LAYING,0.1500568
15356,1,6,LAYING,0.1457947
15357,1,6,LAYING,0.1348275
15358,1,6,LAYING,0.1240432
15359,1,6,LAYING,0.1098578
15360,1,6,LAYING,0.1051976
15361,1,6,LAYING,0.1305304
15362,1,6,LAYING,0.1551609
15363,1,6,LAYING,0.1419377
15364,1,6,LAYING,0.1276741
15365,1,6,LAYING,0.138952
15366,1,6,LAYING,0.142184
15367,1,6,LAYING,0.1421803
15368,1,6,LAYING,0.1436792
15369,1,6,LAYING,0.1334975
15370,1,6,LAYING,0.136221
15371,1,6,LAYING,0.1371547
15372,1,6,LAYING,0.1293623
15373,1,6,LAYING,0.1422715
15374,1,6,LAYING,0.150636
15375,1,6,LAYING,0.1448439
15376,1,6,LAYING,0.1383446
15377,1,6,LAYING,0.1280254
15378,1,6,LAYING,0.1234756
15379,1,6,LAYING,0.1179445
15380,1,6,LAYING,0.1102734
15381,1,6,LAYING,0.1122064
15382,1,6,LAYING,0.116643
15383,1,6,LAYING,0.1211892
15384,1,6,LAYING,0.1277617
15385,1,6,LAYING,0.1295597
15386,1,6,LAYING,0.1262154
15387,1,6,LAYING,0.1259951
15388,1,6,LAYING,0.1254888
15389,1,6,LAYING,0.1246374
15390,1,6,LAYING,0.1275627
15391,1,6,LAYING,0.1248218
15392,1,6,LAYING,0.1212623
15393,1,6,LAYING,0.1209742
15394,1,6,LAYING,0.1197494
15395,1,6,LAYING,0.1199952
15396,1,6,LAYING,0.1155269
15397,1,6,LAYING,0.1126377
15398,1,6,LAYING,0.1171953
15399,1,6,LAYING,0.1189435
15400,1,6,LAYING,0.1176039
15401,1,6,LAYING,0.1154787
15402,1,6,LAYING,0.1160866
15403,1,6,LAYING,0.1197245
15404,1,6,LAYING,0.1201549
15405,1,6,LAYING,0.1188625
15406,1,6,LAYING,0.1185827
15407,1,6,LAYING,0.118514
15408,1,6,LAYING,0.1165327
15409,1,6,LAYING,0.1136048
15410,1,6,LAYING,0.1124256
15411,1,6,LAYING,0.1120879
15412,1,6,LAYING,0.1108598
15413,1,6,LAYING,0.110241
15414,1,6,LAYING,0.1158514
15415,1,6,LAYING,0.1220394
15416,1,6,LAYING,0.1209985
15417,1,6,LAYING,0.1225106
15418,1,6,LAYING,0.1297007
15419,1,6,LAYING,0.1335961
15420,1,6,LAYING,0.1354482
15421,1,6,LAYING,0.1384356
15422,1,6,LAYING,0.1376725
15423,1,6,LAYING,0.1348394
15424,1,6,LAYING,0.1337419
15425,1,6,LAYING,0.1301307
15426,1,6,LAYING,0.1267947
15427,1,6,LAYING,0.129747
15428,1,6,LAYING,0.1352627
15429,1,6,LAYING,0.1395447
15430,1,6,LAYING,0.1437258
15431,1,6,LAYING,0.1457142
15432,1,6,LAYING,0.1440212
15433,1,6,LAYING,0.1439386
15434,1,6,LAYING,0.1441371
15435,1,6,LAYING,0.1423442
15436,1,6,LAYING,0.143065
15437,1,6,LAYING,0.1436156
15438,1,6,LAYING,0.1438874
15439,1,6,LAYING,0.1472901
15440,1,6,LAYING,0.1499815
15441,1,6,LAYING,0.1494133
15442,1,6,LAYING,0.1465951
15443,1,6,LAYING,0.1463588
15444,1,6,LAYING,0.1482141
15445,1,6,LAYING,0.1468987
15446,1,6,LAYING,0.1465053
15447,1,6,LAYING,0.1455396
15448,1,6,LAYING,0.1407268
15449,1,6,LAYING,0.1393704
15450,1,6,LAYING,0.141663
15451,1,6,LAYING,0.1456738
15452,1,6,LAYING,0.1501939
15453,1,6,LAYING,0.1492134
15454,1,6,LAYING,0.1474368
15455,1,6,LAYING,0.1492083
15456,1,6,LAYING,0.1487828
15457,1,6,LAYING,0.1482292
15458,1,6,LAYING,0.1499885
15459,1,6,LAYING,0.150125
15460,1,6,LAYING,0.1499214
15461,1,6,LAYING,0.1503148
15462,1,6,LAYING,0.1507002
15463,1,6,LAYING,0.1514585
15464,1,6,LAYING,0.1491488
15465,1,6,LAYING,0.1448816
15466,1,6,LAYING,0.1428188
15467,1,6,LAYING,0.1427388
15468,1,6,LAYING,0.1433376
15469,1,6,LAYING,0.1433682
15470,1,6,LAYING,0.1448636
15471,1,6,LAYING,0.1473193
15472,1,6,LAYING,0.1466467
15473,1,6,LAYING,0.1451203
15474,1,6,LAYING,0.1443647
15475,1,6,LAYING,0.141749
15476,1,6,LAYING,0.1397295
15477,1,6,LAYING,0.142809
15478,1,6,LAYING,0.1462993
15479,1,6,LAYING,0.14605
15480,1,6,LAYING,0.1468363
15481,1,6,LAYING,0.1462606
15482,1,6,LAYING,0.143385
15483,1,6,LAYING,0.1456058
15484,1,6,LAYING,0.1486612
15485,1,6,LAYING,0.1485592
15486,1,6,LAYING,0.1487021
15487,1,6,LAYING,0.1475771
15488,1,6,LAYING,0.1480523
15489,1,6,LAYING,0.1536985
15490,1,6,LAYING,0.1587548
15491,1,6,LAYING,0.1570061
15492,1,6,LAYING,0.1519546
15493,1,6,LAYING,0.1512701
15494,1,6,LAYING,0.153169
15495,1,6,LAYING,0.154619
15496,1,6,LAYING,0.1541988
15497,1,6,LAYING,0.1506936
15498,1,6,LAYING,0.1495074
15499,1,6,LAYING,0.1505198
15500,1,6,LAYING,0.1526354
15501,1,6,LAYING,0.1552976
15502,1,6,LAYING,0.1540964
15503,1,6,LAYING,0.1530157
15504,1,6,LAYING,0.1510507
15505,1,6,LAYING,0.1470583
15506,1,6,LAYING,0.1473935
15507,1,6,LAYING,0.1478045
15508,1,6,LAYING,0.1467851
15509,1,6,LAYING,0.1484753
15510,1,6,LAYING,0.1499939
15511,1,6,LAYING,0.1500494
15512,1,6,LAYING,0.1502679
15513,1,6,LAYING,0.1510021
15514,1,6,LAYING,0.1526841
15515,1,6,LAYING,0.1543642
15516,1,6,LAYING,0.1551093
15517,1,6,LAYING,0.1553247
15518,1,6,LAYING,0.1529949
15519,1,6,LAYING,0.1502518
15520,1,6,LAYING,0.1509689
15521,1,6,LAYING,0.1499819
15522,1,6,LAYING,0.1467496
15523,1,6,LAYING,0.1475286
15524,1,6,LAYING,0.1518056
15525,1,6,LAYING,0.1563356
15526,1,6,LAYING,0.1577733
15527,1,6,LAYING,0.1539519
15528,1,6,LAYING,0.1487562
15529,1,6,LAYING,0.1474434
15530,1,6,LAYING,0.1530599
15531,1,6,LAYING,0.159272
15532,1,6,LAYING,0.1543609
15533,1,6,LAYING,0.1456034
15534,1,6,LAYING,0.1437978
15535,1,6,LAYING,0.1457373
15536,1,6,LAYING,0.1511025
15537,1,6,LAYING,0.1537017
15538,1,6,LAYING,0.1488175
15539,1,6,LAYING,0.1459075
15540,1,6,LAYING,0.1470724
15541,1,6,LAYING,0.1478811
15542,1,6,LAYING,0.1463982
15543,1,6,LAYING,0.1442481
15544,1,6,LAYING,0.1437206
15545,1,6,LAYING,0.1470842
15546,1,6,LAYING,0.1535132
15547,1,6,LAYING,0.1520575
15548,1,6,LAYING,0.1480074
15549,1,6,LAYING,0.150679
15550,1,6,LAYING,0.1499559
15551,1,6,LAYING,0.1466332
15552,1,6,LAYING,0.1428233
15553,1,6,LAYING,0.1389004
15554,1,6,LAYING,0.1435934
15555,1,6,LAYING,0.1498402
15556,1,6,LAYING,0.1505581
15557,1,6,LAYING,0.1497144
15558,1,6,LAYING,0.1479108
15559,1,6,LAYING,0.1464538
15560,1,6,LAYING,0.1453403
15561,1,6,LAYING,0.1440741
15562,1,6,LAYING,0.1442213
15563,1,6,LAYING,0.1447222
15564,1,6,LAYING,0.1443925
15565,1,6,LAYING,0.1450162
15566,1,6,LAYING,0.1487268
15567,1,6,LAYING,0.1536953
15568,1,6,LAYING,0.1550017
15569,1,6,LAYING,0.151109
15570,1,6,LAYING,0.1458547
15571,1,6,LAYING,0.1425087
15572,1,6,LAYING,0.1428815
15573,1,6,LAYING,0.1464392
15574,1,6,LAYING,0.1479218
15575,1,6,LAYING,0.1471474
15576,1,6,LAYING,0.1480302
15577,1,6,LAYING,0.1516539
15578,1,6,LAYING,0.1556528
15579,1,6,LAYING,0.1546374
15580,1,6,LAYING,0.1526891
15581,1,6,LAYING,0.1530871
15582,1,6,LAYING,0.1517375
15583,1,6,LAYING,0.1560612
15584,1,6,LAYING,0.1651255
15585,1,6,LAYING,0.1664674
15586,1,6,LAYING,0.1625605
15587,1,6,LAYING,0.1572867
15588,1,6,LAYING,0.1532634
15589,1,6,LAYING,0.1580089
15590,1,6,LAYING,0.1628671
15591,1,6,LAYING,0.1565356
15592,1,6,LAYING,0.151711
15593,1,6,LAYING,0.1567813
15594,1,6,LAYING,0.161861
15595,1,6,LAYING,0.1639899
15596,1,6,LAYING,0.1609418
15597,1,6,LAYING,0.1542719
15598,1,6,LAYING,0.1551141
15599,1,6,LAYING,0.157586
15600,1,6,LAYING,0.1563543
15601,1,6,LAYING,0.1573379
15602,1,6,LAYING,0.1575045
15603,1,6,LAYING,0.1586904
15604,1,6,LAYING,0.1599549
15605,1,6,LAYING,0.1569532
15606,1,6,LAYING,0.1582902
15607,1,6,LAYING,0.1622445
15608,1,6,LAYING,0.1620415
15609,1,6,LAYING,0.1593939
15610,1,6,LAYING,0.1538232
15611,1,6,LAYING,0.1525679
15612,1,6,LAYING,0.1605105
15613,1,6,LAYING,0.1655919
15614,1,6,LAYING,0.1606819
15615,1,6,LAYING,0.1559405
15616,1,6,LAYING,0.1586108
15617,1,6,LAYING,0.159412
15618,1,6,LAYING,0.1569845
15619,1,6,LAYING,0.1579382
15620,1,6,LAYING,0.1572995
15621,1,6,LAYING,0.157923
15622,1,6,LAYING,0.1611558
15623,1,6,LAYING,0.1594948
15624,1,6,LAYING,0.159176
15625,1,6,LAYING,0.1604393
15626,1,6,LAYING,0.1590461
15627,1,6,LAYING,0.1589786
15628,1,6,LAYING,0.1582022
15629,1,6,LAYING,0.157936
15630,1,6,LAYING,0.1591899
15631,1,6,LAYING,0.1598281
15632,1,6,LAYING,0.1614837
15633,1,6,LAYING,0.1604479
15634,1,6,LAYING,0.1577106
15635,1,6,LAYING,0.1572744
15636,1,6,LAYING,0.1558948
15637,1,6,LAYING,0.1550032
15638,1,6,LAYING,0.1560066
15639,1,6,LAYING,0.156622
15640,1,6,LAYING,0.1579852
15641,1,6,LAYING,0.1588517
15642,1,6,LAYING,0.1579647
15643,1,6,LAYING,0.1571801
15644,1,6,LAYING,0.155949
15645,1,6,LAYING,0.1550494
15646,1,6,LAYING,0.1556928
15647,1,6,LAYING,0.1556978
15648,1,6,LAYING,0.1555247
15649,1,6,LAYING,0.1571135
15650,1,6,LAYING,0.1598891
15651,1,6,LAYING,0.1612449
15652,1,6,LAYING,0.157572
15653,1,6,LAYING,0.1531589
15654,1,6,LAYING,0.1549005
15655,1,6,LAYING,0.1580249
15656,1,6,LAYING,0.158963
15657,1,6,LAYING,0.1584887
15658,1,6,LAYING,0.1528518
15659,1,6,LAYING,0.1482651
15660,1,6,LAYING,0.1503801
15661,1,6,LAYING,0.1506719
15662,1,6,LAYING,0.1503422
15663,1,6,LAYING,0.1532375
15664,1,6,LAYING,0.1539469
15665,1,6,LAYING,0.1539311
15666,1,6,LAYING,0.1536432
15667,1,6,LAYING,0.152308
15668,1,6,LAYING,0.1540816
15669,1,6,LAYING,0.1565239
15670,1,6,LAYING,0.157253
15671,1,6,LAYING,0.1566256
15672,1,6,LAYING,0.1539136
15673,1,6,LAYING,0.1521171
15674,1,6,LAYING,0.1530945
15675,1,6,LAYING,0.1558363
15676,1,6,LAYING,0.1573262
15677,1,6,LAYING,0.1552533
15678,1,6,LAYING,0.1533002
15679,1,6,LAYING,0.1549867
15680,1,6,LAYING,0.1591219
15681,1,6,LAYING,0.161239
15682,1,6,LAYING,0.1571634
15683,1,6,LAYING,0.1520426
15684,1,6,LAYING,0.1534661
15685,1,6,LAYING,0.1538038
15686,1,6,LAYING,0.1501417
15687,1,6,LAYING,0.1536037
15688,1,6,LAYING,0.1584624
15689,1,6,LAYING,0.1581107
15690,1,6,LAYING,0.1578542
15691,1,6,LAYING,0.1560453
15692,1,6,LAYING,0.1548705
15693,1,6,LAYING,0.1541809
15694,1,6,LAYING,0.1523917
15695,1,6,LAYING,0.1537293
15696,1,6,LAYING,0.1553137
15697,1,6,LAYING,0.1572644
15698,1,6,LAYING,0.1569826
15699,1,6,LAYING,0.1542779
15700,1,6,LAYING,0.1568877
15701,1,6,LAYING,0.1577006
15702,1,6,LAYING,0.1567164
15703,1,6,LAYING,0.1601495
15704,1,6,LAYING,0.1617285
15705,1,6,LAYING,0.160075
15706,1,6,LAYING,0.1545502
15707,1,6,LAYING,0.1494121
15708,1,6,LAYING,0.1512299
15709,1,6,LAYING,0.1532822
15710,1,6,LAYING,0.152557
15711,1,6,LAYING,0.1528831
15712,1,6,LAYING,0.1539234
15713,1,6,LAYING,0.1542335
15714,1,6,LAYING,0.1541024
15715,1,6,LAYING,0.1532509
15716,1,6,LAYING,0.1525327
15717,1,6,LAYING,0.1539565
15718,1,6,LAYING,0.1555976
15719,1,6,LAYING,0.1566744
15720,1,6,LAYING,0.1572703
15721,1,6,LAYING,0.1562919
15722,1,6,LAYING,0.154437
15723,1,6,LAYING,0.152717
15724,1,6,LAYING,0.1533486
15725,1,6,LAYING,0.154202
15726,1,6,LAYING,0.1537309
15727,1,6,LAYING,0.1545374
15728,1,6,LAYING,0.1542071
15729,1,6,LAYING,0.1539671
15730,1,6,LAYING,0.1558462
15731,1,6,LAYING,0.157382
15732,1,6,LAYING,0.1587607
15733,1,6,LAYING,0.1571608
15734,1,6,LAYING,0.1532007
15735,1,6,LAYING,0.1510532
15736,1,6,LAYING,0.1491441
15737,1,6,LAYING,0.1485942
15738,1,6,LAYING,0.1505821
15739,1,6,LAYING,0.1528509
15740,1,6,LAYING,0.1526495
15741,1,6,LAYING,0.148744
15742,1,6,LAYING,0.1462016
15743,1,6,LAYING,0.1477614
15744,1,6,LAYING,0.1517963
15745,1,6,LAYING,0.156416
15746,1,6,LAYING,0.157948
15747,1,6,LAYING,0.1558867
15748,1,6,LAYING,0.152084
15749,1,6,LAYING,0.1492002
15750,1,6,LAYING,0.150294
15751,1,6,LAYING,0.1522842
15752,1,6,LAYING,0.150431
15753,1,6,LAYING,0.1499744
15754,1,6,LAYING,0.1550554
15755,1,6,LAYING,0.1578741
15756,1,6,LAYING,0.1553776
15757,1,6,LAYING,0.153046
15758,1,6,LAYING,0.1540855
15759,1,6,LAYING,0.1554728
15760,1,6,LAYING,0.1561665
15761,1,6,LAYING,0.1593013
15762,1,6,LAYING,0.1584954
15763,1,6,LAYING,0.154236
15764,1,6,LAYING,0.1532725
15765,1,6,LAYING,0.1521245
15766,1,6,LAYING,0.1529505
15767,1,6,LAYING,0.1542816
15768,1,6,LAYING,0.1536782
15769,1,6,LAYING,0.1551102
15770,1,6,LAYING,0.1557357
15771,1,6,LAYING,0.1572075
15772,1,6,LAYING,0.1577425
15773,1,6,LAYING,0.1568586
15774,1,6,LAYING,0.1619017
15775,1,6,LAYING,0.1654061
15776,1,6,LAYING,0.1629609
15777,1,6,LAYING,0.1590066
15778,1,6,LAYING,0.15517
15779,1,6,LAYING,0.1532571
15780,1,6,LAYING,0.1487504
15781,1,6,LAYING,0.142558
15782,1,6,LAYING,0.1385222
15783,1,6,LAYING,0.1339441
15784,1,6,LAYING,0.1326206
15785,1,6,LAYING,0.1343763
15786,1,6,LAYING,0.1338935
15787,1,6,LAYING,0.134658
15788,1,6,LAYING,0.1354776
15789,1,6,LAYING,0.1331222
15790,1,6,LAYING,0.1299127
15791,1,6,LAYING,0.1240755
15792,1,6,LAYING,0.1218449
15793,1,6,LAYING,0.1258984
15794,1,6,LAYING,0.1261025
15795,1,6,LAYING,0.1259013
15796,1,6,LAYING,0.126067
15797,1,6,LAYING,0.1222644
15798,1,6,LAYING,0.1190272
15799,1,6,LAYING,0.1155993
15800,1,6,LAYING,0.1154087
15801,1,6,LAYING,0.1162681
15802,1,6,LAYING,0.1131367
15803,1,6,LAYING,0.1161946
15804,1,6,LAYING,0.1200044
15805,1,6,LAYING,0.1165286
15806,1,6,LAYING,0.1132963
15807,1,6,LAYING,0.1103177
15808,1,6,LAYING,0.1097828
15809,1,6,LAYING,0.1105404
15810,1,6,LAYING,0.1073136
15811,1,6,LAYING,0.1077702
15812,1,6,LAYING,0.1094809
15813,1,6,LAYING,0.107517
15814,1,6,LAYING,0.1086366
15815,1,6,LAYING,0.1096604
15816,1,6,LAYING,0.1097251
15817,1,6,LAYING,0.1120893
15818,1,6,LAYING,0.1126975
15819,1,6,LAYING,0.1122785
15820,1,6,LAYING,0.1105159
15821,1,6,LAYING,0.1080261
15822,1,6,LAYING,0.1082274
15823,1,6,LAYING,0.1082023
15824,1,6,LAYING,0.1079778
15825,1,6,LAYING,0.1094108
15826,1,6,LAYING,0.1116641
15827,1,6,LAYING,0.1118397
15828,1,6,LAYING,0.1098834
15829,1,6,LAYING,0.1092529
15830,1,6,LAYING,0.106353
15831,1,6,LAYING,0.1045138
15832,1,6,LAYING,0.1080675
15833,1,6,LAYING,0.1089191
15834,1,6,LAYING,0.1082477
15835,1,6,LAYING,0.1091775
15836,1,6,LAYING,0.1093002
15837,1,6,LAYING,0.1101271
15838,1,6,LAYING,0.1112512
15839,1,6,LAYING,0.1106876
15840,1,6,LAYING,0.10635
15841,1,6,LAYING,0.1022692
15842,1,6,LAYING,0.1023119
15843,1,6,LAYING,0.1014734
15844,1,6,LAYING,0.1007772
15845,1,6,LAYING,0.1018088
15846,1,6,LAYING,0.1017308
15847,1,6,LAYING,0.1033057
15848,1,6,LAYING,0.1067209
15849,1,6,LAYING,0.107629
15850,1,6,LAYING,0.1066695
15851,1,6,LAYING,0.1068652
15852,1,6,LAYING,0.107138
15853,1,6,LAYING,0.106799
15854,1,6,LAYING,0.1069928
15855,1,6,LAYING,0.1066149
15856,1,6,LAYING,0.1050981
15857,1,6,LAYING,0.1036784
15858,1,6,LAYING,0.1039154
15859,1,6,LAYING,0.104598
15860,1,6,LAYING,0.103964
15861,1,6,LAYING,0.1042494
15862,1,6,LAYING,0.105667
15863,1,6,LAYING,0.1073935
15864,1,6,LAYING,0.1087109
15865,1,6,LAYING,0.1066187
15866,1,6,LAYING,0.1045463
15867,1,6,LAYING,0.106091
15868,1,6,LAYING,0.107648
15869,1,6,LAYING,0.1085296
15870,1,6,LAYING,0.1087171
15871,1,6,LAYING,0.1077604
15872,1,1,WALKING,0.7365783
15873,1,1,WALKING,0.7766067
15874,1,1,WALKING,0.8790804
15875,1,1,WALKING,1.031687
15876,1,1,WALKING,1.175501
15877,1,1,WALKING,1.267584
15878,1,1,WALKING,1.246888
15879,1,1,WALKING,1.167438
15880,1,1,WALKING,1.135814
15881,1,1,WALKING,1.19191
15882,1,1,WALKING,1.348866
15883,1,1,WALKING,1.462507
15884,1,1,WALKING,1.352015
15885,1,1,WALKING,1.043496
15886,1,1,WALKING,0.7631844
15887,1,1,WALKING,0.7353578
15888,1,1,WALKING,0.7591167
15889,1,1,WALKING,0.7159031
15890,1,1,WALKING,0.9195595
15891,1,1,WALKING,1.113639
15892,1,1,WALKING,0.9935408
15893,1,1,WALKING,0.8812066
15894,1,1,WALKING,0.7677533
15895,1,1,WALKING,0.6674836
15896,1,1,WALKING,0.7686265
15897,1,1,WALKING,0.861693
15898,1,1,WALKING,0.9387369
15899,1,1,WALKING,1.019608
15900,1,1,WALKING,0.9627117
15901,1,1,WALKING,0.9062916
15902,1,1,WALKING,0.8997645
15903,1,1,WALKING,0.9218864
15904,1,1,WALKING,0.9910023
15905,1,1,WALKING,0.9724734
15906,1,1,WALKING,0.902016
15907,1,1,WALKING,0.8799258
15908,1,1,WALKING,0.8835865
15909,1,1,WALKING,0.9736856
15910,1,1,WALKING,1.080238
15911,1,1,WALKING,1.103388
15912,1,1,WALKING,1.144529
15913,1,1,WALKING,1.205797
15914,1,1,WALKING,1.218907
15915,1,1,WALKING,1.205234
15916,1,1,WALKING,1.191312
15917,1,1,WALKING,1.119274
15918,1,1,WALKING,0.9691218
15919,1,1,WALKING,0.8994124
15920,1,1,WALKING,0.9370335
15921,1,1,WALKING,0.9804875
15922,1,1,WALKING,1.048805
15923,1,1,WALKING,1.120068
15924,1,1,WALKING,1.130794
15925,1,1,WALKING,1.091018
15926,1,1,WALKING,1.037658
15927,1,1,WALKING,0.9851428
15928,1,1,WALKING,0.943973
15929,1,1,WALKING,0.920032
15930,1,1,WALKING,0.845878
15931,1,1,WALKING,0.7326553
15932,1,1,WALKING,0.7262896
15933,1,1,WALKING,0.7823345
15934,1,1,WALKING,0.7840408
15935,1,1,WALKING,0.8188617
15936,1,1,WALKING,0.847963
15937,1,1,WALKING,0.8146221
15938,1,1,WALKING,0.8528357
15939,1,1,WALKING,0.9389025
15940,1,1,WALKING,1.072232
15941,1,1,WALKING,1.242147
15942,1,1,WALKING,1.267085
15943,1,1,WALKING,1.205175
15944,1,1,WALKING,1.165037
15945,1,1,WALKING,1.165916
15946,1,1,WALKING,1.276049
15947,1,1,WALKING,1.401154
15948,1,1,WALKING,1.383677
15949,1,1,WALKING,1.169418
15950,1,1,WALKING,0.815033
15951,1,1,WALKING,0.5943787
15952,1,1,WALKING,0.7751094
15953,1,1,WALKING,1.059452
15954,1,1,WALKING,1.069918
15955,1,1,WALKING,1.000232
15956,1,1,WALKING,0.9293671
15957,1,1,WALKING,0.8474447
15958,1,1,WALKING,0.7823733
15959,1,1,WALKING,0.6337685
15960,1,1,WALKING,0.7051043
15961,1,1,WALKING,0.9486177
15962,1,1,WALKING,0.9959503
15963,1,1,WALKING,0.987973
15964,1,1,WALKING,0.9519764
15965,1,1,WALKING,0.9361994
15966,1,1,WALKING,0.9648566
15967,1,1,WALKING,0.9509897
15968,1,1,WALKING,1.011555
15969,1,1,WALKING,0.9953741
15970,1,1,WALKING,0.934238
15971,1,1,WALKING,0.9552994
15972,1,1,WALKING,0.9281307
15973,1,1,WALKING,0.9545408
15974,1,1,WALKING,1.002302
15975,1,1,WALKING,1.105777
15976,1,1,WALKING,1.322259
15977,1,1,WALKING,1.372378
15978,1,1,WALKING,1.266375
15979,1,1,WALKING,1.101501
15980,1,1,WALKING,0.9566189
15981,1,1,WALKING,0.9808989
15982,1,1,WALKING,1.016826
15983,1,1,WALKING,0.9692942
15984,1,1,WALKING,0.9611479
15985,1,1,WALKING,1.009959
15986,1,1,WALKING,1.079241
15987,1,1,WALKING,1.147769
15988,1,1,WALKING,1.121126
15989,1,1,WALKING,1.027919
15990,1,1,WALKING,0.9823377
15991,1,1,WALKING,0.8918653
15992,1,1,WALKING,0.7755739
15993,1,1,WALKING,0.7175781
15994,1,1,WALKING,0.6968354
15995,1,1,WALKING,0.7519313
15996,1,1,WALKING,0.7922627
15997,1,1,WALKING,0.7856057
15998,1,1,WALKING,0.770692
15999,1,1,WALKING,0.7473827
16000,1,1,WALKING,0.8518387
16001,1,1,WALKING,1.063785
16002,1,1,WALKING,1.253804
16003,1,1,WALKING,1.330898
16004,1,1,WALKING,1.271411
16005,1,1,WALKING,1.225746
16006,1,1,WALKING,1.23376
16007,1,1,WALKING,1.330256
16008,1,1,WALKING,1.46825
16009,1,1,WALKING,1.411149
16010,1,1,WALKING,1.233091
16011,1,1,WALKING,0.8835516
16012,1,1,WALKING,0.4132333
16013,1,1,WALKING,0.5355688
16014,1,1,WALKING,0.9950563
16015,1,1,WALKING,1.043329
16016,1,1,WALKING,1.021703
16017,1,1,WALKING,0.952615
16018,1,1,WALKING,0.7602004
16019,1,1,WALKING,0.7530758
16020,1,1,WALKING,0.7518085
16021,1,1,WALKING,0.8440032
16022,1,1,WALKING,0.987511
16023,1,1,WALKING,0.9879202
16024,1,1,WALKING,1.007667
16025,1,1,WALKING,0.943751
16026,1,1,WALKING,0.9383528
16027,1,1,WALKING,0.985336
16028,1,1,WALKING,0.9557786
16029,1,1,WALKING,0.9943023
16030,1,1,WALKING,0.9210613
16031,1,1,WALKING,0.8812346
16032,1,1,WALKING,0.953778
16033,1,1,WALKING,0.9814748
16034,1,1,WALKING,1.052683
16035,1,1,WALKING,1.076692
16036,1,1,WALKING,1.155806
16037,1,1,WALKING,1.270419
16038,1,1,WALKING,1.259768
16039,1,1,WALKING,1.172391
16040,1,1,WALKING,0.9583416
16041,1,1,WALKING,0.8202204
16042,1,1,WALKING,0.886649
16043,1,1,WALKING,1.068814
16044,1,1,WALKING,1.283721
16045,1,1,WALKING,1.28736
16046,1,1,WALKING,1.114295
16047,1,1,WALKING,0.9780052
16048,1,1,WALKING,0.9292163
16049,1,1,WALKING,0.921018
16050,1,1,WALKING,0.8753011
16051,1,1,WALKING,0.8463565
16052,1,1,WALKING,0.8301248
16053,1,1,WALKING,0.755208
16054,1,1,WALKING,0.7213387
16055,1,1,WALKING,0.7428687
16056,1,1,WALKING,0.7435913
16057,1,1,WALKING,0.7943006
16058,1,1,WALKING,0.8370667
16059,1,1,WALKING,0.8101035
16060,1,1,WALKING,0.8432169
16061,1,1,WALKING,0.9339457
16062,1,1,WALKING,1.115478
16063,1,1,WALKING,1.356522
16064,1,1,WALKING,1.408432
16065,1,1,WALKING,1.280314
16066,1,1,WALKING,1.202648
16067,1,1,WALKING,1.307857
16068,1,1,WALKING,1.433683
16069,1,1,WALKING,1.356828
16070,1,1,WALKING,1.066393
16071,1,1,WALKING,0.6912975
16072,1,1,WALKING,0.6178266
16073,1,1,WALKING,0.8103712
16074,1,1,WALKING,0.8959982
16075,1,1,WALKING,1.050728
16076,1,1,WALKING,1.119321
16077,1,1,WALKING,0.9341316
16078,1,1,WALKING,0.8923706
16079,1,1,WALKING,0.7884305
16080,1,1,WALKING,0.6012061
16081,1,1,WALKING,0.7327911
16082,1,1,WALKING,0.9446151
16083,1,1,WALKING,1.046251
16084,1,1,WALKING,1.017804
16085,1,1,WALKING,0.9003682
16086,1,1,WALKING,0.8943281
16087,1,1,WALKING,0.9210476
16088,1,1,WALKING,0.9656426
16089,1,1,WALKING,1.022138
16090,1,1,WALKING,0.9940574
16091,1,1,WALKING,0.9772642
16092,1,1,WALKING,0.971301
16093,1,1,WALKING,1.005009
16094,1,1,WALKING,1.094555
16095,1,1,WALKING,1.111479
16096,1,1,WALKING,1.129593
16097,1,1,WALKING,1.21534
16098,1,1,WALKING,1.245453
16099,1,1,WALKING,1.1118
16100,1,1,WALKING,0.9243815
16101,1,1,WALKING,0.923071
16102,1,1,WALKING,1.064911
16103,1,1,WALKING,1.20034
16104,1,1,WALKING,1.284192
16105,1,1,WALKING,1.251157
16106,1,1,WALKING,1.142599
16107,1,1,WALKING,1.013433
16108,1,1,WALKING,0.9163082
16109,1,1,WALKING,0.8950931
16110,1,1,WALKING,0.8124041
16111,1,1,WALKING,0.6996806
16112,1,1,WALKING,0.6973252
16113,1,1,WALKING,0.7170751
16114,1,1,WALKING,0.7436164
16115,1,1,WALKING,0.8119942
16116,1,1,WALKING,0.8483057
16117,1,1,WALKING,0.8432467
16118,1,1,WALKING,0.8256364
16119,1,1,WALKING,0.8171436
16120,1,1,WALKING,0.8682782
16121,1,1,WALKING,1.004218
16122,1,1,WALKING,1.166809
16123,1,1,WALKING,1.263553
16124,1,1,WALKING,1.264439
16125,1,1,WALKING,1.266622
16126,1,1,WALKING,1.38072
16127,1,1,WALKING,1.495994
16128,1,1,WALKING,1.425195
16129,1,1,WALKING,1.115565
16130,1,1,WALKING,0.6837573
16131,1,1,WALKING,0.499995
16132,1,1,WALKING,0.7092598
16133,1,1,WALKING,0.9676056
16134,1,1,WALKING,1.114203
16135,1,1,WALKING,1.102155
16136,1,1,WALKING,0.8437874
16137,1,1,WALKING,0.6459284
16138,1,1,WALKING,0.6425969
16139,1,1,WALKING,0.68797
16140,1,1,WALKING,0.7886963
16141,1,1,WALKING,0.9310316
16142,1,1,WALKING,1.105908
16143,1,1,WALKING,1.041858
16144,1,1,WALKING,0.8143898
16145,1,1,WALKING,0.875029
16146,1,1,WALKING,0.9425138
16147,1,1,WALKING,0.9685423
16148,1,1,WALKING,1.049698
16149,1,1,WALKING,0.9453438
16150,1,1,WALKING,0.9262325
16151,1,1,WALKING,0.971681
16152,1,1,WALKING,0.9532045
16153,1,1,WALKING,1.019169
16154,1,1,WALKING,1.074953
16155,1,1,WALKING,1.247944
16156,1,1,WALKING,1.403867
16157,1,1,WALKING,1.291067
16158,1,1,WALKING,1.135974
16159,1,1,WALKING,1.009669
16160,1,1,WALKING,0.9182314
16161,1,1,WALKING,0.8793671
16162,1,1,WALKING,0.9055149
16163,1,1,WALKING,1.078009
16164,1,1,WALKING,1.217742
16165,1,1,WALKING,1.224305
16166,1,1,WALKING,1.165859
16167,1,1,WALKING,1.055641
16168,1,1,WALKING,0.9856884
16169,1,1,WALKING,0.9089911
16170,1,1,WALKING,0.7935956
16171,1,1,WALKING,0.7393633
16172,1,1,WALKING,0.6880551
16173,1,1,WALKING,0.6669459
16174,1,1,WALKING,0.6876136
16175,1,1,WALKING,0.7090546
16176,1,1,WALKING,0.8078383
16177,1,1,WALKING,0.8517573
16178,1,1,WALKING,0.8436857
16179,1,1,WALKING,0.9524447
16180,1,1,WALKING,1.060054
16181,1,1,WALKING,1.114671
16182,1,1,WALKING,1.240922
16183,1,1,WALKING,1.404452
16184,1,1,WALKING,1.377449
16185,1,1,WALKING,1.302481
16186,1,1,WALKING,1.46632
16187,1,1,WALKING,1.506481
16188,1,1,WALKING,1.196952
16189,1,1,WALKING,0.7753204
16190,1,1,WALKING,0.5330941
16191,1,1,WALKING,0.7039813
16192,1,1,WALKING,0.9803185
16193,1,1,WALKING,1.117788
16194,1,1,WALKING,1.085868
16195,1,1,WALKING,0.8334921
16196,1,1,WALKING,0.7370085
16197,1,1,WALKING,0.746134
16198,1,1,WALKING,0.7028065
16199,1,1,WALKING,0.8159995
16200,1,1,WALKING,0.9101228
16201,1,1,WALKING,0.9937593
16202,1,1,WALKING,1.031827
16203,1,1,WALKING,0.9367347
16204,1,1,WALKING,0.9488693
16205,1,1,WALKING,0.9526905
16206,1,1,WALKING,0.9548204
16207,1,1,WALKING,0.9843797
16208,1,1,WALKING,0.9135805
16209,1,1,WALKING,0.9034301
16210,1,1,WALKING,0.9471263
16211,1,1,WALKING,1.030091
16212,1,1,WALKING,1.097431
16213,1,1,WALKING,1.080286
16214,1,1,WALKING,1.142662
16215,1,1,WALKING,1.226381
16216,1,1,WALKING,1.242343
16217,1,1,WALKING,1.158891
16218,1,1,WALKING,1.011064
16219,1,1,WALKING,0.9364889
16220,1,1,WALKING,0.9168595
16221,1,1,WALKING,1.010969
16222,1,1,WALKING,1.187647
16223,1,1,WALKING,1.258197
16224,1,1,WALKING,1.198981
16225,1,1,WALKING,1.119779
16226,1,1,WALKING,1.074571
16227,1,1,WALKING,0.9562675
16228,1,1,WALKING,0.8909686
16229,1,1,WALKING,0.9260451
16230,1,1,WALKING,0.8083699
16231,1,1,WALKING,0.7084646
16232,1,1,WALKING,0.7317745
16233,1,1,WALKING,0.7215562
16234,1,1,WALKING,0.7608183
16235,1,1,WALKING,0.8058763
16236,1,1,WALKING,0.8069508
16237,1,1,WALKING,0.8145205
16238,1,1,WALKING,0.8274466
16239,1,1,WALKING,0.9160773
16240,1,1,WALKING,1.042911
16241,1,1,WALKING,1.183581
16242,1,1,WALKING,1.329367
16243,1,1,WALKING,1.36775
16244,1,1,WALKING,1.352136
16245,1,1,WALKING,1.397628
16246,1,1,WALKING,1.450113
16247,1,1,WALKING,1.320419
16248,1,1,WALKING,0.9848007
16249,1,1,WALKING,0.6912497
16250,1,1,WALKING,0.6348878
16251,1,1,WALKING,0.7781487
16252,1,1,WALKING,0.9443412
16253,1,1,WALKING,1.065126
16254,1,1,WALKING,1.03698
16255,1,1,WALKING,0.8591441
16256,1,1,WALKING,0.7654116
16257,1,1,WALKING,0.6664539
16258,1,1,WALKING,0.6454004
16259,1,1,WALKING,0.8565067
16260,1,1,WALKING,0.9977985
16261,1,1,WALKING,1.06061
16262,1,1,WALKING,1.012677
16263,1,1,WALKING,0.891792
16264,1,1,WALKING,0.9419237
16265,1,1,WALKING,0.9632251
16266,1,1,WALKING,0.9852933
16267,1,1,WALKING,0.9988669
16268,1,1,WALKING,0.9108268
16269,1,1,WALKING,0.9499746
16270,1,1,WALKING,0.9689366
16271,1,1,WALKING,0.9812133
16272,1,1,WALKING,1.075151
16273,1,1,WALKING,1.116539
16274,1,1,WALKING,1.195095
16275,1,1,WALKING,1.202362
16276,1,1,WALKING,1.152089
16277,1,1,WALKING,1.075942
16278,1,1,WALKING,0.8372155
16279,1,1,WALKING,0.7492629
16280,1,1,WALKING,1.001703
16281,1,1,WALKING,1.365427
16282,1,1,WALKING,1.52374
16283,1,1,WALKING,1.387052
16284,1,1,WALKING,1.199559
16285,1,1,WALKING,0.9601523
16286,1,1,WALKING,0.7294531
16287,1,1,WALKING,0.780997
16288,1,1,WALKING,0.8542764
16289,1,1,WALKING,0.7569482
16290,1,1,WALKING,0.7488491
16291,1,1,WALKING,0.7240159
16292,1,1,WALKING,0.6487338
16293,1,1,WALKING,0.7206893
16294,1,1,WALKING,0.7492842
16295,1,1,WALKING,0.7851087
16296,1,1,WALKING,0.9070864
16297,1,1,WALKING,0.9018257
16298,1,1,WALKING,0.9629988
16299,1,1,WALKING,1.139064
16300,1,1,WALKING,1.182053
16301,1,1,WALKING,1.162614
16302,1,1,WALKING,1.229034
16303,1,1,WALKING,1.316091
16304,1,1,WALKING,1.303939
16305,1,1,WALKING,1.277021
16306,1,1,WALKING,1.257108
16307,1,1,WALKING,1.138491
16308,1,1,WALKING,0.888731
16309,1,1,WALKING,0.5689776
16310,1,1,WALKING,0.5776247
16311,1,1,WALKING,0.9699315
16312,1,1,WALKING,1.169292
16313,1,1,WALKING,1.050981
16314,1,1,WALKING,0.89308
16315,1,1,WALKING,0.7833169
16316,1,1,WALKING,0.7004541
16317,1,1,WALKING,0.6983157
16318,1,1,WALKING,0.8429591
16319,1,1,WALKING,0.9700537
16320,1,1,WALKING,0.9932259
16321,1,1,WALKING,0.9763686
16322,1,1,WALKING,0.9136709
16323,1,1,WALKING,0.8769696
16324,1,1,WALKING,0.9119953
16325,1,1,WALKING,1.002077
16326,1,1,WALKING,1.049386
16327,1,1,WALKING,1.014031
16328,1,1,WALKING,0.9791901
16329,1,1,WALKING,0.9124859
16330,1,1,WALKING,0.904415
16331,1,1,WALKING,0.9837417
16332,1,1,WALKING,1.060273
16333,1,1,WALKING,1.194072
16334,1,1,WALKING,1.304854
16335,1,1,WALKING,1.30747
16336,1,1,WALKING,1.157367
16337,1,1,WALKING,0.8999107
16338,1,1,WALKING,0.8127646
16339,1,1,WALKING,0.9293137
16340,1,1,WALKING,1.128105
16341,1,1,WALKING,1.358657
16342,1,1,WALKING,1.418874
16343,1,1,WALKING,1.221744
16344,1,1,WALKING,1.016466
16345,1,1,WALKING,0.9513108
16346,1,1,WALKING,0.9329448
16347,1,1,WALKING,0.9098006
16348,1,1,WALKING,0.867642
16349,1,1,WALKING,0.812822
16350,1,1,WALKING,0.7194795
16351,1,1,WALKING,0.642731
16352,1,1,WALKING,0.6821285
16353,1,1,WALKING,0.700272
16354,1,1,WALKING,0.7488539
16355,1,1,WALKING,0.8574108
16356,1,1,WALKING,0.8193092
16357,1,1,WALKING,0.8239669
16358,1,1,WALKING,0.9892037
16359,1,1,WALKING,1.122961
16360,1,1,WALKING,1.20337
16361,1,1,WALKING,1.271216
16362,1,1,WALKING,1.275745
16363,1,1,WALKING,1.213375
16364,1,1,WALKING,1.272503
16365,1,1,WALKING,1.437472
16366,1,1,WALKING,1.503036
16367,1,1,WALKING,1.356084
16368,1,1,WALKING,0.9348426
16369,1,1,WALKING,0.5988198
16370,1,1,WALKING,0.6140345
16371,1,1,WALKING,0.7906741
16372,1,1,WALKING,0.9855119
16373,1,1,WALKING,1.0184
16374,1,1,WALKING,0.9488692
16375,1,1,WALKING,0.9071644
16376,1,1,WALKING,0.7969336
16377,1,1,WALKING,0.7344295
16378,1,1,WALKING,0.7902536
16379,1,1,WALKING,0.8953432
16380,1,1,WALKING,1.002503
16381,1,1,WALKING,1.023245
16382,1,1,WALKING,0.9615891
16383,1,1,WALKING,0.9178665
16384,1,1,WALKING,0.9463616
16385,1,1,WALKING,0.9417414
16386,1,1,WALKING,0.9386793
16387,1,1,WALKING,0.9466119
16388,1,1,WALKING,0.9857494
16389,1,1,WALKING,1.009102
16390,1,1,WALKING,1.04239
16391,1,1,WALKING,1.13503
16392,1,1,WALKING,1.218793
16393,1,1,WALKING,1.211986
16394,1,1,WALKING,1.202761
16395,1,1,WALKING,1.225253
16396,1,1,WALKING,1.139235
16397,1,1,WALKING,0.9828675
16398,1,1,WALKING,0.856138
16399,1,1,WALKING,0.8266439
16400,1,1,WALKING,0.9687944
16401,1,1,WALKING,1.144259
16402,1,1,WALKING,1.250588
16403,1,1,WALKING,1.259684
16404,1,1,WALKING,1.160607
16405,1,1,WALKING,1.040995
16406,1,1,WALKING,0.8938093
16407,1,1,WALKING,0.8134485
16408,1,1,WALKING,0.7964888
16409,1,1,WALKING,0.7280364
16410,1,1,WALKING,0.7363578
16411,1,1,WALKING,0.7233605
16412,1,1,WALKING,0.6699897
16413,1,1,WALKING,0.7261129
16414,1,1,WALKING,0.7482676
16415,1,1,WALKING,0.8055366
16416,1,1,WALKING,0.9225838
16417,1,1,WALKING,0.9915866
16418,1,1,WALKING,1.135719
16419,1,1,WALKING,1.282973
16420,1,1,WALKING,1.340005
16421,1,1,WALKING,1.318701
16422,1,1,WALKING,1.289117
16423,1,1,WALKING,1.378261
16424,1,1,WALKING,1.450872
16425,1,1,WALKING,1.396525
16426,1,1,WALKING,1.099727
16427,1,1,WALKING,0.609814
16428,1,1,WALKING,0.4743884
16429,1,1,WALKING,0.7090469
16430,1,1,WALKING,0.9185581
16431,1,1,WALKING,1.087245
16432,1,1,WALKING,1.040917
16433,1,1,WALKING,0.8325484
16434,1,1,WALKING,0.8261668
16435,1,1,WALKING,0.7994595
16436,1,1,WALKING,0.6995065
16437,1,1,WALKING,0.7775734
16438,1,1,WALKING,0.8724311
16439,1,1,WALKING,0.9748698
16440,1,1,WALKING,1.0301
16441,1,1,WALKING,0.9133006
16442,1,1,WALKING,0.8594831
16443,1,1,WALKING,0.8725025
16444,1,1,WALKING,0.9037802
16445,1,1,WALKING,0.9771286
16446,1,1,WALKING,0.9955528
16447,1,1,WALKING,1.009199
16448,1,1,WALKING,1.004057
16449,1,1,WALKING,1.00393
16450,1,1,WALKING,1.110256
16451,1,1,WALKING,1.251672
16452,1,1,WALKING,1.3311
16453,1,1,WALKING,1.320248
16454,1,1,WALKING,1.27168
16455,1,1,WALKING,1.105589
16456,1,1,WALKING,0.8165365
16457,1,1,WALKING,0.7418135
16458,1,1,WALKING,0.9425049
16459,1,1,WALKING,1.169018
16460,1,1,WALKING,1.327302
16461,1,1,WALKING,1.341965
16462,1,1,WALKING,1.166364
16463,1,1,WALKING,0.9502059
16464,1,1,WALKING,0.8334367
16465,1,1,WALKING,0.8067143
16466,1,1,WALKING,0.7913561
16467,1,1,WALKING,0.7566533
16468,1,1,WALKING,0.734301
16469,1,1,WALKING,0.6796187
16470,1,1,WALKING,0.624638
16471,1,1,WALKING,0.6569639
16472,1,1,WALKING,0.7009632
16473,1,1,WALKING,0.7777988
16474,1,1,WALKING,0.9055151
16475,1,1,WALKING,1.012122
16476,1,1,WALKING,1.168603
16477,1,1,WALKING,1.33581
16478,1,1,WALKING,1.392677
16479,1,1,WALKING,1.352061
16480,1,1,WALKING,1.346409
16481,1,1,WALKING,1.487101
16482,1,1,WALKING,1.545312
16483,1,1,WALKING,1.222394
16484,1,1,WALKING,0.6755741
16485,1,1,WALKING,0.4700869
16486,1,1,WALKING,0.7995368
16487,1,1,WALKING,1.086768
16488,1,1,WALKING,1.039109
16489,1,1,WALKING,0.9214774
16490,1,1,WALKING,0.7923448
16491,1,1,WALKING,0.6752724
16492,1,1,WALKING,0.6505697
16493,1,1,WALKING,0.718914
16494,1,1,WALKING,0.8948674
16495,1,1,WALKING,1.009052
16496,1,1,WALKING,0.9644814
16497,1,1,WALKING,0.9386462
16498,1,1,WALKING,0.9375514
16499,1,1,WALKING,0.9011324
16500,1,1,WALKING,0.9409346
16501,1,1,WALKING,1.010044
16502,1,1,WALKING,0.9912733
16503,1,1,WALKING,0.9894705
16504,1,1,WALKING,1.011495
16505,1,1,WALKING,0.9680212
16506,1,1,WALKING,0.9597561
16507,1,1,WALKING,1.01768
16508,1,1,WALKING,1.137003
16509,1,1,WALKING,1.32015
16510,1,1,WALKING,1.355467
16511,1,1,WALKING,1.157012
16512,1,1,WALKING,0.8969154
16513,1,1,WALKING,0.8130281
16514,1,1,WALKING,1.007683
16515,1,1,WALKING,1.240469
16516,1,1,WALKING,1.329848
16517,1,1,WALKING,1.314373
16518,1,1,WALKING,1.134687
16519,1,1,WALKING,0.8703874
16520,1,1,WALKING,0.7855455
16521,1,1,WALKING,0.8074562
16522,1,1,WALKING,0.7483308
16523,1,1,WALKING,0.7191816
16524,1,1,WALKING,0.7110014
16525,1,1,WALKING,0.6507548
16526,1,1,WALKING,0.6490584
16527,1,1,WALKING,0.6826262
16528,1,1,WALKING,0.7395849
16529,1,1,WALKING,0.8336649
16530,1,1,WALKING,0.8693908
16531,1,1,WALKING,0.9065677
16532,1,1,WALKING,1.033503
16533,1,1,WALKING,1.214666
16534,1,1,WALKING,1.338895
16535,1,1,WALKING,1.329557
16536,1,1,WALKING,1.287214
16537,1,1,WALKING,1.299717
16538,1,1,WALKING,1.385079
16539,1,1,WALKING,1.463792
16540,1,1,WALKING,1.301986
16541,1,1,WALKING,0.89326
16542,1,1,WALKING,0.5978449
16543,1,1,WALKING,0.6850103
16544,1,1,WALKING,0.9343991
16545,1,1,WALKING,1.024395
16546,1,1,WALKING,0.9993393
16547,1,1,WALKING,0.910791
16548,1,1,WALKING,0.7786858
16549,1,1,WALKING,0.7097238
16550,1,1,WALKING,0.7016231
16551,1,1,WALKING,0.7912545
16552,1,1,WALKING,0.8897732
16553,1,1,WALKING,0.9046111
16554,1,1,WALKING,0.9483881
16555,1,1,WALKING,0.913075
16556,1,1,WALKING,0.8317524
16557,1,1,WALKING,0.9005497
16558,1,1,WALKING,0.967905
16559,1,1,WALKING,0.9611992
16560,1,1,WALKING,0.9685754
16561,1,1,WALKING,0.9844658
16562,1,1,WALKING,1.028426
16563,1,1,WALKING,1.084515
16564,1,1,WALKING,1.099043
16565,1,1,WALKING,1.12454
16566,1,1,WALKING,1.232352
16567,1,1,WALKING,1.349981
16568,1,1,WALKING,1.323647
16569,1,1,WALKING,1.13822
16570,1,1,WALKING,0.876938
16571,1,1,WALKING,0.6777794
16572,1,1,WALKING,0.8301441
16573,1,1,WALKING,1.242323
16574,1,1,WALKING,1.45906
16575,1,1,WALKING,1.398915
16576,1,1,WALKING,1.232241
16577,1,1,WALKING,1.09431
16578,1,1,WALKING,0.9207998
16579,1,1,WALKING,0.7839922
16580,1,1,WALKING,0.841469
16581,1,1,WALKING,0.7957889
16582,1,1,WALKING,0.7392915
16583,1,1,WALKING,0.7588544
16584,1,1,WALKING,0.6223428
16585,1,1,WALKING,0.6263452
16586,1,1,WALKING,0.7164204
16587,1,1,WALKING,0.7664499
16588,1,1,WALKING,0.8736789
16589,1,1,WALKING,0.8948958
16590,1,1,WALKING,1.029036
16591,1,1,WALKING,1.212708
16592,1,1,WALKING,1.282342
16593,1,1,WALKING,1.368801
16594,1,1,WALKING,1.33832
16595,1,1,WALKING,1.305963
16596,1,1,WALKING,1.420658
16597,1,1,WALKING,1.458764
16598,1,1,WALKING,1.237357
16599,1,1,WALKING,0.8331429
16600,1,1,WALKING,0.6395526
16601,1,1,WALKING,0.8208452
16602,1,1,WALKING,1.033755
16603,1,1,WALKING,1.04915
16604,1,1,WALKING,0.9468455
16605,1,1,WALKING,0.7915284
16606,1,1,WALKING,0.7175368
16607,1,1,WALKING,0.7581942
16608,1,1,WALKING,0.7659342
16609,1,1,WALKING,0.8454311
16610,1,1,WALKING,0.9640704
16611,1,1,WALKING,0.9788792
16612,1,1,WALKING,0.9812903
16613,1,1,WALKING,0.9453795
16614,1,1,WALKING,0.9209767
16615,1,1,WALKING,0.946928
16616,1,1,WALKING,0.948246
16617,1,1,WALKING,0.9635634
16618,1,1,WALKING,0.9553942
16619,1,1,WALKING,0.9459351
16620,1,1,WALKING,0.9672751
16621,1,1,WALKING,1.023792
16622,1,1,WALKING,1.150273
16623,1,1,WALKING,1.230808
16624,1,1,WALKING,1.260684
16625,1,1,WALKING,1.230811
16626,1,1,WALKING,1.039696
16627,1,1,WALKING,0.8318904
16628,1,1,WALKING,0.816845
16629,1,1,WALKING,1.021699
16630,1,1,WALKING,1.25982
16631,1,1,WALKING,1.353238
16632,1,1,WALKING,1.293834
16633,1,1,WALKING,1.131034
16634,1,1,WALKING,0.9539665
16635,1,1,WALKING,0.8438582
16636,1,1,WALKING,0.8376583
16637,1,1,WALKING,0.826017
16638,1,1,WALKING,0.7528746
16639,1,1,WALKING,0.7241891
16640,1,1,WALKING,0.6896882
16641,1,1,WALKING,0.6816829
16642,1,1,WALKING,0.7389509
16643,1,1,WALKING,0.7829351
16644,1,1,WALKING,0.8624999
16645,1,1,WALKING,0.904435
16646,1,1,WALKING,0.9320193
16647,1,1,WALKING,1.058524
16648,1,1,WALKING,1.210671
16649,1,1,WALKING,1.298477
16650,1,1,WALKING,1.288064
16651,1,1,WALKING,1.412452
16652,1,1,WALKING,1.591069
16653,1,1,WALKING,1.481121
16654,1,1,WALKING,1.325298
16655,1,1,WALKING,1.1851
16656,1,1,WALKING,0.8658739
16657,1,1,WALKING,0.6028856
16658,1,1,WALKING,0.7054942
16659,1,1,WALKING,1.097636
16660,1,1,WALKING,1.280384
16661,1,1,WALKING,1.081465
16662,1,1,WALKING,0.7907183
16663,1,1,WALKING,0.6212812
16664,1,1,WALKING,0.6427623
16665,1,1,WALKING,0.7686621
16666,1,1,WALKING,0.9684271
16667,1,1,WALKING,1.069107
16668,1,1,WALKING,0.9697331
16669,1,1,WALKING,0.9370511
16670,1,1,WALKING,0.9205074
16671,1,1,WALKING,0.8977075
16672,1,1,WALKING,0.9572638
16673,1,1,WALKING,0.9616793
16674,1,1,WALKING,0.963156
16675,1,1,WALKING,0.954545
16676,1,1,WALKING,0.9292464
16677,1,1,WALKING,0.9704692
16678,1,1,WALKING,1.020238
16679,1,1,WALKING,1.098802
16680,1,1,WALKING,1.182163
16681,1,1,WALKING,1.243088
16682,1,1,WALKING,1.286997
16683,1,1,WALKING,1.227179
16684,1,1,WALKING,1.061885
16685,1,1,WALKING,0.8823195
16686,1,1,WALKING,0.8664722
16687,1,1,WALKING,0.998469
16688,1,1,WALKING,1.083207
16689,1,1,WALKING,1.20075
16690,1,1,WALKING,1.299511
16691,1,1,WALKING,1.199129
16692,1,1,WALKING,1.059437
16693,1,1,WALKING,0.9564482
16694,1,1,WALKING,0.8805973
16695,1,1,WALKING,0.8715155
16696,1,1,WALKING,0.8125256
16697,1,1,WALKING,0.7487166
16698,1,1,WALKING,0.7449131
16699,1,1,WALKING,0.7188946
16700,1,1,WALKING,0.745091
16701,1,1,WALKING,0.8184665
16702,1,1,WALKING,0.8403263
16703,1,1,WALKING,0.8349061
16704,1,1,WALKING,0.8284799
16705,1,1,WALKING,0.8623215
16706,1,1,WALKING,0.9882911
16707,1,1,WALKING,1.199956
16708,1,1,WALKING,1.343239
16709,1,1,WALKING,1.30411
16710,1,1,WALKING,1.300394
16711,1,1,WALKING,1.429376
16712,1,1,WALKING,1.483295
16713,1,1,WALKING,1.311326
16714,1,1,WALKING,0.9089221
16715,1,1,WALKING,0.6332118
16716,1,1,WALKING,0.7857284
16717,1,1,WALKING,1.020877
16718,1,1,WALKING,1.067142
16719,1,1,WALKING,1.020331
16720,1,1,WALKING,0.8853841
16721,1,1,WALKING,0.7404341
16722,1,1,WALKING,0.669272
16723,1,1,WALKING,0.6962828
16724,1,1,WALKING,0.8813815
16725,1,1,WALKING,1.032651
16726,1,1,WALKING,1.038496
16727,1,1,WALKING,0.9954928
16728,1,1,WALKING,0.9210254
16729,1,1,WALKING,0.8940568
16730,1,1,WALKING,0.9134958
16731,1,1,WALKING,0.9391062
16732,1,1,WALKING,0.9358408
16733,1,1,WALKING,0.9066039
16734,1,1,WALKING,0.9509435
16735,1,1,WALKING,0.9743299
16736,1,1,WALKING,1.002707
16737,1,1,WALKING,1.086594
16738,1,1,WALKING,1.197867
16739,1,1,WALKING,1.397679
16740,1,1,WALKING,1.423052
16741,1,1,WALKING,1.269489
16742,1,1,WALKING,1.093263
16743,1,1,WALKING,0.8399082
16744,1,1,WALKING,0.8621024
16745,1,1,WALKING,0.996678
16746,1,1,WALKING,0.9226025
16747,1,1,WALKING,1.151919
16748,1,1,WALKING,1.443256
16749,1,1,WALKING,1.29521
16750,1,1,WALKING,1.115785
16751,1,1,WALKING,0.9905318
16752,1,1,WALKING,0.8657095
16753,1,1,WALKING,0.8527456
16754,1,1,WALKING,0.8020307
16755,1,1,WALKING,0.7480705
16756,1,1,WALKING,0.6870219
16757,1,1,WALKING,0.6422125
16758,1,1,WALKING,0.7097868
16759,1,1,WALKING,0.7320746
16760,1,1,WALKING,0.7831069
16761,1,1,WALKING,0.8321252
16762,1,1,WALKING,0.7913258
16763,1,1,WALKING,0.9207511
16764,1,1,WALKING,1.148621
16765,1,1,WALKING,1.321872
16766,1,1,WALKING,1.378467
16767,1,1,WALKING,1.257434
16768,1,1,WALKING,1.22985
16769,1,1,WALKING,1.34874
16770,1,1,WALKING,1.428233
16771,1,1,WALKING,1.360275
16772,1,1,WALKING,1.052171
16773,1,1,WALKING,0.6905939
16774,1,1,WALKING,0.6211957
16775,1,1,WALKING,0.8987711
16776,1,1,WALKING,1.104435
16777,1,1,WALKING,1.041661
16778,1,1,WALKING,0.9470497
16779,1,1,WALKING,0.806907
16780,1,1,WALKING,0.6834332
16781,1,1,WALKING,0.6817311
16782,1,1,WALKING,0.7025686
16783,1,1,WALKING,0.8078594
16784,1,1,WALKING,0.9664415
16785,1,1,WALKING,1.032674
16786,1,1,WALKING,0.9722567
16787,1,1,WALKING,0.9117431
16788,1,1,WALKING,0.9455555
16789,1,1,WALKING,0.9715985
16790,1,1,WALKING,1.002911
16791,1,1,WALKING,0.9764186
16792,1,1,WALKING,0.8860389
16793,1,1,WALKING,0.9167445
16794,1,1,WALKING,0.9768544
16795,1,1,WALKING,1.045904
16796,1,1,WALKING,1.15316
16797,1,1,WALKING,1.222856
16798,1,1,WALKING,1.318897
16799,1,1,WALKING,1.321007
16800,1,1,WALKING,1.153829
16801,1,1,WALKING,0.9567478
16802,1,1,WALKING,0.8263338
16803,1,1,WALKING,0.8495415
16804,1,1,WALKING,0.9678018
16805,1,1,WALKING,1.178361
16806,1,1,WALKING,1.413742
16807,1,1,WALKING,1.380076
16808,1,1,WALKING,1.153998
16809,1,1,WALKING,0.9461541
16810,1,1,WALKING,0.8173702
16811,1,1,WALKING,0.8287816
16812,1,1,WALKING,0.8363142
16813,1,1,WALKING,0.8020764
16814,1,1,WALKING,0.7943929
16815,1,1,WALKING,0.7384277
16816,1,1,WALKING,0.6877717
16817,1,1,WALKING,0.6824054
16818,1,1,WALKING,0.7281918
16819,1,1,WALKING,0.8196819
16820,1,1,WALKING,0.8447862
16821,1,1,WALKING,0.8731361
16822,1,1,WALKING,0.9662668
16823,1,1,WALKING,1.076354
16824,1,1,WALKING,1.216561
16825,1,1,WALKING,1.294003
16826,1,1,WALKING,1.276823
16827,1,1,WALKING,1.289343
16828,1,1,WALKING,1.399887
16829,1,1,WALKING,1.529912
16830,1,1,WALKING,1.474346
16831,1,1,WALKING,1.114509
16832,1,1,WALKING,0.6898549
16833,1,1,WALKING,0.6285509
16834,1,1,WALKING,0.8111741
16835,1,1,WALKING,0.9058634
16836,1,1,WALKING,1.047991
16837,1,1,WALKING,1.0615
16838,1,1,WALKING,0.8251011
16839,1,1,WALKING,0.7380907
16840,1,1,WALKING,0.7345649
16841,1,1,WALKING,0.8111743
16842,1,1,WALKING,1.017901
16843,1,1,WALKING,1.021546
16844,1,1,WALKING,0.9787023
16845,1,1,WALKING,0.9526774
16846,1,1,WALKING,0.8682029
16847,1,1,WALKING,0.9256593
16848,1,1,WALKING,0.9608375
16849,1,1,WALKING,0.9384029
16850,1,1,WALKING,0.9547863
16851,1,1,WALKING,0.9526594
16852,1,1,WALKING,0.994658
16853,1,1,WALKING,1.058062
16854,1,1,WALKING,1.131652
16855,1,1,WALKING,1.177619
16856,1,1,WALKING,1.199609
16857,1,1,WALKING,1.264001
16858,1,1,WALKING,1.236778
16859,1,1,WALKING,1.103602
16860,1,1,WALKING,0.9906524
16861,1,1,WALKING,0.9601182
16862,1,1,WALKING,0.9542364
16863,1,1,WALKING,0.9760952
16864,1,1,WALKING,1.220776
16865,1,1,WALKING,1.457167
16866,1,1,WALKING,1.329176
16867,1,1,WALKING,1.067029
16868,1,1,WALKING,0.9230906
16869,1,1,WALKING,0.8876325
16870,1,1,WALKING,0.8644904
16871,1,1,WALKING,0.7832355
16872,1,1,WALKING,0.7763073
16873,1,1,WALKING,0.8089506
16874,1,1,WALKING,0.7690872
16875,1,1,WALKING,0.77837
16876,1,1,WALKING,0.7732311
16877,1,1,WALKING,0.7428018
16878,1,1,WALKING,0.7830902
16879,1,1,WALKING,0.7863745
16880,1,1,WALKING,0.8503489
16881,1,1,WALKING,1.041262
16882,1,1,WALKING,1.232663
16883,1,1,WALKING,1.330106
16884,1,1,WALKING,1.267056
16885,1,1,WALKING,1.249214
16886,1,1,WALKING,1.334201
16887,1,1,WALKING,1.421179
16888,1,1,WALKING,1.514144
16889,1,1,WALKING,1.306105
16890,1,1,WALKING,0.8509689
16891,1,1,WALKING,0.6837788
16892,1,1,WALKING,0.8281429
16893,1,1,WALKING,0.9861764
16894,1,1,WALKING,1.012286
16895,1,1,WALKING,0.8944576
16896,1,1,WALKING,0.7312238
16897,1,1,WALKING,0.671844
16898,1,1,WALKING,0.6948959
16899,1,1,WALKING,0.720136
16900,1,1,WALKING,0.8737744
16901,1,1,WALKING,1.050033
16902,1,1,WALKING,1.059161
16903,1,1,WALKING,0.9923949
16904,1,1,WALKING,0.9010783
16905,1,1,WALKING,0.9023872
16906,1,1,WALKING,0.97101
16907,1,1,WALKING,0.9701429
16908,1,1,WALKING,0.9771223
16909,1,1,WALKING,0.9594285
16910,1,1,WALKING,0.9589183
16911,1,1,WALKING,1.014448
16912,1,1,WALKING,1.049278
16913,1,1,WALKING,1.122244
16914,1,1,WALKING,1.205765
16915,1,1,WALKING,1.285251
16916,1,1,WALKING,1.272733
16917,1,1,WALKING,1.07279
16918,1,1,WALKING,0.8728038
16919,1,1,WALKING,0.8416215
16920,1,1,WALKING,1.033778
16921,1,1,WALKING,1.287719
16922,1,1,WALKING,1.474222
16923,1,1,WALKING,1.522817
16924,1,1,WALKING,1.163152
16925,1,1,WALKING,0.7640717
16926,1,1,WALKING,0.8318486
16927,1,1,WALKING,0.9119288
16928,1,1,WALKING,0.7804531
16929,1,1,WALKING,0.7811056
16930,1,1,WALKING,0.7673228
16931,1,1,WALKING,0.6690007
16932,1,1,WALKING,0.7084969
16933,1,1,WALKING,0.7345755
16934,1,1,WALKING,0.7657977
16935,1,1,WALKING,0.8337984
16936,1,1,WALKING,0.7971384
16937,1,1,WALKING,0.8602319
16938,1,1,WALKING,1.027541
16939,1,1,WALKING,1.172087
16940,1,1,WALKING,1.254767
16941,1,1,WALKING,1.267542
16942,1,1,WALKING,1.319807
16943,1,1,WALKING,1.325721
16944,1,1,WALKING,1.439538
16945,1,1,WALKING,1.557281
16946,1,1,WALKING,1.213243
16947,1,1,WALKING,0.7251724
16948,1,1,WALKING,0.5430019
16949,1,1,WALKING,0.8185391
16950,1,1,WALKING,1.216013
16951,1,1,WALKING,1.184372
16952,1,1,WALKING,0.9531979
16953,1,1,WALKING,0.7065032
16954,1,1,WALKING,0.5902152
16955,1,1,WALKING,0.7322387
16956,1,1,WALKING,0.7445692
16957,1,1,WALKING,0.7938006
16958,1,1,WALKING,1.003671
16959,1,1,WALKING,1.036681
16960,1,1,WALKING,0.990245
16961,1,1,WALKING,0.9464692
16962,1,1,WALKING,0.9039919
16963,1,1,WALKING,0.916877
16964,1,1,WALKING,0.9629068
16965,1,1,WALKING,1.015204
16966,1,1,WALKING,0.9998195
16967,1,1,WALKING,0.9637541
16968,1,1,WALKING,0.955989
16969,1,1,WALKING,1.010598
16970,1,1,WALKING,1.127523
16971,1,1,WALKING,1.181586
16972,1,1,WALKING,1.216076
16973,1,1,WALKING,1.230282
16974,1,1,WALKING,1.11235
16975,1,1,WALKING,0.9052816
16976,1,1,WALKING,0.7516767
16977,1,1,WALKING,0.8287594
16978,1,1,WALKING,1.120316
16979,1,1,WALKING,1.39425
16980,1,1,WALKING,1.412888
16981,1,1,WALKING,1.209135
16982,1,1,WALKING,1.050953
16983,1,1,WALKING,0.9355004
16984,1,1,WALKING,0.8809996
16985,1,1,WALKING,0.9178892
16986,1,1,WALKING,0.8127484
16987,1,1,WALKING,0.7135748
16988,1,1,WALKING,0.7135539
16989,1,1,WALKING,0.6659997
16990,1,1,WALKING,0.7206746
16991,1,1,WALKING,0.8018156
16992,1,1,WALKING,0.8378443
16993,1,1,WALKING,0.8775774
16994,1,1,WALKING,0.8511727
16995,1,1,WALKING,0.9224722
16996,1,1,WALKING,1.086755
16997,1,1,WALKING,1.237653
16998,1,1,WALKING,1.347522
16999,1,1,WALKING,1.313601
17000,1,1,WALKING,1.320179
17001,1,1,WALKING,1.466183
17002,1,1,WALKING,1.576136
17003,1,1,WALKING,1.48153
17004,1,1,WALKING,1.02775
17005,1,1,WALKING,0.4804064
17006,1,1,WALKING,0.4116884
17007,1,1,WALKING,0.8167153
17008,1,1,WALKING,1.140876
17009,1,1,WALKING,1.202539
17010,1,1,WALKING,1.105283
17011,1,1,WALKING,0.9035998
17012,1,1,WALKING,0.7850063
17013,1,1,WALKING,0.7250053
17014,1,1,WALKING,0.7277999
17015,1,1,WALKING,0.8633256
17016,1,1,WALKING,0.9700522
17017,1,1,WALKING,1.040195
17018,1,1,WALKING,0.9818889
17019,1,1,WALKING,0.8774903
17020,1,1,WALKING,0.9220609
17021,1,1,WALKING,0.9403019
17022,1,1,WALKING,1.000594
17023,1,1,WALKING,1.049887
17024,1,1,WALKING,0.9824052
17025,1,1,WALKING,0.9986407
17026,1,1,WALKING,1.011946
17027,1,1,WALKING,1.035199
17028,1,1,WALKING,1.093617
17029,1,1,WALKING,1.097226
17030,1,1,WALKING,1.168819
17031,1,1,WALKING,1.224262
17032,1,1,WALKING,1.139511
17033,1,1,WALKING,0.9608296
17034,1,1,WALKING,0.803075
17035,1,1,WALKING,0.8154123
17036,1,1,WALKING,0.9765337
17037,1,1,WALKING,1.194713
17038,1,1,WALKING,1.363187
17039,1,1,WALKING,1.390026
17040,1,1,WALKING,1.280693
17041,1,1,WALKING,1.085433
17042,1,1,WALKING,0.9172348
17043,1,1,WALKING,0.8761783
17044,1,1,WALKING,0.879835
17045,1,1,WALKING,0.8013623
17046,1,1,WALKING,0.7311621
17047,1,1,WALKING,0.6956937
17048,1,1,WALKING,0.6452809
17049,1,1,WALKING,0.6767902
17050,1,1,WALKING,0.7446861
17051,1,1,WALKING,0.8165513
17052,1,1,WALKING,0.8968985
17053,1,1,WALKING,0.9204161
17054,1,1,WALKING,1.007412
17055,1,1,WALKING,1.170774
17056,1,1,WALKING,1.326137
17057,1,1,WALKING,1.399351
17058,1,1,WALKING,1.30392
17059,1,1,WALKING,1.283208
17060,1,1,WALKING,1.457624
17061,1,1,WALKING,1.530814
17062,1,1,WALKING,1.251219
17063,1,1,WALKING,0.7689804
17064,1,1,WALKING,0.6111819
17065,1,1,WALKING,0.8169562
17066,1,1,WALKING,0.9535881
17067,1,1,WALKING,0.9647575
17068,1,1,WALKING,0.9080296
17069,1,1,WALKING,0.8055923
17070,1,1,WALKING,0.7798523
17071,1,1,WALKING,0.7853371
17072,1,1,WALKING,0.7688792
17073,1,1,WALKING,0.8282817
17074,1,1,WALKING,0.9532776
17075,1,1,WALKING,1.01691
17076,1,1,WALKING,0.9869351
17077,1,1,WALKING,0.9596931
17078,1,1,WALKING,0.9811827
17079,1,1,WALKING,0.9722398
17080,1,1,WALKING,0.9549124
17081,1,1,WALKING,0.9655472
17082,1,1,WALKING,0.9398708
17083,1,1,WALKING,0.940861
17084,1,1,WALKING,0.9736693
17085,1,1,WALKING,1.011298
17086,1,1,WALKING,1.103023
17087,1,1,WALKING,1.170699
17088,1,1,WALKING,1.256622
17089,1,1,WALKING,1.332719
17090,1,1,WALKING,1.251382
17091,1,1,WALKING,1.12237
17092,1,1,WALKING,0.9327595
17093,1,1,WALKING,0.7846518
17094,1,1,WALKING,0.9100026
17095,1,1,WALKING,1.100775
17096,1,1,WALKING,1.303322
17097,1,1,WALKING,1.424955
17098,1,1,WALKING,1.200666
17099,1,1,WALKING,0.979789
17100,1,1,WALKING,0.9246988
17101,1,1,WALKING,0.8763482
17102,1,1,WALKING,0.906819
17103,1,1,WALKING,0.8532208
17104,1,1,WALKING,0.7345253
17105,1,1,WALKING,0.702023
17106,1,1,WALKING,0.6604107
17107,1,1,WALKING,0.6807079
17108,1,1,WALKING,0.7454645
17109,1,1,WALKING,0.7849967
17110,1,1,WALKING,0.8093451
17111,1,1,WALKING,0.8116273
17112,1,1,WALKING,0.910114
17113,1,1,WALKING,1.070836
17114,1,1,WALKING,1.246507
17115,1,1,WALKING,1.397938
17116,1,1,WALKING,1.385689
17117,1,1,WALKING,1.367974
17118,1,1,WALKING,1.440487
17119,1,1,WALKING,1.454515
17120,1,1,WALKING,1.294031
17121,1,1,WALKING,0.8961989
17122,1,1,WALKING,0.5656215
17123,1,1,WALKING,0.6425903
17124,1,1,WALKING,0.9100021
17125,1,1,WALKING,1.058425
17126,1,1,WALKING,1.050888
17127,1,1,WALKING,0.9165119
17128,1,1,WALKING,0.7751024
17129,1,1,WALKING,0.7270546
17130,1,1,WALKING,0.7294315
17131,1,1,WALKING,0.7839409
17132,1,1,WALKING,0.8694793
17133,1,1,WALKING,0.9593213
17134,1,1,WALKING,1.008926
17135,1,1,WALKING,0.9620612
17136,1,1,WALKING,0.9480408
17137,1,1,WALKING,0.9574276
17138,1,1,WALKING,0.9422153
17139,1,1,WALKING,0.9686533
17140,1,1,WALKING,0.949741
17141,1,1,WALKING,0.9326379
17142,1,1,WALKING,0.9653444
17143,1,1,WALKING,0.9868327
17144,1,1,WALKING,1.061104
17145,1,1,WALKING,1.194802
17146,1,1,WALKING,1.338757
17147,1,1,WALKING,1.318809
17148,1,1,WALKING,1.046759
17149,1,1,WALKING,0.8042057
17150,1,1,WALKING,0.7836742
17151,1,1,WALKING,0.8993633
17152,1,1,WALKING,1.063999
17153,1,1,WALKING,1.240051
17154,1,1,WALKING,1.232799
17155,1,1,WALKING,1.100569
17156,1,1,WALKING,1.139269
17157,1,1,WALKING,1.07992
17158,1,1,WALKING,0.9216459
17159,1,1,WALKING,0.9473526
17160,1,1,WALKING,0.8573156
17161,1,1,WALKING,0.7283406
17162,1,1,WALKING,0.7134508
17163,1,1,WALKING,0.6587444
17164,1,1,WALKING,0.6762157
17165,1,1,WALKING,0.7180183
17166,1,1,WALKING,0.768388
17167,1,1,WALKING,0.8110903
17168,1,1,WALKING,0.7802587
17169,1,1,WALKING,0.8312993
17170,1,1,WALKING,0.926256
17171,1,1,WALKING,1.114275
17172,1,1,WALKING,1.399123
17173,1,1,WALKING,1.50536
17174,1,1,WALKING,1.464099
17175,1,1,WALKING,1.462838
17176,1,1,WALKING,1.494935
17177,1,1,WALKING,1.382777
17178,1,1,WALKING,0.9833635
17179,1,1,WALKING,0.4102832
17180,1,1,WALKING,0.1945835
17181,1,1,WALKING,0.5980589
17182,1,1,WALKING,1.012576
17183,1,1,WALKING,1.183236
17184,1,1,WALKING,1.174515
17185,1,1,WALKING,0.8667462
17186,1,1,WALKING,0.6120813
17187,1,1,WALKING,0.5475116
17188,1,1,WALKING,0.6504476
17189,1,1,WALKING,0.9196773
17190,1,1,WALKING,1.052015
17191,1,1,WALKING,1.082177
17192,1,1,WALKING,0.9779592
17193,1,1,WALKING,0.8512897
17194,1,1,WALKING,0.9347297
17195,1,1,WALKING,0.9624383
17196,1,1,WALKING,0.9910142
17197,1,1,WALKING,0.9919118
17198,1,1,WALKING,0.9058887
17199,1,1,WALKING,0.9646154
17200,1,1,WALKING,0.998639
17201,1,1,WALKING,1.050098
17202,1,1,WALKING,1.168042
17203,1,1,WALKING,1.253497
17204,1,1,WALKING,1.399719
17205,1,1,WALKING,1.377744
17206,1,1,WALKING,1.150619
17207,1,1,WALKING,0.9446922
17208,1,1,WALKING,0.8719065
17209,1,1,WALKING,0.9540466
17210,1,1,WALKING,0.9722119
17211,1,1,WALKING,0.9976186
17212,1,1,WALKING,1.124759
17213,1,1,WALKING,1.138166
17214,1,1,WALKING,1.138422
17215,1,1,WALKING,1.152632
17216,1,1,WALKING,0.6767296
17217,1,1,WALKING,0.7144286
17218,1,1,WALKING,0.7960596
17219,1,1,WALKING,0.908307
17220,1,1,WALKING,0.9541844
17221,1,1,WALKING,0.8720482
17222,1,1,WALKING,0.8146406
17223,1,1,WALKING,0.8210455
17224,1,1,WALKING,0.8311972
17225,1,1,WALKING,0.8735167
17226,1,1,WALKING,0.9740098
17227,1,1,WALKING,1.151631
17228,1,1,WALKING,1.294553
17229,1,1,WALKING,1.248832
17230,1,1,WALKING,1.237728
17231,1,1,WALKING,1.484871
17232,1,1,WALKING,1.704937
17233,1,1,WALKING,1.560779
17234,1,1,WALKING,0.9761042
17235,1,1,WALKING,0.3519552
17236,1,1,WALKING,0.3772188
17237,1,1,WALKING,0.757464
17238,1,1,WALKING,0.8788573
17239,1,1,WALKING,0.9937041
17240,1,1,WALKING,1.006432
17241,1,1,WALKING,0.8318087
17242,1,1,WALKING,0.8132299
17243,1,1,WALKING,0.6734489
17244,1,1,WALKING,0.5927696
17245,1,1,WALKING,0.8495876
17246,1,1,WALKING,0.9958859
17247,1,1,WALKING,1.029957
17248,1,1,WALKING,0.9641656
17249,1,1,WALKING,0.8768806
17250,1,1,WALKING,0.9358028
17251,1,1,WALKING,0.9329287
17252,1,1,WALKING,0.9881568
17253,1,1,WALKING,1.021034
17254,1,1,WALKING,0.9544819
17255,1,1,WALKING,0.9711199
17256,1,1,WALKING,0.9359298
17257,1,1,WALKING,0.9798182
17258,1,1,WALKING,1.104785
17259,1,1,WALKING,1.140623
17260,1,1,WALKING,1.163606
17261,1,1,WALKING,1.156621
17262,1,1,WALKING,1.151875
17263,1,1,WALKING,1.010065
17264,1,1,WALKING,0.7734963
17265,1,1,WALKING,0.8181861
17266,1,1,WALKING,1.09953
17267,1,1,WALKING,1.364497
17268,1,1,WALKING,1.375318
17269,1,1,WALKING,1.172723
17270,1,1,WALKING,1.054461
17271,1,1,WALKING,0.9689172
17272,1,1,WALKING,0.8963457
17273,1,1,WALKING,0.9175129
17274,1,1,WALKING,0.8817878
17275,1,1,WALKING,0.7691783
17276,1,1,WALKING,0.6636247
17277,1,1,WALKING,0.6163653
17278,1,1,WALKING,0.6594046
17279,1,1,WALKING,0.7355674
17280,1,1,WALKING,0.847616
17281,1,1,WALKING,0.9210043
17282,1,1,WALKING,0.86575
17283,1,1,WALKING,0.8498788
17284,1,1,WALKING,0.9123372
17285,1,1,WALKING,0.9748253
17286,1,1,WALKING,1.121894
17287,1,1,WALKING,1.288801
17288,1,1,WALKING,1.336593
17289,1,1,WALKING,1.281373
17290,1,1,WALKING,1.212437
17291,1,1,WALKING,1.248011
17292,1,1,WALKING,1.381617
17293,1,1,WALKING,1.458442
17294,1,1,WALKING,1.261009
17295,1,1,WALKING,0.8339549
17296,1,1,WALKING,0.4994291
17297,1,1,WALKING,0.3701019
17298,1,1,WALKING,0.6323716
17299,1,1,WALKING,1.103434
17300,1,1,WALKING,1.127511
17301,1,1,WALKING,0.9792495
17302,1,1,WALKING,0.9014141
17303,1,1,WALKING,0.6733523
17304,1,1,WALKING,0.6851806
17305,1,1,WALKING,0.766808
17306,1,1,WALKING,0.689805
17307,1,1,WALKING,0.878823
17308,1,1,WALKING,1.032128
17309,1,1,WALKING,0.9282021
17310,1,1,WALKING,0.8578756
17311,1,1,WALKING,0.8073742
17312,1,1,WALKING,0.822581
17313,1,1,WALKING,0.9167293
17314,1,1,WALKING,0.998717
17315,1,1,WALKING,1.060465
17316,1,1,WALKING,1.056085
17317,1,1,WALKING,1.040917
17318,1,1,WALKING,1.046899
17319,1,1,WALKING,1.024227
17320,1,1,WALKING,0.9899169
17321,1,1,WALKING,0.9496169
17322,1,1,WALKING,0.9382443
17323,1,1,WALKING,1.019139
17324,1,1,WALKING,1.150541
17325,1,1,WALKING,1.187044
17326,1,1,WALKING,1.06054
17327,1,1,WALKING,0.9432479
17328,1,1,WALKING,0.9751859
17329,1,1,WALKING,1.042193
17330,1,1,WALKING,1.158648
17331,1,1,WALKING,1.304385
17332,1,1,WALKING,1.128872
17333,1,1,WALKING,0.8261144
17334,1,1,WALKING,0.8246112
17335,1,1,WALKING,0.7857676
17336,1,1,WALKING,0.6466245
17337,1,1,WALKING,0.6945458
17338,1,1,WALKING,0.7265325
17339,1,1,WALKING,0.7472707
17340,1,1,WALKING,0.8177533
17341,1,1,WALKING,0.8128588
17342,1,1,WALKING,0.8352288
17343,1,1,WALKING,0.8467997
17344,1,1,WALKING,0.8608408
17345,1,1,WALKING,0.9642793
17346,1,1,WALKING,1.063431
17347,1,1,WALKING,1.206079
17348,1,1,WALKING,1.324424
17349,1,1,WALKING,1.309825
17350,1,1,WALKING,1.277188
17351,1,1,WALKING,1.283542
17352,1,1,WALKING,1.368164
17353,1,1,WALKING,1.440487
17354,1,1,WALKING,1.261959
17355,1,1,WALKING,0.8693597
17356,1,1,WALKING,0.5863876
17357,1,1,WALKING,0.6242353
17358,1,1,WALKING,0.8353117
17359,1,1,WALKING,0.9791367
17360,1,1,WALKING,1.000797
17361,1,1,WALKING,0.9375376
17362,1,1,WALKING,0.8773529
17363,1,1,WALKING,0.8129178
17364,1,1,WALKING,0.6984287
17365,1,1,WALKING,0.7023623
17366,1,1,WALKING,0.8003271
17367,1,1,WALKING,0.8960493
17368,1,1,WALKING,1.063462
17369,1,1,WALKING,1.035866
17370,1,1,WALKING,0.8695766
17371,1,1,WALKING,0.9057911
17372,1,1,WALKING,0.9271993
17373,1,1,WALKING,0.9566228
17374,1,1,WALKING,1.033211
17375,1,1,WALKING,0.959753
17376,1,1,WALKING,0.9556613
17377,1,1,WALKING,1.00301
17378,1,1,WALKING,1.030074
17379,1,1,WALKING,1.148065
17380,1,1,WALKING,1.221146
17381,1,1,WALKING,1.282004
17382,1,1,WALKING,1.302731
17383,1,1,WALKING,1.158134
17384,1,1,WALKING,0.9638597
17385,1,1,WALKING,0.8255928
17386,1,1,WALKING,0.8185871
17387,1,1,WALKING,1.014249
17388,1,1,WALKING,1.369936
17389,1,1,WALKING,1.504393
17390,1,1,WALKING,1.238332
17391,1,1,WALKING,0.9710747
17392,1,1,WALKING,0.8623564
17393,1,1,WALKING,0.8644593
17394,1,1,WALKING,0.8947733
17395,1,1,WALKING,0.8209656
17396,1,1,WALKING,0.7603272
17397,1,1,WALKING,0.6890654
17398,1,1,WALKING,0.6012621
17399,1,1,WALKING,0.6372446
17400,1,1,WALKING,0.7122547
17401,1,1,WALKING,0.8036953
17402,1,1,WALKING,0.8605442
17403,1,1,WALKING,0.8493424
17404,1,1,WALKING,0.9285458
17405,1,1,WALKING,1.031116
17406,1,1,WALKING,1.119195
17407,1,1,WALKING,1.282898
17408,1,1,WALKING,1.375439
17409,1,1,WALKING,1.328201
17410,1,1,WALKING,1.315909
17411,1,1,WALKING,1.414425
17412,1,1,WALKING,1.445136
17413,1,1,WALKING,1.247131
17414,1,1,WALKING,0.8927683
17415,1,1,WALKING,0.5799071
17416,1,1,WALKING,0.5270959
17417,1,1,WALKING,0.7715343
17418,1,1,WALKING,1.05324
17419,1,1,WALKING,1.090397
17420,1,1,WALKING,0.9710232
17421,1,1,WALKING,0.872651
17422,1,1,WALKING,0.7025937
17423,1,1,WALKING,0.6234453
17424,1,1,WALKING,0.793409
17425,1,1,WALKING,0.9509315
17426,1,1,WALKING,1.016121
17427,1,1,WALKING,0.9864032
17428,1,1,WALKING,0.8889308
17429,1,1,WALKING,0.8743619
17430,1,1,WALKING,0.8898686
17431,1,1,WALKING,0.9390946
17432,1,1,WALKING,0.9996655
17433,1,1,WALKING,0.9842796
17434,1,1,WALKING,0.9855051
17435,1,1,WALKING,0.990272
17436,1,1,WALKING,0.9907691
17437,1,1,WALKING,1.022336
17438,1,1,WALKING,1.04869
17439,1,1,WALKING,1.118347
17440,1,1,WALKING,1.227739
17441,1,1,WALKING,1.287797
17442,1,1,WALKING,1.191789
17443,1,1,WALKING,0.9468126
17444,1,1,WALKING,0.7698855
17445,1,1,WALKING,0.8607192
17446,1,1,WALKING,1.111772
17447,1,1,WALKING,1.235549
17448,1,1,WALKING,1.245272
17449,1,1,WALKING,1.160356
17450,1,1,WALKING,1.001022
17451,1,1,WALKING,1.008423
17452,1,1,WALKING,1.030995
17453,1,1,WALKING,0.9606614
17454,1,1,WALKING,0.8682444
17455,1,1,WALKING,0.6664466
17456,1,1,WALKING,0.5932034
17457,1,1,WALKING,0.6581998
17458,1,1,WALKING,0.6367328
17459,1,1,WALKING,0.6530965
17460,1,1,WALKING,0.7536543
17461,1,1,WALKING,0.8415255
17462,1,1,WALKING,0.8315019
17463,1,1,WALKING,0.833198
17464,1,1,WALKING,0.9647562
17465,1,1,WALKING,1.124205
17466,1,1,WALKING,1.384904
17467,1,1,WALKING,1.57255
17468,1,1,WALKING,1.379719
17469,1,1,WALKING,1.226302
17470,1,1,WALKING,1.356064
17471,1,1,WALKING,1.423165
17472,1,1,WALKING,1.373434
17473,1,1,WALKING,1.066866
17474,1,1,WALKING,0.5502647
17475,1,1,WALKING,0.542088
17476,1,1,WALKING,0.9154214
17477,1,1,WALKING,1.020066
17478,1,1,WALKING,0.9903162
17479,1,1,WALKING,0.925323
17480,1,1,WALKING,0.8405149
17481,1,1,WALKING,0.8251811
17482,1,1,WALKING,0.7613277
17483,1,1,WALKING,0.728213
17484,1,1,WALKING,0.7507891
17485,1,1,WALKING,0.83441
17486,1,1,WALKING,0.9843611
17487,1,1,WALKING,1.002139
17488,1,1,WALKING,0.9505104
17489,1,1,WALKING,0.92108
17490,1,1,WALKING,0.9195151
17491,1,1,WALKING,0.9517023
17492,1,1,WALKING,0.9507725
17493,1,1,WALKING,0.9727541
17494,1,1,WALKING,0.9829208
17495,1,1,WALKING,1.001051
17496,1,1,WALKING,1.075734
17497,1,1,WALKING,1.137487
17498,1,1,WALKING,1.229219
17499,1,1,WALKING,1.258324
17500,1,1,WALKING,1.183926
17501,1,1,WALKING,1.070386
17502,1,1,WALKING,0.8799452
17503,1,1,WALKING,0.7891009
17504,1,1,WALKING,0.9789791
17505,1,1,WALKING,1.289132
17506,1,1,WALKING,1.395624
17507,1,1,WALKING,1.249015
17508,1,1,WALKING,1.064771
17509,1,1,WALKING,0.9315718
17510,1,1,WALKING,0.8931282
17511,1,1,WALKING,0.9091054
17512,1,1,WALKING,0.8444223
17513,1,1,WALKING,0.7636826
17514,1,1,WALKING,0.7576726
17515,1,1,WALKING,0.7415545
17516,1,1,WALKING,0.6867645
17517,1,1,WALKING,0.677806
17518,1,1,WALKING,0.7166392
17519,1,1,WALKING,0.7733222
17520,1,1,WALKING,0.8210088
17521,1,1,WALKING,0.854876
17522,1,1,WALKING,0.9520694
17523,1,1,WALKING,1.095695
17524,1,1,WALKING,1.236449
17525,1,1,WALKING,1.336294
17526,1,1,WALKING,1.335907
17527,1,1,WALKING,1.342317
17528,1,1,WALKING,1.41966
17529,1,1,WALKING,1.47181
17530,1,1,WALKING,1.420535
17531,1,1,WALKING,1.108363
17532,1,1,WALKING,0.6300204
17533,1,1,WALKING,0.5286816
17534,1,1,WALKING,0.8374537
17535,1,1,WALKING,1.013656
17536,1,1,WALKING,0.9862559
17537,1,1,WALKING,0.9303682
17538,1,1,WALKING,0.8267901
17539,1,1,WALKING,0.7258717
17540,1,1,WALKING,0.6895473
17541,1,1,WALKING,0.7551658
17542,1,1,WALKING,0.8929864
17543,1,1,WALKING,0.99555
17544,1,1,WALKING,1.007439
17545,1,1,WALKING,0.9500465
17546,1,1,WALKING,0.9507389
17547,1,1,WALKING,1.000265
17548,1,1,WALKING,1.005524
17549,1,1,WALKING,0.977085
17550,1,1,WALKING,0.9098699
17551,1,1,WALKING,0.9058839
17552,1,1,WALKING,0.9729818
17553,1,1,WALKING,1.017936
17554,1,1,WALKING,1.12977
17555,1,1,WALKING,1.280941
17556,1,1,WALKING,1.31917
17557,1,1,WALKING,1.221427
17558,1,1,WALKING,1.121242
17559,1,1,WALKING,1.068474
17560,1,1,WALKING,0.9520109
17561,1,1,WALKING,0.8506842
17562,1,1,WALKING,0.9381694
17563,1,1,WALKING,1.261989
17564,1,1,WALKING,1.545379
17565,1,1,WALKING,1.415038
17566,1,1,WALKING,1.083629
17567,1,1,WALKING,0.8741228
17568,1,1,WALKING,0.821871
17569,1,1,WALKING,0.9017726
17570,1,1,WALKING,0.8996326
17571,1,1,WALKING,0.8047138
17572,1,1,WALKING,0.7492556
17573,1,1,WALKING,0.638437
17574,1,1,WALKING,0.5962687
17575,1,1,WALKING,0.6668009
17576,1,1,WALKING,0.7041162
17577,1,1,WALKING,0.8004679
17578,1,1,WALKING,0.859639
17579,1,1,WALKING,0.849843
17580,1,1,WALKING,0.9587491
17581,1,1,WALKING,1.141046
17582,1,1,WALKING,1.386769
17583,1,1,WALKING,1.525193
17584,1,1,WALKING,1.404267
17585,1,1,WALKING,1.362777
17586,1,1,WALKING,1.49904
17587,1,1,WALKING,1.468755
17588,1,1,WALKING,1.033382
17589,1,1,WALKING,0.5141358
17590,1,1,WALKING,0.5392733
17591,1,1,WALKING,0.8862641
17592,1,1,WALKING,1.005049
17593,1,1,WALKING,1.04015
17594,1,1,WALKING,0.9505613
17595,1,1,WALKING,0.7470736
17596,1,1,WALKING,0.7670776
17597,1,1,WALKING,0.7764033
17598,1,1,WALKING,0.7395821
17599,1,1,WALKING,0.8112445
17600,1,1,WALKING,0.8641092
17601,1,1,WALKING,0.9822492
17602,1,1,WALKING,0.9821553
17603,1,1,WALKING,0.8655946
17604,1,1,WALKING,0.8831341
17605,1,1,WALKING,0.880472
17606,1,1,WALKING,0.9250303
17607,1,1,WALKING,1.01157
17608,1,1,WALKING,1.017458
17609,1,1,WALKING,1.036816
17610,1,1,WALKING,1.022549
17611,1,1,WALKING,1.032956
17612,1,1,WALKING,1.106633
17613,1,1,WALKING,1.214571
17614,1,1,WALKING,1.319572
17615,1,1,WALKING,1.270987
17616,1,1,WALKING,1.1832
17617,1,1,WALKING,1.052526
17618,1,1,WALKING,0.8599913
17619,1,1,WALKING,0.9252368
17620,1,1,WALKING,1.1069
17621,1,1,WALKING,1.207586
17622,1,1,WALKING,1.314842
17623,1,1,WALKING,1.191005
17624,1,1,WALKING,0.9505152
17625,1,1,WALKING,0.9023814
17626,1,1,WALKING,0.864492
17627,1,1,WALKING,0.8282293
17628,1,1,WALKING,0.7903062
17629,1,1,WALKING,0.6754736
17630,1,1,WALKING,0.6506829
17631,1,1,WALKING,0.6679204
17632,1,1,WALKING,0.695907
17633,1,1,WALKING,0.7617546
17634,1,1,WALKING,0.7882376
17635,1,1,WALKING,0.8106353
17636,1,1,WALKING,0.8282497
17637,1,1,WALKING,0.9086661
17638,1,1,WALKING,1.072955
17639,1,1,WALKING,1.252196
17640,1,1,WALKING,1.391409
17641,1,1,WALKING,1.366407
17642,1,1,WALKING,1.359402
17643,1,1,WALKING,1.50013
17644,1,1,WALKING,1.56093
17645,1,1,WALKING,1.484801
17646,1,1,WALKING,1.314471
17647,1,1,WALKING,0.986729
17648,1,1,WALKING,0.6846033
17649,1,1,WALKING,0.9425274
17650,1,1,WALKING,1.347953
17651,1,1,WALKING,1.049832
17652,1,1,WALKING,0.7707595
17653,1,1,WALKING,0.8196372
17654,1,1,WALKING,0.6409956
17655,1,1,WALKING,0.6922844
17656,1,1,WALKING,0.8678065
17657,1,1,WALKING,0.9074535
17658,1,1,WALKING,1.0411
17659,1,1,WALKING,0.9376204
17660,1,1,WALKING,0.8552457
17661,1,1,WALKING,0.9149313
17662,1,1,WALKING,0.8971192
17663,1,1,WALKING,1.035429
17664,1,1,WALKING,1.028721
17665,1,1,WALKING,0.9272654
17666,1,1,WALKING,0.9564042
17667,1,1,WALKING,0.9170207
17668,1,1,WALKING,0.964466
17669,1,1,WALKING,1.043491
17670,1,1,WALKING,1.164351
17671,1,1,WALKING,1.335274
17672,1,1,WALKING,1.324379
17673,1,1,WALKING,1.251724
17674,1,1,WALKING,1.043185
17675,1,1,WALKING,0.7755591
17676,1,1,WALKING,0.7854075
17677,1,1,WALKING,1.03042
17678,1,1,WALKING,1.355896
17679,1,1,WALKING,1.44499
17680,1,1,WALKING,1.231668
17681,1,1,WALKING,1.052503
17682,1,1,WALKING,0.9685403
17683,1,1,WALKING,0.8983769
17684,1,1,WALKING,0.8722478
17685,1,1,WALKING,0.8494898
17686,1,1,WALKING,0.748671
17687,1,1,WALKING,0.6985253
17688,1,1,WALKING,0.7160951
17689,1,1,WALKING,0.6803016
17690,1,1,WALKING,0.7241423
17691,1,1,WALKING,0.8081654
17692,1,1,WALKING,0.842838
17693,1,1,WALKING,0.8773876
17694,1,1,WALKING,0.8758287
17695,1,1,WALKING,0.9684183
17696,1,1,WALKING,1.134774
17697,1,1,WALKING,1.247536
17698,1,1,WALKING,1.320187
17699,1,1,WALKING,1.300071
17700,1,1,WALKING,1.317376
17701,1,1,WALKING,1.411685
17702,1,1,WALKING,1.421054
17703,1,1,WALKING,1.258649
17704,1,1,WALKING,0.8784074
17705,1,1,WALKING,0.5874672
17706,1,1,WALKING,0.6358852
17707,1,1,WALKING,0.8240444
17708,1,1,WALKING,1.001361
17709,1,1,WALKING,1.056811
17710,1,1,WALKING,0.9632431
17711,1,1,WALKING,0.8814201
17712,1,1,WALKING,0.830749
17713,1,1,WALKING,0.767112
17714,1,1,WALKING,0.7308047
17715,1,1,WALKING,0.7662512
17716,1,1,WALKING,0.8950516
17717,1,1,WALKING,1.011477
17718,1,1,WALKING,1.019414
17719,1,1,WALKING,0.9777537
17720,1,1,WALKING,0.9399106
17721,1,1,WALKING,0.9399234
17722,1,1,WALKING,0.9530717
17723,1,1,WALKING,0.9446161
17724,1,1,WALKING,0.9607393
17725,1,1,WALKING,0.9810842
17726,1,1,WALKING,0.9938511
17727,1,1,WALKING,0.9987437
17728,1,1,WALKING,1.00259
17729,1,1,WALKING,1.063304
17730,1,1,WALKING,1.117277
17731,1,1,WALKING,1.148879
17732,1,1,WALKING,1.160336
17733,1,1,WALKING,1.000299
17734,1,1,WALKING,0.7945456
17735,1,1,WALKING,0.8445237
17736,1,1,WALKING,1.037407
17737,1,1,WALKING,1.235129
17738,1,1,WALKING,1.426822
17739,1,1,WALKING,1.298366
17740,1,1,WALKING,1.009731
17741,1,1,WALKING,0.9748257
17742,1,1,WALKING,0.9416168
17743,1,1,WALKING,0.8749991
17744,1,1,WALKING,0.8378097
17745,1,1,WALKING,0.7316922
17746,1,1,WALKING,0.7214721
17747,1,1,WALKING,0.7015408
17748,1,1,WALKING,0.6875941
17749,1,1,WALKING,0.7514678
17750,1,1,WALKING,0.7659437
17751,1,1,WALKING,0.8500747
17752,1,1,WALKING,0.8556994
17753,1,1,WALKING,0.8178756
17754,1,1,WALKING,0.9549325
17755,1,1,WALKING,1.043697
17756,1,1,WALKING,1.148944
17757,1,1,WALKING,1.356368
17758,1,1,WALKING,1.429782
17759,1,1,WALKING,1.323629
17760,1,1,WALKING,1.27131
17761,1,1,WALKING,1.406296
17762,1,1,WALKING,1.445365
17763,1,1,WALKING,1.228742
17764,1,1,WALKING,0.8868946
17765,1,1,WALKING,0.6933035
17766,1,1,WALKING,0.8408659
17767,1,1,WALKING,1.018532
17768,1,1,WALKING,1.066425
17769,1,1,WALKING,1.016564
17770,1,1,WALKING,0.8423549
17771,1,1,WALKING,0.7851639
17772,1,1,WALKING,0.7860357
17773,1,1,WALKING,0.7387261
17774,1,1,WALKING,0.7930783
17775,1,1,WALKING,0.8522796
17776,1,1,WALKING,0.9422793
17777,1,1,WALKING,1.014425
17778,1,1,WALKING,0.940614
17779,1,1,WALKING,0.9279668
17780,1,1,WALKING,0.9318217
17781,1,1,WALKING,0.9127263
17782,1,1,WALKING,0.976832
17783,1,1,WALKING,0.9869326
17784,1,1,WALKING,0.9779521
17785,1,1,WALKING,0.9782689
17786,1,1,WALKING,0.9585992
17787,1,1,WALKING,1.041078
17788,1,1,WALKING,1.204279
17789,1,1,WALKING,1.366935
17790,1,1,WALKING,1.39709
17791,1,1,WALKING,1.271354
17792,1,1,WALKING,1.104458
17793,1,1,WALKING,0.8837
17794,1,1,WALKING,0.7950187
17795,1,1,WALKING,0.949407
17796,1,1,WALKING,1.138851
17797,1,1,WALKING,1.295026
17798,1,1,WALKING,1.304778
17799,1,1,WALKING,1.125088
17800,1,1,WALKING,0.9842336
17801,1,1,WALKING,0.9334336
17802,1,1,WALKING,0.9285343
17803,1,1,WALKING,0.9297488
17804,1,1,WALKING,0.8750251
17805,1,1,WALKING,0.7937338
17806,1,1,WALKING,0.6625325
17807,1,1,WALKING,0.600512
17808,1,1,WALKING,0.6954694
17809,1,1,WALKING,0.7619266
17810,1,1,WALKING,0.8109522
17811,1,1,WALKING,0.8486814
17812,1,1,WALKING,0.829062
17813,1,1,WALKING,0.8981797
17814,1,1,WALKING,0.9940945
17815,1,1,WALKING,1.051767
17816,1,1,WALKING,1.221589
17817,1,1,WALKING,1.405897
17818,1,1,WALKING,1.327265
17819,1,1,WALKING,1.195491
17820,1,1,WALKING,1.362537
17821,1,1,WALKING,1.553983
17822,1,1,WALKING,1.517211
17823,1,1,WALKING,1.087184
17824,1,1,WALKING,0.3667348
17825,1,1,WALKING,0.2842424
17826,1,1,WALKING,0.7544462
17827,1,1,WALKING,1.00574
17828,1,1,WALKING,1.149238
17829,1,1,WALKING,1.017289
17830,1,1,WALKING,0.735733
17831,1,1,WALKING,0.6872657
17832,1,1,WALKING,0.5777987
17833,1,1,WALKING,0.6508242
17834,1,1,WALKING,0.9268269
17835,1,1,WALKING,1.016753
17836,1,1,WALKING,1.074988
17837,1,1,WALKING,0.9896836
17838,1,1,WALKING,0.869997
17839,1,1,WALKING,0.9323354
17840,1,1,WALKING,0.9381277
17841,1,1,WALKING,0.9658911
17842,1,1,WALKING,0.9877897
17843,1,1,WALKING,0.9365467
17844,1,1,WALKING,0.9596443
17845,1,1,WALKING,0.9833798
17846,1,1,WALKING,1.030675
17847,1,1,WALKING,1.078425
17848,1,1,WALKING,1.111885
17849,1,1,WALKING,1.22321
17850,1,1,WALKING,1.265624
17851,1,1,WALKING,1.220861
17852,1,1,WALKING,1.137679
17853,1,1,WALKING,1.013734
17854,1,1,WALKING,0.9953565
17855,1,1,WALKING,1.048318
17856,1,1,WALKING,1.078473
17857,1,1,WALKING,1.153659
17858,1,1,WALKING,1.201311
17859,1,1,WALKING,1.120642
17860,1,1,WALKING,1.036097
17861,1,1,WALKING,1.00128
17862,1,1,WALKING,0.9455696
17863,1,1,WALKING,0.8944236
17864,1,1,WALKING,0.8151979
17865,1,1,WALKING,0.7014413
17866,1,1,WALKING,0.675371
17867,1,1,WALKING,0.7378405
17868,1,1,WALKING,0.8055578
17869,1,1,WALKING,0.8361968
17870,1,1,WALKING,0.8159092
17871,1,1,WALKING,0.7857276
17872,1,1,WALKING,0.8088475
17873,1,1,WALKING,0.9040935
17874,1,1,WALKING,1.071012
17875,1,1,WALKING,1.236558
17876,1,1,WALKING,1.285496
17877,1,1,WALKING,1.27743
17878,1,1,WALKING,1.296025
17879,1,1,WALKING,1.35958
17880,1,1,WALKING,1.465494
17881,1,1,WALKING,1.430405
17882,1,1,WALKING,1.125903
17883,1,1,WALKING,0.6860469
17884,1,1,WALKING,0.4710389
17885,1,1,WALKING,0.6675691
17886,1,1,WALKING,0.9567336
17887,1,1,WALKING,1.167695
17888,1,1,WALKING,1.224924
17889,1,1,WALKING,1.053103
17890,1,1,WALKING,0.8963649
17891,1,1,WALKING,0.672571
17892,1,1,WALKING,0.5760347
17893,1,1,WALKING,0.8780804
17894,1,1,WALKING,1.005122
17895,1,1,WALKING,0.9930637
17896,1,1,WALKING,1.016671
17897,1,1,WALKING,0.8877595
17898,1,1,WALKING,0.9003253
17899,1,1,WALKING,0.9255781
17900,1,1,WALKING,0.925255
17901,1,1,WALKING,1.004581
17902,1,1,WALKING,0.9577045
17903,1,1,WALKING,0.9817108
17904,1,1,WALKING,1.002061
17905,1,1,WALKING,0.9753755
17906,1,1,WALKING,1.011627
17907,1,1,WALKING,0.9819171
17908,1,1,WALKING,1.091646
17909,1,1,WALKING,1.262666
17910,1,1,WALKING,1.283377
17911,1,1,WALKING,1.162003
17912,1,1,WALKING,0.9343139
17913,1,1,WALKING,0.8760211
17914,1,1,WALKING,0.9871202
17915,1,1,WALKING,1.190689
17916,1,1,WALKING,1.427175
17917,1,1,WALKING,1.407314
17918,1,1,WALKING,1.181601
17919,1,1,WALKING,0.9719826
17920,1,1,WALKING,0.8673483
17921,1,1,WALKING,0.8457096
17922,1,1,WALKING,0.8116502
17923,1,1,WALKING,0.7910604
17924,1,1,WALKING,0.7826385
17925,1,1,WALKING,0.7302882
17926,1,1,WALKING,0.6787975
17927,1,1,WALKING,0.6809086
17928,1,1,WALKING,0.7239099
17929,1,1,WALKING,0.7970898
17930,1,1,WALKING,0.8668489
17931,1,1,WALKING,0.9001075
17932,1,1,WALKING,0.944291
17933,1,1,WALKING,1.055789
17934,1,1,WALKING,1.236603
17935,1,1,WALKING,1.329087
17936,1,1,WALKING,1.276874
17937,1,1,WALKING,1.280713
17938,1,1,WALKING,1.32842
17939,1,1,WALKING,1.379821
17940,1,1,WALKING,1.458974
17941,1,1,WALKING,1.305624
17942,1,1,WALKING,0.9060116
17943,1,1,WALKING,0.6398357
17944,1,1,WALKING,0.7152735
17945,1,1,WALKING,0.9617243
17946,1,1,WALKING,1.069957
17947,1,1,WALKING,1.024072
17948,1,1,WALKING,0.9021154
17949,1,1,WALKING,0.750349
17950,1,1,WALKING,0.7108307
17951,1,1,WALKING,0.7331636
17952,1,1,WALKING,0.7681683
17953,1,1,WALKING,0.9001468
17954,1,1,WALKING,1.055722
17955,1,1,WALKING,1.038193
17956,1,1,WALKING,0.8901676
17957,1,1,WALKING,0.8656601
17958,1,1,WALKING,0.8958311
17959,1,1,WALKING,0.9246406
17960,1,1,WALKING,1.000192
17961,1,1,WALKING,0.9823972
17962,1,1,WALKING,0.9636487
17963,1,1,WALKING,0.9791721
17964,1,1,WALKING,0.9911748
17965,1,1,WALKING,1.051731
17966,1,1,WALKING,1.051699
17967,1,1,WALKING,1.088817
17968,1,1,WALKING,1.219593
17969,1,1,WALKING,1.299891
17970,1,1,WALKING,1.26758
17971,1,1,WALKING,1.061766
17972,1,1,WALKING,0.8184257
17973,1,1,WALKING,0.7717231
17974,1,1,WALKING,0.9765549
17975,1,1,WALKING,1.241142
17976,1,1,WALKING,1.354995
17977,1,1,WALKING,1.314017
17978,1,1,WALKING,1.116488
17979,1,1,WALKING,0.9025395
17980,1,1,WALKING,0.8482049
17981,1,1,WALKING,0.8492372
17982,1,1,WALKING,0.7849493
17983,1,1,WALKING,0.7032946
17984,1,1,WALKING,0.6864521
17985,1,1,WALKING,0.7109472
17986,1,1,WALKING,0.7753546
17987,1,1,WALKING,0.8407913
17988,1,1,WALKING,0.8335462
17989,1,1,WALKING,0.8085164
17990,1,1,WALKING,0.7839444
17991,1,1,WALKING,0.8472492
17992,1,1,WALKING,1.004275
17993,1,1,WALKING,1.146302
17994,1,1,WALKING,1.302165
17995,1,1,WALKING,1.358412
17996,1,1,WALKING,1.327072
17997,1,1,WALKING,1.37252
17998,1,1,WALKING,1.439423
17999,1,1,WALKING,1.492346
18000,1,1,WALKING,1.412577
18001,1,1,WALKING,1.026319
18002,1,1,WALKING,0.5429647
18003,1,1,WALKING,0.4729984
18004,1,1,WALKING,0.8644657
18005,1,1,WALKING,1.152794
18006,1,1,WALKING,1.147659
18007,1,1,WALKING,1.020026
18008,1,1,WALKING,0.8451649
18009,1,1,WALKING,0.7403437
18010,1,1,WALKING,0.6757406
18011,1,1,WALKING,0.7065661
18012,1,1,WALKING,0.8950007
18013,1,1,WALKING,1.036976
18014,1,1,WALKING,1.070093
18015,1,1,WALKING,0.9757765
18016,1,1,WALKING,0.8790332
18017,1,1,WALKING,0.9299447
18018,1,1,WALKING,0.9839789
18019,1,1,WALKING,1.031773
18020,1,1,WALKING,1.001131
18021,1,1,WALKING,0.8958244
18022,1,1,WALKING,0.9180463
18023,1,1,WALKING,0.952452
18024,1,1,WALKING,0.9955509
18025,1,1,WALKING,1.098425
18026,1,1,WALKING,1.171228
18027,1,1,WALKING,1.256818
18028,1,1,WALKING,1.266999
18029,1,1,WALKING,1.175453
18030,1,1,WALKING,1.051159
18031,1,1,WALKING,0.9020014
18032,1,1,WALKING,0.866589
18033,1,1,WALKING,0.9875787
18034,1,1,WALKING,1.218097
18035,1,1,WALKING,1.420134
18036,1,1,WALKING,1.352385
18037,1,1,WALKING,1.124628
18038,1,1,WALKING,0.9750614
18039,1,1,WALKING,0.9122525
18040,1,1,WALKING,0.9098741
18041,1,1,WALKING,0.8981813
18042,1,1,WALKING,0.8287659
18043,1,1,WALKING,0.7374822
18044,1,1,WALKING,0.6666282
18045,1,1,WALKING,0.6980528
18046,1,1,WALKING,0.7842901
18047,1,1,WALKING,0.8527475
18048,1,1,WALKING,0.8435252
18049,1,1,WALKING,0.7593882
18050,1,1,WALKING,0.7916201
18051,1,1,WALKING,0.9347005
18052,1,1,WALKING,1.030599
18053,1,1,WALKING,0.9556799
18054,1,1,WALKING,0.8595635
18055,1,1,WALKING,0.8393595
18056,1,1,WALKING,0.8382387
18057,1,1,WALKING,0.8543619
18058,1,1,WALKING,0.8938822
18059,1,1,WALKING,0.9040061
18060,1,1,WALKING,0.8687341
18061,1,1,WALKING,0.8452602
18062,1,1,WALKING,0.8423203
18063,1,1,WALKING,0.8671913
18064,1,1,WALKING,0.9198105
18065,1,1,WALKING,0.9660649
18066,1,1,WALKING,0.9776768
18067,1,1,WALKING,0.9330205
18068,1,1,WALKING,0.9114925
18069,1,1,WALKING,0.9450083
18070,1,1,WALKING,0.9784997
18071,1,1,WALKING,1.01886
18072,1,1,WALKING,1.084843
18073,1,1,WALKING,1.180284
18074,1,1,WALKING,1.225298
18075,1,1,WALKING,1.192767
18076,1,1,WALKING,1.183448
18077,1,1,WALKING,1.163689
18078,1,1,WALKING,1.042875
18079,1,1,WALKING,0.8980527
18080,1,1,WALKING,0.879472
18081,1,1,WALKING,0.9583027
18082,1,1,WALKING,1.072927
18083,1,1,WALKING,1.279835
18084,1,1,WALKING,1.352551
18085,1,1,WALKING,1.156817
18086,1,1,WALKING,1.045141
18087,1,1,WALKING,1.042655
18088,1,1,WALKING,0.9413661
18089,1,1,WALKING,0.8733755
18090,1,1,WALKING,0.859719
18091,1,1,WALKING,0.7861982
18092,1,1,WALKING,0.717488
18093,1,1,WALKING,0.6911195
18094,1,1,WALKING,0.6568192
18095,1,1,WALKING,0.6476523
18096,1,1,WALKING,0.6937363
18097,1,1,WALKING,0.7476672
18098,1,1,WALKING,0.8056299
18099,1,1,WALKING,0.871512
18100,1,1,WALKING,0.9887766
18101,1,1,WALKING,1.191238
18102,1,1,WALKING,1.359147
18103,1,1,WALKING,1.39373
18104,1,1,WALKING,1.288565
18105,1,1,WALKING,1.178391
18106,1,1,WALKING,1.222624
18107,1,1,WALKING,1.343109
18108,1,1,WALKING,1.418676
18109,1,1,WALKING,1.363192
18110,1,1,WALKING,1.141994
18111,1,1,WALKING,0.8106264
18112,1,1,WALKING,0.5472056
18113,1,1,WALKING,0.702044
18114,1,1,WALKING,1.029626
18115,1,1,WALKING,1.044652
18116,1,1,WALKING,1.008434
18117,1,1,WALKING,0.9673651
18118,1,1,WALKING,0.8149056
18119,1,1,WALKING,0.7504878
18120,1,1,WALKING,0.6790313
18121,1,1,WALKING,0.7171949
18122,1,1,WALKING,0.8976674
18123,1,1,WALKING,0.9824928
18124,1,1,WALKING,1.013015
18125,1,1,WALKING,0.9184591
18126,1,1,WALKING,0.8496594
18127,1,1,WALKING,0.9193012
18128,1,1,WALKING,0.9290098
18129,1,1,WALKING,0.9631051
18130,1,1,WALKING,0.9738237
18131,1,1,WALKING,0.9487361
18132,1,1,WALKING,0.9906275
18133,1,1,WALKING,1.03391
18134,1,1,WALKING,1.146332
18135,1,1,WALKING,1.253448
18136,1,1,WALKING,1.261771
18137,1,1,WALKING,1.234224
18138,1,1,WALKING,1.134375
18139,1,1,WALKING,0.9542389
18140,1,1,WALKING,0.7887831
18141,1,1,WALKING,0.8172593
18142,1,1,WALKING,1.032458
18143,1,1,WALKING,1.246469
18144,1,1,WALKING,1.35711
18145,1,1,WALKING,1.323135
18146,1,1,WALKING,1.190585
18147,1,1,WALKING,0.9890013
18148,1,1,WALKING,0.8875888
18149,1,1,WALKING,0.9548505
18150,1,1,WALKING,0.888847
18151,1,1,WALKING,0.7651104
18152,1,1,WALKING,0.7199098
18153,1,1,WALKING,0.6408309
18154,1,1,WALKING,0.6625208
18155,1,1,WALKING,0.7381104
18156,1,1,WALKING,0.7925633
18157,1,1,WALKING,0.87074
18158,1,1,WALKING,0.8579099
18159,1,1,WALKING,0.8563699
18160,1,1,WALKING,0.9227308
18161,1,1,WALKING,1.008718
18162,1,1,WALKING,1.173539
18163,1,1,WALKING,1.262693
18164,1,1,WALKING,1.225681
18165,1,1,WALKING,1.250764
18166,1,1,WALKING,1.41672
18167,1,1,WALKING,1.642351
18168,1,1,WALKING,1.625665
18169,1,1,WALKING,1.139984
18170,1,1,WALKING,0.5932537
18171,1,1,WALKING,0.5617202
18172,1,1,WALKING,0.7859334
18173,1,1,WALKING,0.9312583
18174,1,1,WALKING,1.230754
18175,1,1,WALKING,1.294209
18176,1,1,WALKING,0.889384
18177,1,1,WALKING,0.6694945
18178,1,1,WALKING,0.6513364
18179,1,1,WALKING,0.6815562
18180,1,1,WALKING,0.8187022
18181,1,1,WALKING,0.8763966
18182,1,1,WALKING,0.9812737
18183,1,1,WALKING,1.054751
18184,1,1,WALKING,0.9712116
18185,1,1,WALKING,0.8976227
18186,1,1,WALKING,0.8635813
18187,1,1,WALKING,0.9519948
18188,1,1,WALKING,1.001713
18189,1,1,WALKING,0.9650753
18190,1,1,WALKING,0.9656771
18191,1,1,WALKING,0.9240377
18192,1,1,WALKING,0.9558641
18193,1,1,WALKING,1.012767
18194,1,1,WALKING,1.085333
18195,1,1,WALKING,1.227907
18196,1,1,WALKING,1.272585
18197,1,1,WALKING,1.275293
18198,1,1,WALKING,1.188587
18199,1,1,WALKING,0.9736054
18200,1,1,WALKING,0.7822094
18201,1,1,WALKING,0.7144887
18202,1,1,WALKING,0.9003284
18203,1,1,WALKING,1.243226
18204,1,1,WALKING,1.482626
18205,1,1,WALKING,1.420115
18206,1,1,WALKING,1.174594
18207,1,1,WALKING,1.001862
18208,1,1,WALKING,0.8635764
18209,1,1,WALKING,0.8524437
18210,1,1,WALKING,0.893866
18211,1,1,WALKING,0.7709879
18212,1,1,WALKING,0.6863888
18213,1,1,WALKING,0.6341517
18214,1,1,WALKING,0.6076867
18215,1,1,WALKING,0.7199495
18216,1,1,WALKING,0.8029975
18217,1,1,WALKING,0.8531316
18218,1,1,WALKING,0.8711548
18219,1,1,WALKING,0.9006167
18220,1,1,WALKING,1.050401
18221,1,1,WALKING,1.1934
18222,1,1,WALKING,1.288784
18223,1,1,WALKING,1.266739
18224,1,1,WALKING,1.182349
18225,1,1,WALKING,1.215188
18226,1,1,WALKING,1.333838
18227,1,1,WALKING,1.479792
18228,1,1,WALKING,1.418163
18229,1,1,WALKING,1.153968
18230,1,1,WALKING,0.863678
18231,1,1,WALKING,0.5995686
18232,1,1,WALKING,0.7585095
18233,1,1,WALKING,1.070435
18234,1,1,WALKING,1.027468
18235,1,1,WALKING,0.9672558
18236,1,1,WALKING,0.8599806
18237,1,1,WALKING,0.7171384
18238,1,1,WALKING,0.739621
18239,1,1,WALKING,0.7126302
18240,1,1,WALKING,0.8368064
18241,1,1,WALKING,1.050254
18242,1,1,WALKING,1.040254
18243,1,1,WALKING,0.973378
18244,1,1,WALKING,0.896664
18245,1,1,WALKING,0.9024971
18246,1,1,WALKING,0.9731744
18247,1,1,WALKING,0.9946877
18248,1,1,WALKING,1.026436
18249,1,1,WALKING,0.9843629
18250,1,1,WALKING,0.9538195
18251,1,1,WALKING,0.9686855
18252,1,1,WALKING,0.9843588
18253,1,1,WALKING,1.091007
18254,1,1,WALKING,1.180706
18255,1,1,WALKING,1.248873
18256,1,1,WALKING,1.285779
18257,1,1,WALKING,1.188539
18258,1,1,WALKING,1.019561
18259,1,1,WALKING,0.8501664
18260,1,1,WALKING,0.8411215
18261,1,1,WALKING,1.013318
18262,1,1,WALKING,1.177705
18263,1,1,WALKING,1.239119
18264,1,1,WALKING,1.187408
18265,1,1,WALKING,1.144577
18266,1,1,WALKING,1.120745
18267,1,1,WALKING,1.016961
18268,1,1,WALKING,0.9426159
18269,1,1,WALKING,0.9536559
18270,1,1,WALKING,0.9255007
18271,1,1,WALKING,0.7884399
18272,1,1,WALKING,0.6896489
18273,1,1,WALKING,0.7174504
18274,1,1,WALKING,0.6958408
18275,1,1,WALKING,0.6716027
18276,1,1,WALKING,0.7649533
18277,1,1,WALKING,0.8389162
18278,1,1,WALKING,0.8622216
18279,1,1,WALKING,0.8703478
18280,1,1,WALKING,0.9243301
18281,1,1,WALKING,1.081385
18282,1,1,WALKING,1.218295
18283,1,1,WALKING,1.267392
18284,1,1,WALKING,1.245841
18285,1,1,WALKING,1.246873
18286,1,1,WALKING,1.37549
18287,1,1,WALKING,1.49096
18288,1,1,WALKING,1.437853
18289,1,1,WALKING,1.171379
18290,1,1,WALKING,0.771543
18291,1,1,WALKING,0.5876737
18292,1,1,WALKING,0.735891
18293,1,1,WALKING,0.8713003
18294,1,1,WALKING,0.906134
18295,1,1,WALKING,0.9603201
18296,1,1,WALKING,0.9171651
18297,1,1,WALKING,0.8465676
18298,1,1,WALKING,0.815625
18299,1,1,WALKING,0.7544929
18300,1,1,WALKING,0.8100771
18301,1,1,WALKING,0.9061739
18302,1,1,WALKING,0.986456
18303,1,1,WALKING,1.061399
18304,1,1,WALKING,0.9636802
18305,1,1,WALKING,0.9004917
18306,1,1,WALKING,0.918235
18307,1,1,WALKING,0.9159568
18308,1,1,WALKING,0.991816
18309,1,1,WALKING,0.9812763
18310,1,1,WALKING,0.9507882
18311,1,1,WALKING,0.987242
18312,1,1,WALKING,0.9897968
18313,1,1,WALKING,1.068071
18314,1,1,WALKING,1.158578
18315,1,1,WALKING,1.24318
18316,1,1,WALKING,1.297899
18317,1,1,WALKING,1.17195
18318,1,1,WALKING,1.016158
18319,1,1,WALKING,0.909997
18320,1,1,WALKING,0.8632726
18321,1,1,WALKING,0.9743491
18322,1,1,WALKING,1.148234
18323,1,1,WALKING,1.256603
18324,1,1,WALKING,1.256602
18325,1,1,WALKING,1.176201
18326,1,1,WALKING,1.058865
18327,1,1,WALKING,0.936327
18328,1,1,WALKING,0.8994458
18329,1,1,WALKING,0.9044812
18330,1,1,WALKING,0.83088
18331,1,1,WALKING,0.7565666
18332,1,1,WALKING,0.7553318
18333,1,1,WALKING,0.7636822
18334,1,1,WALKING,0.7898606
18335,1,1,WALKING,0.8493935
18336,1,1,WALKING,0.8674862
18337,1,1,WALKING,0.8245955
18338,1,1,WALKING,0.7913847
18339,1,1,WALKING,0.8377013
18340,1,1,WALKING,0.9696033
18341,1,1,WALKING,1.162832
18342,1,1,WALKING,1.310042
18343,1,1,WALKING,1.303135
18344,1,1,WALKING,1.278787
18345,1,1,WALKING,1.359135
18346,1,1,WALKING,1.524545
18347,1,1,WALKING,1.62902
18348,1,1,WALKING,1.285766
18349,1,1,WALKING,0.6726601
18350,1,1,WALKING,0.517192
18351,1,1,WALKING,0.7918132
18352,1,1,WALKING,1.031792
18353,1,1,WALKING,1.153609
18354,1,1,WALKING,1.137382
18355,1,1,WALKING,0.9722517
18356,1,1,WALKING,0.7886363
18357,1,1,WALKING,0.7196511
18358,1,1,WALKING,0.7667053
18359,1,1,WALKING,0.803701
18360,1,1,WALKING,0.8703543
18361,1,1,WALKING,1.000488
18362,1,1,WALKING,0.988664
18363,1,1,WALKING,0.9238914
18364,1,1,WALKING,0.9315492
18365,1,1,WALKING,0.8739694
18366,1,1,WALKING,0.9544859
18367,1,1,WALKING,1.111533
18368,1,1,WALKING,1.016332
18369,1,1,WALKING,0.9539636
18370,1,1,WALKING,0.97257
18371,1,1,WALKING,0.9174309
18372,1,1,WALKING,0.9937158
18373,1,1,WALKING,1.1019
18374,1,1,WALKING,1.16154
18375,1,1,WALKING,1.26594
18376,1,1,WALKING,1.29865
18377,1,1,WALKING,1.237553
18378,1,1,WALKING,1.077133
18379,1,1,WALKING,0.8351438
18380,1,1,WALKING,0.7495258
18381,1,1,WALKING,0.9194869
18382,1,1,WALKING,1.212771
18383,1,1,WALKING,1.537517
18384,1,1,WALKING,1.634156
18385,1,1,WALKING,1.264156
18386,1,1,WALKING,0.87945
18387,1,1,WALKING,0.8089185
18388,1,1,WALKING,0.7544131
18389,1,1,WALKING,0.7424136
18390,1,1,WALKING,0.8447309
18391,1,1,WALKING,0.8499646
18392,1,1,WALKING,0.7987611
18393,1,1,WALKING,0.747729
18394,1,1,WALKING,0.7075851
18395,1,1,WALKING,0.7724631
18396,1,1,WALKING,0.8498676
18397,1,1,WALKING,0.8624329
18398,1,1,WALKING,0.8740392
18399,1,1,WALKING,0.8932078
18400,1,1,WALKING,0.9566195
18401,1,1,WALKING,1.104365
18402,1,1,WALKING,1.284221
18403,1,1,WALKING,1.37813
18404,1,1,WALKING,1.372673
18405,1,1,WALKING,1.464449
18406,1,1,WALKING,1.57913
18407,1,1,WALKING,1.384451
18408,1,1,WALKING,0.9401004
18409,1,1,WALKING,0.6307241
18410,1,1,WALKING,0.7191018
18411,1,1,WALKING,1.006986
18412,1,1,WALKING,1.103557
18413,1,1,WALKING,1.012621
18414,1,1,WALKING,0.8739609
18415,1,1,WALKING,0.7510266
18416,1,1,WALKING,0.6754538
18417,1,1,WALKING,0.6619424
18418,1,1,WALKING,0.7964781
18419,1,1,WALKING,0.9298229
18420,1,1,WALKING,0.9820574
18421,1,1,WALKING,1.036778
18422,1,1,WALKING,0.9707708
18423,1,1,WALKING,0.911112
18424,1,1,WALKING,0.9577553
18425,1,1,WALKING,0.9819065
18426,1,1,WALKING,1.006724
18427,1,1,WALKING,0.9731422
18428,1,1,WALKING,0.9031998
18429,1,1,WALKING,0.9057585
18430,1,1,WALKING,0.9805168
18431,1,1,WALKING,1.083783
18432,1,1,WALKING,1.114895
18433,1,1,WALKING,1.136025
18434,1,1,WALKING,1.215959
18435,1,1,WALKING,1.242239
18436,1,1,WALKING,1.15455
18437,1,1,WALKING,0.9905011
18438,1,1,WALKING,0.8470404
18439,1,1,WALKING,0.8473239
18440,1,1,WALKING,1.025566
18441,1,1,WALKING,1.252924
18442,1,1,WALKING,1.343466
18443,1,1,WALKING,1.243445
18444,1,1,WALKING,1.129198
18445,1,1,WALKING,1.095112
18446,1,1,WALKING,0.9771722
18447,1,1,WALKING,0.8486249
18448,1,1,WALKING,0.8743166
18449,1,1,WALKING,0.8669741
18450,1,1,WALKING,0.7247081
18451,1,1,WALKING,0.6433682
18452,1,1,WALKING,0.6898704
18453,1,1,WALKING,0.7443326
18454,1,1,WALKING,0.7999562
18455,1,1,WALKING,0.8321709
18456,1,1,WALKING,0.8088327
18457,1,1,WALKING,0.8448088
18458,1,1,WALKING,0.9065184
18459,1,1,WALKING,0.9918983
18460,1,1,WALKING,1.177538
18461,1,1,WALKING,1.30182
18462,1,1,WALKING,1.296002
18463,1,1,WALKING,1.296021
18464,1,1,WALKING,1.411366
18465,1,1,WALKING,1.591158
18466,1,1,WALKING,1.574083
18467,1,1,WALKING,1.152166
18468,1,1,WALKING,0.5407614
18469,1,1,WALKING,0.3680795
18470,1,1,WALKING,0.7574884
18471,1,1,WALKING,1.080768
18472,1,1,WALKING,1.107021
18473,1,1,WALKING,1.020792
18474,1,1,WALKING,0.8314395
18475,1,1,WALKING,0.6556648
18476,1,1,WALKING,0.6573287
18477,1,1,WALKING,0.7946578
18478,1,1,WALKING,0.9238953
18479,1,1,WALKING,0.9898921
18480,1,1,WALKING,1.026101
18481,1,1,WALKING,0.9799476
18482,1,1,WALKING,0.9073736
18483,1,1,WALKING,0.9168823
18484,1,1,WALKING,0.9556134
18485,1,1,WALKING,1.003865
18486,1,1,WALKING,1.018907
18487,1,1,WALKING,0.9796453
18488,1,1,WALKING,0.9664095
18489,1,1,WALKING,0.9867001
18490,1,1,WALKING,1.039312
18491,1,1,WALKING,1.127718
18492,1,1,WALKING,1.264327
18493,1,1,WALKING,1.391192
18494,1,1,WALKING,1.283829
18495,1,1,WALKING,1.001862
18496,1,1,WALKING,0.8523719
18497,1,1,WALKING,0.8493085
18498,1,1,WALKING,0.9615761
18499,1,1,WALKING,1.158846
18500,1,1,WALKING,1.234394
18501,1,1,WALKING,1.201329
18502,1,1,WALKING,1.110612
18503,1,1,WALKING,0.9788299
18504,1,1,WALKING,0.977555
18505,1,1,WALKING,0.9973646
18506,1,1,WALKING,0.9239224
18507,1,1,WALKING,0.8838413
18508,1,1,WALKING,0.8066511
18509,1,1,WALKING,0.6768937
18510,1,1,WALKING,0.6705043
18511,1,1,WALKING,0.7302387
18512,1,1,WALKING,0.7356898
18513,1,1,WALKING,0.7751161
18514,1,1,WALKING,0.7957839
18515,1,1,WALKING,0.7564859
18516,1,1,WALKING,0.8136118
18517,1,1,WALKING,0.9321108
18518,1,1,WALKING,1.14191
18519,1,1,WALKING,1.426939
18520,1,1,WALKING,1.496321
18521,1,1,WALKING,1.406776
18522,1,1,WALKING,1.402173
18523,1,1,WALKING,1.517551
18524,1,1,WALKING,1.539899
18525,1,1,WALKING,1.116445
18526,1,1,WALKING,0.4788521
18527,1,1,WALKING,0.3196405
18528,1,1,WALKING,0.6886434
18529,1,1,WALKING,1.059935
18530,1,1,WALKING,1.217876
18531,1,1,WALKING,1.096292
18532,1,1,WALKING,0.7353381
18533,1,1,WALKING,0.524588
18534,1,1,WALKING,0.5293078
18535,1,1,WALKING,0.6445714
18536,1,1,WALKING,0.8575326
18537,1,1,WALKING,1.020953
18538,1,1,WALKING,1.079341
18539,1,1,WALKING,0.9513355
18540,1,1,WALKING,0.8485538
18541,1,1,WALKING,0.9427712
18542,1,1,WALKING,0.9746371
18543,1,1,WALKING,1.004509
18544,1,1,WALKING,0.9999263
18545,1,1,WALKING,0.9067209
18546,1,1,WALKING,0.9174609
18547,1,1,WALKING,0.9523442
18548,1,1,WALKING,1.033497
18549,1,1,WALKING,1.160389
18550,1,1,WALKING,1.25932
18551,1,1,WALKING,1.349118
18552,1,1,WALKING,1.295743
18553,1,1,WALKING,1.087818
18554,1,1,WALKING,0.8037575
18555,1,1,WALKING,0.6940541
18556,1,1,WALKING,0.9420736
18557,1,1,WALKING,1.217064
18558,1,1,WALKING,1.347124
18559,1,1,WALKING,1.329475
18560,1,1,WALKING,1.139684
18561,1,1,WALKING,0.9760096
18562,1,1,WALKING,0.9062919
18563,1,1,WALKING,0.8977383
18564,1,1,WALKING,0.8623402
18565,1,1,WALKING,0.7554997
18566,1,1,WALKING,0.7364963
18567,1,1,WALKING,0.7149674
18568,1,1,WALKING,0.656151
18569,1,1,WALKING,0.6862478
18570,1,1,WALKING,0.7158694
18571,1,1,WALKING,0.7689179
18572,1,1,WALKING,0.8302784
18573,1,1,WALKING,0.8361621
18574,1,1,WALKING,0.9087279
18575,1,1,WALKING,1.1329
18576,1,1,WALKING,1.429565
18577,1,1,WALKING,1.481637
18578,1,1,WALKING,1.368539
18579,1,1,WALKING,1.438875
18580,1,1,WALKING,1.467207
18581,1,1,WALKING,1.458157
18582,1,1,WALKING,1.435843
18583,1,1,WALKING,0.857546
18584,1,1,WALKING,0.2156824
18585,1,1,WALKING,0.4582732
18586,1,1,WALKING,1.021142
18587,1,1,WALKING,1.184824
18588,1,1,WALKING,1.134365
18589,1,1,WALKING,0.9330063
18590,1,1,WALKING,0.6917051
18591,1,1,WALKING,0.6056664
18592,1,1,WALKING,0.6399895
18593,1,1,WALKING,0.8209214
18594,1,1,WALKING,0.9494569
18595,1,1,WALKING,0.9912667
18596,1,1,WALKING,1.002591
18597,1,1,WALKING,0.8890416
18598,1,1,WALKING,0.910611
18599,1,1,WALKING,0.9463117
18600,1,1,WALKING,0.9449132
18601,1,1,WALKING,1.048692
18602,1,1,WALKING,0.9870683
18603,1,1,WALKING,0.96144
18604,1,1,WALKING,0.9843848
18605,1,1,WALKING,0.9355677
18606,1,1,WALKING,0.990889
18607,1,1,WALKING,0.9900801
18608,1,1,WALKING,1.093867
18609,1,1,WALKING,1.320823
18610,1,1,WALKING,1.356605
18611,1,1,WALKING,1.191192
18612,1,1,WALKING,0.9000938
18613,1,1,WALKING,0.7809537
18614,1,1,WALKING,0.9119882
18615,1,1,WALKING,1.112855
18616,1,1,WALKING,1.337405
18617,1,1,WALKING,1.416073
18618,1,1,WALKING,1.254453
18619,1,1,WALKING,1.025012
18620,1,1,WALKING,0.9211633
18621,1,1,WALKING,0.8791771
18622,1,1,WALKING,0.8292326
18623,1,1,WALKING,0.7769431
18624,1,1,WALKING,0.6682581
18625,1,1,WALKING,0.6291304
18626,1,1,WALKING,0.6465772
18627,1,1,WALKING,0.6677917
18628,1,1,WALKING,0.7604013
18629,1,1,WALKING,0.7953898
18630,1,1,WALKING,0.8010283
18631,1,1,WALKING,0.8526667
18632,1,1,WALKING,0.9362852
18633,1,1,WALKING,1.149714
18634,1,1,WALKING,1.433229
18635,1,1,WALKING,1.578219
18636,1,1,WALKING,1.518847
18637,1,1,WALKING,1.495859
18638,1,1,WALKING,1.545011
18639,1,1,WALKING,1.338073
18640,1,1,WALKING,0.8857677
18641,1,1,WALKING,0.5081207
18642,1,1,WALKING,0.5768699
18643,1,1,WALKING,1.01918
18644,1,1,WALKING,1.319246
18645,1,1,WALKING,1.336902
18646,1,1,WALKING,1.008158
18647,1,1,WALKING,0.6376491
18648,1,1,WALKING,0.7066871
18649,1,1,WALKING,0.7736267
18650,1,1,WALKING,0.6948743
18651,1,1,WALKING,0.7778336
18652,1,1,WALKING,0.9171868
18653,1,1,WALKING,1.057816
18654,1,1,WALKING,1.019757
18655,1,1,WALKING,0.8861332
18656,1,1,WALKING,0.9273153
18657,1,1,WALKING,0.9400548
18658,1,1,WALKING,0.9353433
18659,1,1,WALKING,0.9690418
18660,1,1,WALKING,0.940122
18661,1,1,WALKING,0.9552436
18662,1,1,WALKING,0.9636898
18663,1,1,WALKING,0.9553689
18664,1,1,WALKING,1.010795
18665,1,1,WALKING,1.090387
18666,1,1,WALKING,1.244307
18667,1,1,WALKING,1.330147
18668,1,1,WALKING,1.245015
18669,1,1,WALKING,1.12947
18670,1,1,WALKING,0.9411108
18671,1,1,WALKING,0.8409577
18672,1,1,WALKING,1.01233
18673,1,1,WALKING,1.226248
18674,1,1,WALKING,1.376966
18675,1,1,WALKING,1.373992
18676,1,1,WALKING,1.156571
18677,1,1,WALKING,0.955149
18678,1,1,WALKING,0.8508989
18679,1,1,WALKING,0.8393088
18680,1,1,WALKING,0.854889
18681,1,1,WALKING,0.7866462
18682,1,1,WALKING,0.7436046
18683,1,1,WALKING,0.6926831
18684,1,1,WALKING,0.6430278
18685,1,1,WALKING,0.6931257
18686,1,1,WALKING,0.7336114
18687,1,1,WALKING,0.8161423
18688,1,1,WALKING,0.8829528
18689,1,1,WALKING,0.8652148
18690,1,1,WALKING,0.937431
18691,1,1,WALKING,1.042019
18692,1,1,WALKING,1.188976
18693,1,1,WALKING,1.348311
18694,1,1,WALKING,1.350651
18695,1,1,WALKING,1.396093
18696,1,1,WALKING,1.572361
18697,1,1,WALKING,1.645056
18698,1,1,WALKING,1.382662
18699,1,1,WALKING,0.8603718
18700,1,1,WALKING,0.6076531
18701,1,1,WALKING,0.7549025
18702,1,1,WALKING,0.9558763
18703,1,1,WALKING,1.083175
18704,1,1,WALKING,1.000128
18705,1,1,WALKING,0.7717837
18706,1,1,WALKING,0.6884085
18707,1,1,WALKING,0.6378373
18708,1,1,WALKING,0.6162678
18709,1,1,WALKING,0.7629061
18710,1,1,WALKING,0.8711496
18711,1,1,WALKING,0.9387011
18712,1,1,WALKING,1.022908
18713,1,1,WALKING,0.9585507
18714,1,1,WALKING,0.866641
18715,1,1,WALKING,0.928741
18716,1,1,WALKING,0.9948947
18717,1,1,WALKING,0.9699089
18718,1,1,WALKING,0.9838345
18719,1,1,WALKING,0.9977037
18720,1,1,WALKING,0.9815943
18721,1,1,WALKING,1.034699
18722,1,1,WALKING,1.089999
18723,1,1,WALKING,1.153181
18724,1,1,WALKING,1.197239
18725,1,1,WALKING,1.238188
18726,1,1,WALKING,1.330647
18727,1,1,WALKING,1.153474
18728,1,1,WALKING,0.8233841
18729,1,1,WALKING,0.7775575
18730,1,1,WALKING,0.9638196
18731,1,1,WALKING,1.230798
18732,1,1,WALKING,1.33648
18733,1,1,WALKING,1.220751
18734,1,1,WALKING,1.116411
18735,1,1,WALKING,0.9979668
18736,1,1,WALKING,0.8812029
18737,1,1,WALKING,0.8725955
18738,1,1,WALKING,0.8793067
18739,1,1,WALKING,0.833816
18740,1,1,WALKING,0.7527281
18741,1,1,WALKING,0.6749324
18742,1,1,WALKING,0.6978437
18743,1,1,WALKING,0.7772213
18744,1,1,WALKING,0.7661191
18745,1,1,WALKING,0.7718359
18746,1,1,WALKING,0.8200499
18747,1,1,WALKING,0.8408171
18748,1,1,WALKING,0.9822159
18749,1,1,WALKING,1.151268
18750,1,1,WALKING,1.242162
18751,1,1,WALKING,1.317783
18752,1,1,WALKING,1.335823
18753,1,1,WALKING,1.441304
18754,1,1,WALKING,1.632427
18755,1,1,WALKING,1.589198
18756,1,1,WALKING,1.125129
18757,1,1,WALKING,0.4576809
18758,1,1,WALKING,0.2176618
18759,1,1,WALKING,0.5264739
18760,1,1,WALKING,0.9561744
18761,1,1,WALKING,1.288825
18762,1,1,WALKING,1.107214
18763,1,1,WALKING,0.5920213
18764,1,1,WALKING,0.5583265
18765,1,1,WALKING,0.634854
18766,1,1,WALKING,0.6736605
18767,1,1,WALKING,1.037764
18768,1,1,WALKING,1.085843
18769,1,1,WALKING,0.9619257
18770,1,1,WALKING,1.035667
18771,1,1,WALKING,0.930277
18772,1,1,WALKING,0.8994232
18773,1,1,WALKING,0.9832908
18774,1,1,WALKING,1.020439
18775,1,1,WALKING,1.007885
18776,1,1,WALKING,0.9028493
18777,1,1,WALKING,0.9294696
18778,1,1,WALKING,0.9663205
18779,1,1,WALKING,1.013221
18780,1,1,WALKING,1.10614
18781,1,1,WALKING,1.090839
18782,1,1,WALKING,1.20827
18783,1,1,WALKING,1.324488
18784,1,1,WALKING,1.278538
18785,1,1,WALKING,1.176685
18786,1,1,WALKING,0.9341487
18787,1,1,WALKING,0.7598916
18788,1,1,WALKING,0.8488533
18789,1,1,WALKING,1.108368
18790,1,1,WALKING,1.390495
18791,1,1,WALKING,1.467976
18792,1,1,WALKING,1.260648
18793,1,1,WALKING,1.012489
18794,1,1,WALKING,0.8891989
18795,1,1,WALKING,0.8136834
18796,1,1,WALKING,0.8399923
18797,1,1,WALKING,0.8653551
18798,1,1,WALKING,0.7893453
18799,1,1,WALKING,0.7283127
18800,1,1,WALKING,0.6298599
18801,1,1,WALKING,0.6849153
18802,1,1,WALKING,0.8429838
18803,1,1,WALKING,0.7959113
18804,1,1,WALKING,0.8005204
18805,1,1,WALKING,0.8649573
18806,1,1,WALKING,0.9590436
18807,1,1,WALKING,1.257746
18808,1,1,WALKING,1.400154
18809,1,1,WALKING,1.335024
18810,1,1,WALKING,1.374049
18811,1,1,WALKING,1.41488
18812,1,1,WALKING,1.424895
18813,1,1,WALKING,1.472186
18814,1,1,WALKING,1.306678
18815,1,1,WALKING,0.8604765
18816,1,1,WALKING,0.581323
18817,1,1,WALKING,0.7217351
18818,1,1,WALKING,1.015368
18819,1,1,WALKING,1.15667
18820,1,1,WALKING,1.040938
18821,1,1,WALKING,0.7986427
18822,1,1,WALKING,0.6780632
18823,1,1,WALKING,0.6881269
18824,1,1,WALKING,0.7162224
18825,1,1,WALKING,0.8063594
18826,1,1,WALKING,0.9359428
18827,1,1,WALKING,1.031436
18828,1,1,WALKING,1.024128
18829,1,1,WALKING,0.9229906
18830,1,1,WALKING,0.9163695
18831,1,1,WALKING,0.9411778
18832,1,1,WALKING,0.9326112
18833,1,1,WALKING,0.9499108
18834,1,1,WALKING,0.9100442
18835,1,1,WALKING,0.9165425
18836,1,1,WALKING,0.9833455
18837,1,1,WALKING,1.048272
18838,1,1,WALKING,1.107753
18839,1,1,WALKING,1.111193
18840,1,1,WALKING,1.215851
18841,1,1,WALKING,1.298488
18842,1,1,WALKING,1.176577
18843,1,1,WALKING,0.9967422
18844,1,1,WALKING,0.793474
18845,1,1,WALKING,0.7573336
18846,1,1,WALKING,1.001289
18847,1,1,WALKING,1.263779
18848,1,1,WALKING,1.354978
18849,1,1,WALKING,1.265736
18850,1,1,WALKING,1.121795
18851,1,1,WALKING,0.974
18852,1,1,WALKING,0.8956277
18853,1,1,WALKING,0.9530157
18854,1,1,WALKING,0.8984823
18855,1,1,WALKING,0.738585
18856,1,1,WALKING,0.6747359
18857,1,1,WALKING,0.6478316
18858,1,1,WALKING,0.7134071
18859,1,1,WALKING,0.8246223
18860,1,1,WALKING,0.8360263
18861,1,1,WALKING,0.8303743
18862,1,1,WALKING,0.8192296
18863,1,1,WALKING,0.8375989
18864,1,1,WALKING,0.9337477
18865,1,1,WALKING,1.080457
18866,1,1,WALKING,1.262257
18867,1,1,WALKING,1.343368
18868,1,1,WALKING,1.297112
18869,1,1,WALKING,1.268335
18870,1,1,WALKING,1.357162
18871,1,1,WALKING,1.422454
18872,1,1,WALKING,1.292962
18873,1,1,WALKING,1.135508
18874,1,1,WALKING,0.9217026
18875,1,1,WALKING,0.6492806
18876,1,1,WALKING,0.7279454
18877,1,1,WALKING,1.011218
18878,1,1,WALKING,1.077545
18879,1,1,WALKING,1.027698
18880,1,1,WALKING,0.9088732
18881,1,1,WALKING,0.7340422
18882,1,1,WALKING,0.7041407
18883,1,1,WALKING,0.7775433
18884,1,1,WALKING,0.9063584
18885,1,1,WALKING,1.044739
18886,1,1,WALKING,1.027329
18887,1,1,WALKING,0.9879928
18888,1,1,WALKING,0.983109
18889,1,1,WALKING,0.9235157
18890,1,1,WALKING,0.9758392
18891,1,1,WALKING,1.062158
18892,1,1,WALKING,0.9608366
18893,1,1,WALKING,0.877332
18894,1,1,WALKING,0.9305198
18895,1,1,WALKING,0.9763025
18896,1,1,WALKING,1.026544
18897,1,1,WALKING,1.028442
18898,1,1,WALKING,0.9921512
18899,1,1,WALKING,1.049421
18900,1,1,WALKING,1.123137
18901,1,1,WALKING,1.201816
18902,1,1,WALKING,1.225641
18903,1,1,WALKING,1.131166
18904,1,1,WALKING,1.024633
18905,1,1,WALKING,0.8214638
18906,1,1,WALKING,0.6854986
18907,1,1,WALKING,0.8790105
18908,1,1,WALKING,1.140356
18909,1,1,WALKING,1.258386
18910,1,1,WALKING,1.244057
18911,1,1,WALKING,1.159204
18912,1,1,WALKING,1.112699
18913,1,1,WALKING,1.068509
18914,1,1,WALKING,1.025495
18915,1,1,WALKING,0.947515
18916,1,1,WALKING,0.7807063
18917,1,1,WALKING,0.6919617
18918,1,1,WALKING,0.6723358
18919,1,1,WALKING,0.6746321
18920,1,1,WALKING,0.7759331
18921,1,1,WALKING,0.8223856
18922,1,1,WALKING,0.7991954
18923,1,1,WALKING,0.8127916
18924,1,1,WALKING,0.8334705
18925,1,1,WALKING,0.9386326
18926,1,1,WALKING,1.133444
18927,1,1,WALKING,1.34156
18928,1,1,WALKING,1.445082
18929,1,1,WALKING,1.357061
18930,1,1,WALKING,1.329125
18931,1,1,WALKING,1.479469
18932,1,1,WALKING,1.514538
18933,1,1,WALKING,1.170208
18934,1,1,WALKING,0.6191597
18935,1,1,WALKING,0.4014932
18936,1,1,WALKING,0.5974094
18937,1,1,WALKING,0.8876959
18938,1,1,WALKING,1.140632
18939,1,1,WALKING,1.082786
18940,1,1,WALKING,0.7777078
18941,1,1,WALKING,0.6896971
18942,1,1,WALKING,0.6948625
18943,1,1,WALKING,0.7012956
18944,1,3,WALKING_DOWNSTAIRS,1.055822
18945,1,3,WALKING_DOWNSTAIRS,1.021691
18946,1,3,WALKING_DOWNSTAIRS,1.005622
18947,1,3,WALKING_DOWNSTAIRS,0.9612864
18948,1,3,WALKING_DOWNSTAIRS,0.9353965
18949,1,3,WALKING_DOWNSTAIRS,0.9086972
18950,1,3,WALKING_DOWNSTAIRS,0.8684706
18951,1,3,WALKING_DOWNSTAIRS,0.8866009
18952,1,3,WALKING_DOWNSTAIRS,0.9155017
18953,1,3,WALKING_DOWNSTAIRS,0.9191721
18954,1,3,WALKING_DOWNSTAIRS,0.8872467
18955,1,3,WALKING_DOWNSTAIRS,0.7900628
18956,1,3,WALKING_DOWNSTAIRS,0.7101235
18957,1,3,WALKING_DOWNSTAIRS,0.6997167
18958,1,3,WALKING_DOWNSTAIRS,0.76054
18959,1,3,WALKING_DOWNSTAIRS,0.8246866
18960,1,3,WALKING_DOWNSTAIRS,0.7929401
18961,1,3,WALKING_DOWNSTAIRS,0.7594706
18962,1,3,WALKING_DOWNSTAIRS,0.7863033
18963,1,3,WALKING_DOWNSTAIRS,0.8548039
18964,1,3,WALKING_DOWNSTAIRS,0.981642
18965,1,3,WALKING_DOWNSTAIRS,1.007687
18966,1,3,WALKING_DOWNSTAIRS,0.8770782
18967,1,3,WALKING_DOWNSTAIRS,0.7882399
18968,1,3,WALKING_DOWNSTAIRS,0.8115917
18969,1,3,WALKING_DOWNSTAIRS,0.938415
18970,1,3,WALKING_DOWNSTAIRS,1.107619
18971,1,3,WALKING_DOWNSTAIRS,1.175626
18972,1,3,WALKING_DOWNSTAIRS,1.229131
18973,1,3,WALKING_DOWNSTAIRS,1.413886
18974,1,3,WALKING_DOWNSTAIRS,1.573492
18975,1,3,WALKING_DOWNSTAIRS,1.580509
18976,1,3,WALKING_DOWNSTAIRS,1.557759
18977,1,3,WALKING_DOWNSTAIRS,1.492579
18978,1,3,WALKING_DOWNSTAIRS,1.293816
18979,1,3,WALKING_DOWNSTAIRS,1.116513
18980,1,3,WALKING_DOWNSTAIRS,1.058663
18981,1,3,WALKING_DOWNSTAIRS,0.9656672
18982,1,3,WALKING_DOWNSTAIRS,0.8289293
18983,1,3,WALKING_DOWNSTAIRS,0.7920545
18984,1,3,WALKING_DOWNSTAIRS,0.7520349
18985,1,3,WALKING_DOWNSTAIRS,0.6968091
18986,1,3,WALKING_DOWNSTAIRS,0.7256205
18987,1,3,WALKING_DOWNSTAIRS,0.6746243
18988,1,3,WALKING_DOWNSTAIRS,0.5796468
18989,1,3,WALKING_DOWNSTAIRS,0.5312579
18990,1,3,WALKING_DOWNSTAIRS,0.5514645
18991,1,3,WALKING_DOWNSTAIRS,0.7354409
18992,1,3,WALKING_DOWNSTAIRS,0.8778888
18993,1,3,WALKING_DOWNSTAIRS,0.9259884
18994,1,3,WALKING_DOWNSTAIRS,0.9436568
18995,1,3,WALKING_DOWNSTAIRS,0.884479
18996,1,3,WALKING_DOWNSTAIRS,0.8728774
18997,1,3,WALKING_DOWNSTAIRS,0.9120669
18998,1,3,WALKING_DOWNSTAIRS,0.9902758
18999,1,3,WALKING_DOWNSTAIRS,1.096985
19000,1,3,WALKING_DOWNSTAIRS,1.260384
19001,1,3,WALKING_DOWNSTAIRS,1.489438
19002,1,3,WALKING_DOWNSTAIRS,1.5941
19003,1,3,WALKING_DOWNSTAIRS,1.690605
19004,1,3,WALKING_DOWNSTAIRS,1.741428
19005,1,3,WALKING_DOWNSTAIRS,1.525833
19006,1,3,WALKING_DOWNSTAIRS,1.251974
19007,1,3,WALKING_DOWNSTAIRS,1.086392
19008,1,3,WALKING_DOWNSTAIRS,1.022182
19009,1,3,WALKING_DOWNSTAIRS,0.9661003
19010,1,3,WALKING_DOWNSTAIRS,0.9067036
19011,1,3,WALKING_DOWNSTAIRS,0.8543257
19012,1,3,WALKING_DOWNSTAIRS,0.7432684
19013,1,3,WALKING_DOWNSTAIRS,0.7501356
19014,1,3,WALKING_DOWNSTAIRS,0.8158657
19015,1,3,WALKING_DOWNSTAIRS,0.8179946
19016,1,3,WALKING_DOWNSTAIRS,0.8594153
19017,1,3,WALKING_DOWNSTAIRS,0.8293791
19018,1,3,WALKING_DOWNSTAIRS,0.7843731
19019,1,3,WALKING_DOWNSTAIRS,0.77769
19020,1,3,WALKING_DOWNSTAIRS,0.6832972
19021,1,3,WALKING_DOWNSTAIRS,0.6071927
19022,1,3,WALKING_DOWNSTAIRS,0.6202664
19023,1,3,WALKING_DOWNSTAIRS,0.7375027
19024,1,3,WALKING_DOWNSTAIRS,0.9087596
19025,1,3,WALKING_DOWNSTAIRS,0.9344587
19026,1,3,WALKING_DOWNSTAIRS,0.8240783
19027,1,3,WALKING_DOWNSTAIRS,0.7755802
19028,1,3,WALKING_DOWNSTAIRS,0.8861124
19029,1,3,WALKING_DOWNSTAIRS,1.106804
19030,1,3,WALKING_DOWNSTAIRS,1.391753
19031,1,3,WALKING_DOWNSTAIRS,1.653047
19032,1,3,WALKING_DOWNSTAIRS,1.738171
19033,1,3,WALKING_DOWNSTAIRS,1.702622
19034,1,3,WALKING_DOWNSTAIRS,1.626423
19035,1,3,WALKING_DOWNSTAIRS,1.456197
19036,1,3,WALKING_DOWNSTAIRS,1.260088
19037,1,3,WALKING_DOWNSTAIRS,1.065558
19038,1,3,WALKING_DOWNSTAIRS,0.8645032
19039,1,3,WALKING_DOWNSTAIRS,0.7942276
19040,1,3,WALKING_DOWNSTAIRS,0.8521942
19041,1,3,WALKING_DOWNSTAIRS,0.8943956
19042,1,3,WALKING_DOWNSTAIRS,0.8435391
19043,1,3,WALKING_DOWNSTAIRS,0.7498502
19044,1,3,WALKING_DOWNSTAIRS,0.6772466
19045,1,3,WALKING_DOWNSTAIRS,0.5790838
19046,1,3,WALKING_DOWNSTAIRS,0.5224407
19047,1,3,WALKING_DOWNSTAIRS,0.5204022
19048,1,3,WALKING_DOWNSTAIRS,0.5212562
19049,1,3,WALKING_DOWNSTAIRS,0.6624269
19050,1,3,WALKING_DOWNSTAIRS,0.8991041
19051,1,3,WALKING_DOWNSTAIRS,1.051025
19052,1,3,WALKING_DOWNSTAIRS,1.040605
19053,1,3,WALKING_DOWNSTAIRS,0.9197045
19054,1,3,WALKING_DOWNSTAIRS,0.8661156
19055,1,3,WALKING_DOWNSTAIRS,0.914298
19056,1,3,WALKING_DOWNSTAIRS,0.9946682
19057,1,3,WALKING_DOWNSTAIRS,1.070772
19058,1,3,WALKING_DOWNSTAIRS,1.255598
19059,1,3,WALKING_DOWNSTAIRS,1.488232
19060,1,3,WALKING_DOWNSTAIRS,1.456518
19061,1,3,WALKING_DOWNSTAIRS,1.385115
19062,1,3,WALKING_DOWNSTAIRS,1.488831
19063,1,3,WALKING_DOWNSTAIRS,1.588294
19064,1,3,WALKING_DOWNSTAIRS,1.666767
19065,1,3,WALKING_DOWNSTAIRS,1.475685
19066,1,3,WALKING_DOWNSTAIRS,1.096929
19067,1,3,WALKING_DOWNSTAIRS,1.063393
19068,1,3,WALKING_DOWNSTAIRS,1.10749
19069,1,3,WALKING_DOWNSTAIRS,0.9302613
19070,1,3,WALKING_DOWNSTAIRS,0.7974596
19071,1,3,WALKING_DOWNSTAIRS,0.7485479
19072,1,3,WALKING_DOWNSTAIRS,1.070817
19073,1,3,WALKING_DOWNSTAIRS,0.9738745
19074,1,3,WALKING_DOWNSTAIRS,0.8975847
19075,1,3,WALKING_DOWNSTAIRS,1.005356
19076,1,3,WALKING_DOWNSTAIRS,1.009653
19077,1,3,WALKING_DOWNSTAIRS,0.9760357
19078,1,3,WALKING_DOWNSTAIRS,0.9571927
19079,1,3,WALKING_DOWNSTAIRS,0.9379683
19080,1,3,WALKING_DOWNSTAIRS,0.9636692
19081,1,3,WALKING_DOWNSTAIRS,0.9244947
19082,1,3,WALKING_DOWNSTAIRS,0.8958953
19083,1,3,WALKING_DOWNSTAIRS,0.8792169
19084,1,3,WALKING_DOWNSTAIRS,0.8464419
19085,1,3,WALKING_DOWNSTAIRS,0.846099
19086,1,3,WALKING_DOWNSTAIRS,0.7969954
19087,1,3,WALKING_DOWNSTAIRS,0.7663695
19088,1,3,WALKING_DOWNSTAIRS,0.7641816
19089,1,3,WALKING_DOWNSTAIRS,0.7485979
19090,1,3,WALKING_DOWNSTAIRS,0.7370539
19091,1,3,WALKING_DOWNSTAIRS,0.6947785
19092,1,3,WALKING_DOWNSTAIRS,0.7141702
19093,1,3,WALKING_DOWNSTAIRS,0.7767725
19094,1,3,WALKING_DOWNSTAIRS,0.8120387
19095,1,3,WALKING_DOWNSTAIRS,0.8424374
19096,1,3,WALKING_DOWNSTAIRS,0.8436129
19097,1,3,WALKING_DOWNSTAIRS,0.8741137
19098,1,3,WALKING_DOWNSTAIRS,0.9203902
19099,1,3,WALKING_DOWNSTAIRS,1.004027
19100,1,3,WALKING_DOWNSTAIRS,1.219801
19101,1,3,WALKING_DOWNSTAIRS,1.429384
19102,1,3,WALKING_DOWNSTAIRS,1.54907
19103,1,3,WALKING_DOWNSTAIRS,1.567971
19104,1,3,WALKING_DOWNSTAIRS,1.501703
19105,1,3,WALKING_DOWNSTAIRS,1.477355
19106,1,3,WALKING_DOWNSTAIRS,1.442449
19107,1,3,WALKING_DOWNSTAIRS,1.382027
19108,1,3,WALKING_DOWNSTAIRS,1.259299
19109,1,3,WALKING_DOWNSTAIRS,1.011758
19110,1,3,WALKING_DOWNSTAIRS,0.9553803
19111,1,3,WALKING_DOWNSTAIRS,1.027292
19112,1,3,WALKING_DOWNSTAIRS,0.9752526
19113,1,3,WALKING_DOWNSTAIRS,0.9962901
19114,1,3,WALKING_DOWNSTAIRS,0.9532874
19115,1,3,WALKING_DOWNSTAIRS,0.8232693
19116,1,3,WALKING_DOWNSTAIRS,0.8375316
19117,1,3,WALKING_DOWNSTAIRS,0.7771475
19118,1,3,WALKING_DOWNSTAIRS,0.6838771
19119,1,3,WALKING_DOWNSTAIRS,0.7266151
19120,1,3,WALKING_DOWNSTAIRS,0.8154348
19121,1,3,WALKING_DOWNSTAIRS,0.9192445
19122,1,3,WALKING_DOWNSTAIRS,0.8786783
19123,1,3,WALKING_DOWNSTAIRS,0.8092185
19124,1,3,WALKING_DOWNSTAIRS,0.9417205
19125,1,3,WALKING_DOWNSTAIRS,1.082098
19126,1,3,WALKING_DOWNSTAIRS,1.138158
19127,1,3,WALKING_DOWNSTAIRS,1.060648
19128,1,3,WALKING_DOWNSTAIRS,0.8566377
19129,1,3,WALKING_DOWNSTAIRS,0.792324
19130,1,3,WALKING_DOWNSTAIRS,0.847698
19131,1,3,WALKING_DOWNSTAIRS,0.9056479
19132,1,3,WALKING_DOWNSTAIRS,0.9614421
19133,1,3,WALKING_DOWNSTAIRS,0.9332906
19134,1,3,WALKING_DOWNSTAIRS,0.8773438
19135,1,3,WALKING_DOWNSTAIRS,0.8383507
19136,1,3,WALKING_DOWNSTAIRS,0.7865333
19137,1,3,WALKING_DOWNSTAIRS,0.7615274
19138,1,3,WALKING_DOWNSTAIRS,0.8194634
19139,1,3,WALKING_DOWNSTAIRS,0.947264
19140,1,3,WALKING_DOWNSTAIRS,0.9861406
19141,1,3,WALKING_DOWNSTAIRS,0.9604585
19142,1,3,WALKING_DOWNSTAIRS,0.9855136
19143,1,3,WALKING_DOWNSTAIRS,1.015013
19144,1,3,WALKING_DOWNSTAIRS,1.125475
19145,1,3,WALKING_DOWNSTAIRS,1.269989
19146,1,3,WALKING_DOWNSTAIRS,1.258435
19147,1,3,WALKING_DOWNSTAIRS,1.158091
19148,1,3,WALKING_DOWNSTAIRS,1.17756
19149,1,3,WALKING_DOWNSTAIRS,1.486315
19150,1,3,WALKING_DOWNSTAIRS,1.761068
19151,1,3,WALKING_DOWNSTAIRS,1.37413
19152,1,3,WALKING_DOWNSTAIRS,0.683484
19153,1,3,WALKING_DOWNSTAIRS,0.5640815
19154,1,3,WALKING_DOWNSTAIRS,0.9199781
19155,1,3,WALKING_DOWNSTAIRS,1.146508
19156,1,3,WALKING_DOWNSTAIRS,1.013615
19157,1,3,WALKING_DOWNSTAIRS,0.8351357
19158,1,3,WALKING_DOWNSTAIRS,0.8860043
19159,1,3,WALKING_DOWNSTAIRS,0.8924125
19160,1,3,WALKING_DOWNSTAIRS,0.8871529
19161,1,3,WALKING_DOWNSTAIRS,0.9389253
19162,1,3,WALKING_DOWNSTAIRS,0.8864253
19163,1,3,WALKING_DOWNSTAIRS,0.9519641
19164,1,3,WALKING_DOWNSTAIRS,0.9905127
19165,1,3,WALKING_DOWNSTAIRS,0.8857367
19166,1,3,WALKING_DOWNSTAIRS,0.8049666
19167,1,3,WALKING_DOWNSTAIRS,0.6242656
19168,1,3,WALKING_DOWNSTAIRS,0.4695048
19169,1,3,WALKING_DOWNSTAIRS,0.3411637
19170,1,3,WALKING_DOWNSTAIRS,0.2654106
19171,1,3,WALKING_DOWNSTAIRS,0.5047118
19172,1,3,WALKING_DOWNSTAIRS,0.8937756
19173,1,3,WALKING_DOWNSTAIRS,1.190435
19174,1,3,WALKING_DOWNSTAIRS,1.182511
19175,1,3,WALKING_DOWNSTAIRS,0.9287626
19176,1,3,WALKING_DOWNSTAIRS,0.8090796
19177,1,3,WALKING_DOWNSTAIRS,0.9853776
19178,1,3,WALKING_DOWNSTAIRS,1.405332
19179,1,3,WALKING_DOWNSTAIRS,1.784581
19180,1,3,WALKING_DOWNSTAIRS,1.897548
19181,1,3,WALKING_DOWNSTAIRS,1.746528
19182,1,3,WALKING_DOWNSTAIRS,1.586665
19183,1,3,WALKING_DOWNSTAIRS,1.568149
19184,1,3,WALKING_DOWNSTAIRS,1.322457
19185,1,3,WALKING_DOWNSTAIRS,0.9618934
19186,1,3,WALKING_DOWNSTAIRS,0.8306967
19187,1,3,WALKING_DOWNSTAIRS,0.7503063
19188,1,3,WALKING_DOWNSTAIRS,0.7017337
19189,1,3,WALKING_DOWNSTAIRS,0.6617299
19190,1,3,WALKING_DOWNSTAIRS,0.5599149
19191,1,3,WALKING_DOWNSTAIRS,0.5086243
19192,1,3,WALKING_DOWNSTAIRS,0.485568
19193,1,3,WALKING_DOWNSTAIRS,0.4753074
19194,1,3,WALKING_DOWNSTAIRS,0.509261
19195,1,3,WALKING_DOWNSTAIRS,0.5991213
19196,1,3,WALKING_DOWNSTAIRS,0.760165
19197,1,3,WALKING_DOWNSTAIRS,0.8881623
19198,1,3,WALKING_DOWNSTAIRS,0.8335241
19199,1,3,WALKING_DOWNSTAIRS,0.7312868
19200,1,3,WALKING_DOWNSTAIRS,0.7724195
19201,1,3,WALKING_DOWNSTAIRS,0.8480917
19202,1,3,WALKING_DOWNSTAIRS,1.081891
19203,1,3,WALKING_DOWNSTAIRS,1.508272
19204,1,3,WALKING_DOWNSTAIRS,1.682715
19205,1,3,WALKING_DOWNSTAIRS,1.593622
19206,1,3,WALKING_DOWNSTAIRS,1.57704
19207,1,3,WALKING_DOWNSTAIRS,1.659887
19208,1,3,WALKING_DOWNSTAIRS,1.631035
19209,1,3,WALKING_DOWNSTAIRS,1.377888
19210,1,3,WALKING_DOWNSTAIRS,1.05929
19211,1,3,WALKING_DOWNSTAIRS,0.9177997
19212,1,3,WALKING_DOWNSTAIRS,0.9267653
19213,1,3,WALKING_DOWNSTAIRS,0.7986755
19214,1,3,WALKING_DOWNSTAIRS,0.7049409
19215,1,3,WALKING_DOWNSTAIRS,0.8020211
19216,1,3,WALKING_DOWNSTAIRS,0.7772485
19217,1,3,WALKING_DOWNSTAIRS,0.7622497
19218,1,3,WALKING_DOWNSTAIRS,0.7585476
19219,1,3,WALKING_DOWNSTAIRS,0.6533126
19220,1,3,WALKING_DOWNSTAIRS,0.7533023
19221,1,3,WALKING_DOWNSTAIRS,0.928573
19222,1,3,WALKING_DOWNSTAIRS,1.005466
19223,1,3,WALKING_DOWNSTAIRS,0.9544915
19224,1,3,WALKING_DOWNSTAIRS,0.8043
19225,1,3,WALKING_DOWNSTAIRS,0.8555567
19226,1,3,WALKING_DOWNSTAIRS,0.9842486
19227,1,3,WALKING_DOWNSTAIRS,1.007923
19228,1,3,WALKING_DOWNSTAIRS,0.8719689
19229,1,3,WALKING_DOWNSTAIRS,0.6518732
19230,1,3,WALKING_DOWNSTAIRS,0.8052071
19231,1,3,WALKING_DOWNSTAIRS,1.137417
19232,1,3,WALKING_DOWNSTAIRS,1.341825
19233,1,3,WALKING_DOWNSTAIRS,1.490434
19234,1,3,WALKING_DOWNSTAIRS,1.409206
19235,1,3,WALKING_DOWNSTAIRS,1.386388
19236,1,3,WALKING_DOWNSTAIRS,1.50752
19237,1,3,WALKING_DOWNSTAIRS,1.526575
19238,1,3,WALKING_DOWNSTAIRS,1.661164
19239,1,3,WALKING_DOWNSTAIRS,1.624373
19240,1,3,WALKING_DOWNSTAIRS,1.31375
19241,1,3,WALKING_DOWNSTAIRS,1.068097
19242,1,3,WALKING_DOWNSTAIRS,0.7680341
19243,1,3,WALKING_DOWNSTAIRS,0.5636254
19244,1,3,WALKING_DOWNSTAIRS,0.5642132
19245,1,3,WALKING_DOWNSTAIRS,0.7037848
19246,1,3,WALKING_DOWNSTAIRS,0.9616866
19247,1,3,WALKING_DOWNSTAIRS,1.068335
19248,1,3,WALKING_DOWNSTAIRS,1.061155
19249,1,3,WALKING_DOWNSTAIRS,0.9418427
19250,1,3,WALKING_DOWNSTAIRS,0.7909986
19251,1,3,WALKING_DOWNSTAIRS,0.9079255
19252,1,3,WALKING_DOWNSTAIRS,1.016249
19253,1,3,WALKING_DOWNSTAIRS,0.9906493
19254,1,3,WALKING_DOWNSTAIRS,0.9705982
19255,1,3,WALKING_DOWNSTAIRS,0.9349449
19256,1,3,WALKING_DOWNSTAIRS,0.9813604
19257,1,3,WALKING_DOWNSTAIRS,1.02562
19258,1,3,WALKING_DOWNSTAIRS,0.9698622
19259,1,3,WALKING_DOWNSTAIRS,0.9350431
19260,1,3,WALKING_DOWNSTAIRS,0.9954284
19261,1,3,WALKING_DOWNSTAIRS,1.184137
19262,1,3,WALKING_DOWNSTAIRS,1.43582
19263,1,3,WALKING_DOWNSTAIRS,1.455081
19264,1,3,WALKING_DOWNSTAIRS,1.105795
19265,1,3,WALKING_DOWNSTAIRS,0.7649724
19266,1,3,WALKING_DOWNSTAIRS,0.7347539
19267,1,3,WALKING_DOWNSTAIRS,0.8765004
19268,1,3,WALKING_DOWNSTAIRS,0.9417488
19269,1,3,WALKING_DOWNSTAIRS,0.9126749
19270,1,3,WALKING_DOWNSTAIRS,0.9714528
19271,1,3,WALKING_DOWNSTAIRS,1.03004
19272,1,3,WALKING_DOWNSTAIRS,0.9784767
19273,1,3,WALKING_DOWNSTAIRS,0.9573527
19274,1,3,WALKING_DOWNSTAIRS,0.9677487
19275,1,3,WALKING_DOWNSTAIRS,0.9389693
19276,1,3,WALKING_DOWNSTAIRS,0.8903066
19277,1,3,WALKING_DOWNSTAIRS,0.8930289
19278,1,3,WALKING_DOWNSTAIRS,0.949849
19279,1,3,WALKING_DOWNSTAIRS,0.9957517
19280,1,3,WALKING_DOWNSTAIRS,1.015316
19281,1,3,WALKING_DOWNSTAIRS,0.955861
19282,1,3,WALKING_DOWNSTAIRS,0.8334925
19283,1,3,WALKING_DOWNSTAIRS,0.7133821
19284,1,3,WALKING_DOWNSTAIRS,0.6566282
19285,1,3,WALKING_DOWNSTAIRS,0.7075344
19286,1,3,WALKING_DOWNSTAIRS,0.7473162
19287,1,3,WALKING_DOWNSTAIRS,0.7691751
19288,1,3,WALKING_DOWNSTAIRS,0.7989482
19289,1,3,WALKING_DOWNSTAIRS,0.7587113
19290,1,3,WALKING_DOWNSTAIRS,0.7626007
19291,1,3,WALKING_DOWNSTAIRS,0.8555304
19292,1,3,WALKING_DOWNSTAIRS,0.9076316
19293,1,3,WALKING_DOWNSTAIRS,0.8370905
19294,1,3,WALKING_DOWNSTAIRS,0.7121005
19295,1,3,WALKING_DOWNSTAIRS,0.7376949
19296,1,3,WALKING_DOWNSTAIRS,0.96876
19297,1,3,WALKING_DOWNSTAIRS,1.427335
19298,1,3,WALKING_DOWNSTAIRS,1.896269
19299,1,3,WALKING_DOWNSTAIRS,1.875916
19300,1,3,WALKING_DOWNSTAIRS,1.576989
19301,1,3,WALKING_DOWNSTAIRS,1.433816
19302,1,3,WALKING_DOWNSTAIRS,1.349025
19303,1,3,WALKING_DOWNSTAIRS,1.2718
19304,1,3,WALKING_DOWNSTAIRS,1.116339
19305,1,3,WALKING_DOWNSTAIRS,0.8249718
19306,1,3,WALKING_DOWNSTAIRS,0.5945097
19307,1,3,WALKING_DOWNSTAIRS,0.6194853
19308,1,3,WALKING_DOWNSTAIRS,0.8406477
19309,1,3,WALKING_DOWNSTAIRS,0.8781549
19310,1,3,WALKING_DOWNSTAIRS,0.7809584
19311,1,3,WALKING_DOWNSTAIRS,0.6583072
19312,1,3,WALKING_DOWNSTAIRS,0.4000749
19313,1,3,WALKING_DOWNSTAIRS,0.4127173
19314,1,3,WALKING_DOWNSTAIRS,0.622963
19315,1,3,WALKING_DOWNSTAIRS,0.7910614
19316,1,3,WALKING_DOWNSTAIRS,1.049096
19317,1,3,WALKING_DOWNSTAIRS,1.026697
19318,1,3,WALKING_DOWNSTAIRS,0.8501004
19319,1,3,WALKING_DOWNSTAIRS,0.870759
19320,1,3,WALKING_DOWNSTAIRS,0.9523196
19321,1,3,WALKING_DOWNSTAIRS,1.146996
19322,1,3,WALKING_DOWNSTAIRS,1.30591
19323,1,3,WALKING_DOWNSTAIRS,1.377817
19324,1,3,WALKING_DOWNSTAIRS,1.46884
19325,1,3,WALKING_DOWNSTAIRS,1.543578
19326,1,3,WALKING_DOWNSTAIRS,1.648222
19327,1,3,WALKING_DOWNSTAIRS,1.44789
19328,1,3,WALKING_DOWNSTAIRS,1.14131
19329,1,3,WALKING_DOWNSTAIRS,1.270666
19330,1,3,WALKING_DOWNSTAIRS,1.296259
19331,1,3,WALKING_DOWNSTAIRS,1.045852
19332,1,3,WALKING_DOWNSTAIRS,0.8977738
19333,1,3,WALKING_DOWNSTAIRS,0.7970536
19334,1,3,WALKING_DOWNSTAIRS,0.8583352
19335,1,3,WALKING_DOWNSTAIRS,0.9119087
19336,1,3,WALKING_DOWNSTAIRS,0.7572597
19337,1,3,WALKING_DOWNSTAIRS,0.6745058
19338,1,3,WALKING_DOWNSTAIRS,0.6524821
19339,1,3,WALKING_DOWNSTAIRS,0.6976801
19340,1,3,WALKING_DOWNSTAIRS,0.7748748
19341,1,3,WALKING_DOWNSTAIRS,0.7170379
19342,1,3,WALKING_DOWNSTAIRS,0.7119466
19343,1,3,WALKING_DOWNSTAIRS,0.756649
19344,1,3,WALKING_DOWNSTAIRS,0.8023742
19345,1,3,WALKING_DOWNSTAIRS,0.8899356
19346,1,3,WALKING_DOWNSTAIRS,0.8389187
19347,1,3,WALKING_DOWNSTAIRS,0.788458
19348,1,3,WALKING_DOWNSTAIRS,0.9275882
19349,1,3,WALKING_DOWNSTAIRS,1.134227
19350,1,3,WALKING_DOWNSTAIRS,1.384205
19351,1,3,WALKING_DOWNSTAIRS,1.637084
19352,1,3,WALKING_DOWNSTAIRS,1.771773
19353,1,3,WALKING_DOWNSTAIRS,1.766659
19354,1,3,WALKING_DOWNSTAIRS,1.648191
19355,1,3,WALKING_DOWNSTAIRS,1.496236
19356,1,3,WALKING_DOWNSTAIRS,1.351943
19357,1,3,WALKING_DOWNSTAIRS,1.123504
19358,1,3,WALKING_DOWNSTAIRS,0.8675469
19359,1,3,WALKING_DOWNSTAIRS,0.736855
19360,1,3,WALKING_DOWNSTAIRS,0.7195936
19361,1,3,WALKING_DOWNSTAIRS,0.794415
19362,1,3,WALKING_DOWNSTAIRS,0.8333619
19363,1,3,WALKING_DOWNSTAIRS,0.7379881
19364,1,3,WALKING_DOWNSTAIRS,0.6581298
19365,1,3,WALKING_DOWNSTAIRS,0.6075745
19366,1,3,WALKING_DOWNSTAIRS,0.5607762
19367,1,3,WALKING_DOWNSTAIRS,0.54289
19368,1,3,WALKING_DOWNSTAIRS,0.5363972
19369,1,3,WALKING_DOWNSTAIRS,0.6440672
19370,1,3,WALKING_DOWNSTAIRS,0.8709299
19371,1,3,WALKING_DOWNSTAIRS,1.082462
19372,1,3,WALKING_DOWNSTAIRS,1.116768
19373,1,3,WALKING_DOWNSTAIRS,0.9877831
19374,1,3,WALKING_DOWNSTAIRS,0.9458114
19375,1,3,WALKING_DOWNSTAIRS,0.9988804
19376,1,3,WALKING_DOWNSTAIRS,1.06379
19377,1,3,WALKING_DOWNSTAIRS,1.162051
19378,1,3,WALKING_DOWNSTAIRS,1.291596
19379,1,3,WALKING_DOWNSTAIRS,1.436176
19380,1,3,WALKING_DOWNSTAIRS,1.437089
19381,1,3,WALKING_DOWNSTAIRS,1.40525
19382,1,3,WALKING_DOWNSTAIRS,1.557063
19383,1,3,WALKING_DOWNSTAIRS,1.652812
19384,1,3,WALKING_DOWNSTAIRS,1.579982
19385,1,3,WALKING_DOWNSTAIRS,1.336087
19386,1,3,WALKING_DOWNSTAIRS,0.9561347
19387,1,3,WALKING_DOWNSTAIRS,0.8345535
19388,1,3,WALKING_DOWNSTAIRS,0.8755754
19389,1,3,WALKING_DOWNSTAIRS,0.7800607
19390,1,3,WALKING_DOWNSTAIRS,0.7558216
19391,1,3,WALKING_DOWNSTAIRS,0.7608269
19392,1,2,WALKING_UPSTAIRS,0.9676438
19393,1,2,WALKING_UPSTAIRS,0.9676015
19394,1,2,WALKING_UPSTAIRS,0.9726941
19395,1,2,WALKING_UPSTAIRS,0.9700843
19396,1,2,WALKING_UPSTAIRS,0.9953542
19397,1,2,WALKING_UPSTAIRS,1.021239
19398,1,2,WALKING_UPSTAIRS,1.028363
19399,1,2,WALKING_UPSTAIRS,1.018486
19400,1,2,WALKING_UPSTAIRS,1.01585
19401,1,2,WALKING_UPSTAIRS,1.057955
19402,1,2,WALKING_UPSTAIRS,1.1577
19403,1,2,WALKING_UPSTAIRS,1.30832
19404,1,2,WALKING_UPSTAIRS,1.390295
19405,1,2,WALKING_UPSTAIRS,1.377767
19406,1,2,WALKING_UPSTAIRS,1.404138
19407,1,2,WALKING_UPSTAIRS,1.433852
19408,1,2,WALKING_UPSTAIRS,1.378102
19409,1,2,WALKING_UPSTAIRS,1.254255
19410,1,2,WALKING_UPSTAIRS,1.102596
19411,1,2,WALKING_UPSTAIRS,1.046326
19412,1,2,WALKING_UPSTAIRS,1.100427
19413,1,2,WALKING_UPSTAIRS,1.09904
19414,1,2,WALKING_UPSTAIRS,1.069914
19415,1,2,WALKING_UPSTAIRS,1.080825
19416,1,2,WALKING_UPSTAIRS,1.030971
19417,1,2,WALKING_UPSTAIRS,0.933958
19418,1,2,WALKING_UPSTAIRS,0.8141769
19419,1,2,WALKING_UPSTAIRS,0.6837265
19420,1,2,WALKING_UPSTAIRS,0.616849
19421,1,2,WALKING_UPSTAIRS,0.5698514
19422,1,2,WALKING_UPSTAIRS,0.5596957
19423,1,2,WALKING_UPSTAIRS,0.6058154
19424,1,2,WALKING_UPSTAIRS,0.6299385
19425,1,2,WALKING_UPSTAIRS,0.6420958
19426,1,2,WALKING_UPSTAIRS,0.6369374
19427,1,2,WALKING_UPSTAIRS,0.6594659
19428,1,2,WALKING_UPSTAIRS,0.7609652
19429,1,2,WALKING_UPSTAIRS,0.8522792
19430,1,2,WALKING_UPSTAIRS,0.893241
19431,1,2,WALKING_UPSTAIRS,0.9436831
19432,1,2,WALKING_UPSTAIRS,1.054757
19433,1,2,WALKING_UPSTAIRS,1.125022
19434,1,2,WALKING_UPSTAIRS,1.143971
19435,1,2,WALKING_UPSTAIRS,1.293452
19436,1,2,WALKING_UPSTAIRS,1.448122
19437,1,2,WALKING_UPSTAIRS,1.362607
19438,1,2,WALKING_UPSTAIRS,1.105401
19439,1,2,WALKING_UPSTAIRS,0.8479248
19440,1,2,WALKING_UPSTAIRS,0.7505874
19441,1,2,WALKING_UPSTAIRS,0.9074705
19442,1,2,WALKING_UPSTAIRS,1.084309
19443,1,2,WALKING_UPSTAIRS,1.106065
19444,1,2,WALKING_UPSTAIRS,1.135815
19445,1,2,WALKING_UPSTAIRS,1.078988
19446,1,2,WALKING_UPSTAIRS,0.9208709
19447,1,2,WALKING_UPSTAIRS,0.9063198
19448,1,2,WALKING_UPSTAIRS,0.9198022
19449,1,2,WALKING_UPSTAIRS,0.9052031
19450,1,2,WALKING_UPSTAIRS,0.8959565
19451,1,2,WALKING_UPSTAIRS,0.8345335
19452,1,2,WALKING_UPSTAIRS,0.7914815
19453,1,2,WALKING_UPSTAIRS,0.7192785
19454,1,2,WALKING_UPSTAIRS,0.6492286
19455,1,2,WALKING_UPSTAIRS,0.6965027
19456,1,2,WALKING_UPSTAIRS,0.7765848
19457,1,2,WALKING_UPSTAIRS,0.8015723
19458,1,2,WALKING_UPSTAIRS,0.8164868
19459,1,2,WALKING_UPSTAIRS,0.8664115
19460,1,2,WALKING_UPSTAIRS,0.895208
19461,1,2,WALKING_UPSTAIRS,0.9372572
19462,1,2,WALKING_UPSTAIRS,0.9937951
19463,1,2,WALKING_UPSTAIRS,1.04728
19464,1,2,WALKING_UPSTAIRS,1.166119
19465,1,2,WALKING_UPSTAIRS,1.245938
19466,1,2,WALKING_UPSTAIRS,1.315691
19467,1,2,WALKING_UPSTAIRS,1.398445
19468,1,2,WALKING_UPSTAIRS,1.307579
19469,1,2,WALKING_UPSTAIRS,1.142458
19470,1,2,WALKING_UPSTAIRS,1.068261
19471,1,2,WALKING_UPSTAIRS,1.077697
19472,1,2,WALKING_UPSTAIRS,1.098946
19473,1,2,WALKING_UPSTAIRS,1.060187
19474,1,2,WALKING_UPSTAIRS,1.008097
19475,1,2,WALKING_UPSTAIRS,0.9582096
19476,1,2,WALKING_UPSTAIRS,0.9421035
19477,1,2,WALKING_UPSTAIRS,1.02093
19478,1,2,WALKING_UPSTAIRS,1.09219
19479,1,2,WALKING_UPSTAIRS,1.074128
19480,1,2,WALKING_UPSTAIRS,0.9964775
19481,1,2,WALKING_UPSTAIRS,0.8872653
19482,1,2,WALKING_UPSTAIRS,0.7985266
19483,1,2,WALKING_UPSTAIRS,0.7419386
19484,1,2,WALKING_UPSTAIRS,0.6762505
19485,1,2,WALKING_UPSTAIRS,0.6324075
19486,1,2,WALKING_UPSTAIRS,0.6343571
19487,1,2,WALKING_UPSTAIRS,0.6545943
19488,1,2,WALKING_UPSTAIRS,0.7272084
19489,1,2,WALKING_UPSTAIRS,0.8119108
19490,1,2,WALKING_UPSTAIRS,0.8038094
19491,1,2,WALKING_UPSTAIRS,0.8165074
19492,1,2,WALKING_UPSTAIRS,0.9572463
19493,1,2,WALKING_UPSTAIRS,1.079448
19494,1,2,WALKING_UPSTAIRS,1.088343
19495,1,2,WALKING_UPSTAIRS,1.082418
19496,1,2,WALKING_UPSTAIRS,1.167893
19497,1,2,WALKING_UPSTAIRS,1.288882
19498,1,2,WALKING_UPSTAIRS,1.28959
19499,1,2,WALKING_UPSTAIRS,1.103921
19500,1,2,WALKING_UPSTAIRS,0.868096
19501,1,2,WALKING_UPSTAIRS,0.8249281
19502,1,2,WALKING_UPSTAIRS,0.9010325
19503,1,2,WALKING_UPSTAIRS,0.9500748
19504,1,2,WALKING_UPSTAIRS,1.074968
19505,1,2,WALKING_UPSTAIRS,1.109976
19506,1,2,WALKING_UPSTAIRS,0.989482
19507,1,2,WALKING_UPSTAIRS,0.9432715
19508,1,2,WALKING_UPSTAIRS,0.9042277
19509,1,2,WALKING_UPSTAIRS,0.888048
19510,1,2,WALKING_UPSTAIRS,0.917252
19511,1,2,WALKING_UPSTAIRS,0.8513323
19512,1,2,WALKING_UPSTAIRS,0.7846498
19513,1,2,WALKING_UPSTAIRS,0.7232857
19514,1,2,WALKING_UPSTAIRS,0.6754898
19515,1,2,WALKING_UPSTAIRS,0.7065636
19516,1,2,WALKING_UPSTAIRS,0.7061063
19517,1,2,WALKING_UPSTAIRS,0.710779
19518,1,2,WALKING_UPSTAIRS,0.7323566
19519,1,2,WALKING_UPSTAIRS,0.742283
19520,1,2,WALKING_UPSTAIRS,0.82966
19521,1,2,WALKING_UPSTAIRS,0.9534373
19522,1,2,WALKING_UPSTAIRS,1.077529
19523,1,2,WALKING_UPSTAIRS,1.196028
19524,1,2,WALKING_UPSTAIRS,1.254637
19525,1,2,WALKING_UPSTAIRS,1.267535
19526,1,2,WALKING_UPSTAIRS,1.31771
19527,1,2,WALKING_UPSTAIRS,1.399478
19528,1,2,WALKING_UPSTAIRS,1.376203
19529,1,2,WALKING_UPSTAIRS,1.243046
19530,1,2,WALKING_UPSTAIRS,1.073576
19531,1,2,WALKING_UPSTAIRS,0.9874647
19532,1,2,WALKING_UPSTAIRS,1.051914
19533,1,2,WALKING_UPSTAIRS,1.052018
19534,1,2,WALKING_UPSTAIRS,0.992285
19535,1,2,WALKING_UPSTAIRS,0.9819076
19536,1,2,WALKING_UPSTAIRS,0.949162
19537,1,2,WALKING_UPSTAIRS,1.026089
19538,1,2,WALKING_UPSTAIRS,1.143952
19539,1,2,WALKING_UPSTAIRS,1.091049
19540,1,2,WALKING_UPSTAIRS,0.9763728
19541,1,2,WALKING_UPSTAIRS,0.857952
19542,1,2,WALKING_UPSTAIRS,0.7451921
19543,1,2,WALKING_UPSTAIRS,0.6438481
19544,1,2,WALKING_UPSTAIRS,0.5530087
19545,1,2,WALKING_UPSTAIRS,0.5903078
19546,1,2,WALKING_UPSTAIRS,0.651696
19547,1,2,WALKING_UPSTAIRS,0.6372166
19548,1,2,WALKING_UPSTAIRS,0.6351008
19549,1,2,WALKING_UPSTAIRS,0.6092876
19550,1,2,WALKING_UPSTAIRS,0.6539213
19551,1,2,WALKING_UPSTAIRS,0.8190589
19552,1,2,WALKING_UPSTAIRS,0.9712978
19553,1,2,WALKING_UPSTAIRS,1.110656
19554,1,2,WALKING_UPSTAIRS,1.168451
19555,1,2,WALKING_UPSTAIRS,1.177537
19556,1,2,WALKING_UPSTAIRS,1.265415
19557,1,2,WALKING_UPSTAIRS,1.394977
19558,1,2,WALKING_UPSTAIRS,1.477406
19559,1,2,WALKING_UPSTAIRS,1.270585
19560,1,2,WALKING_UPSTAIRS,0.9461989
19561,1,2,WALKING_UPSTAIRS,0.9149475
19562,1,2,WALKING_UPSTAIRS,0.9481079
19563,1,2,WALKING_UPSTAIRS,0.9717115
19564,1,2,WALKING_UPSTAIRS,1.095434
19565,1,2,WALKING_UPSTAIRS,1.071781
19566,1,2,WALKING_UPSTAIRS,0.9918939
19567,1,2,WALKING_UPSTAIRS,0.9846238
19568,1,2,WALKING_UPSTAIRS,0.9145105
19569,1,2,WALKING_UPSTAIRS,0.8770836
19570,1,2,WALKING_UPSTAIRS,0.8584714
19571,1,2,WALKING_UPSTAIRS,0.7846623
19572,1,2,WALKING_UPSTAIRS,0.7714565
19573,1,2,WALKING_UPSTAIRS,0.7813253
19574,1,2,WALKING_UPSTAIRS,0.7655865
19575,1,2,WALKING_UPSTAIRS,0.7309707
19576,1,2,WALKING_UPSTAIRS,0.6833484
19577,1,2,WALKING_UPSTAIRS,0.6923829
19578,1,2,WALKING_UPSTAIRS,0.7131302
19579,1,2,WALKING_UPSTAIRS,0.724282
19580,1,2,WALKING_UPSTAIRS,0.7550164
19581,1,2,WALKING_UPSTAIRS,0.7990561
19582,1,2,WALKING_UPSTAIRS,0.9214918
19583,1,2,WALKING_UPSTAIRS,1.085051
19584,1,2,WALKING_UPSTAIRS,1.192382
19585,1,2,WALKING_UPSTAIRS,1.255742
19586,1,2,WALKING_UPSTAIRS,1.305254
19587,1,2,WALKING_UPSTAIRS,1.331704
19588,1,2,WALKING_UPSTAIRS,1.322055
19589,1,2,WALKING_UPSTAIRS,1.316964
19590,1,2,WALKING_UPSTAIRS,1.290094
19591,1,2,WALKING_UPSTAIRS,1.136418
19592,1,2,WALKING_UPSTAIRS,0.9683292
19593,1,2,WALKING_UPSTAIRS,0.9940616
19594,1,2,WALKING_UPSTAIRS,1.057462
19595,1,2,WALKING_UPSTAIRS,0.9972576
19596,1,2,WALKING_UPSTAIRS,1.004085
19597,1,2,WALKING_UPSTAIRS,1.044937
19598,1,2,WALKING_UPSTAIRS,1.041181
19599,1,2,WALKING_UPSTAIRS,1.097122
19600,1,2,WALKING_UPSTAIRS,1.050142
19601,1,2,WALKING_UPSTAIRS,0.9291733
19602,1,2,WALKING_UPSTAIRS,0.889935
19603,1,2,WALKING_UPSTAIRS,0.8215719
19604,1,2,WALKING_UPSTAIRS,0.790049
19605,1,2,WALKING_UPSTAIRS,0.8042683
19606,1,2,WALKING_UPSTAIRS,0.7686817
19607,1,2,WALKING_UPSTAIRS,0.7402097
19608,1,2,WALKING_UPSTAIRS,0.7065624
19609,1,2,WALKING_UPSTAIRS,0.6675256
19610,1,2,WALKING_UPSTAIRS,0.6342727
19611,1,2,WALKING_UPSTAIRS,0.6182234
19612,1,2,WALKING_UPSTAIRS,0.6443496
19613,1,2,WALKING_UPSTAIRS,0.6909858
19614,1,2,WALKING_UPSTAIRS,0.7695818
19615,1,2,WALKING_UPSTAIRS,0.8208182
19616,1,2,WALKING_UPSTAIRS,0.8298897
19617,1,2,WALKING_UPSTAIRS,0.8872531
19618,1,2,WALKING_UPSTAIRS,0.9962781
19619,1,2,WALKING_UPSTAIRS,1.09851
19620,1,2,WALKING_UPSTAIRS,1.172054
19621,1,2,WALKING_UPSTAIRS,1.298216
19622,1,2,WALKING_UPSTAIRS,1.454375
19623,1,2,WALKING_UPSTAIRS,1.473405
19624,1,2,WALKING_UPSTAIRS,1.306981
19625,1,2,WALKING_UPSTAIRS,1.067888
19626,1,2,WALKING_UPSTAIRS,0.9372443
19627,1,2,WALKING_UPSTAIRS,0.891038
19628,1,2,WALKING_UPSTAIRS,0.8122761
19629,1,2,WALKING_UPSTAIRS,0.7997661
19630,1,2,WALKING_UPSTAIRS,0.8697511
19631,1,2,WALKING_UPSTAIRS,0.9018856
19632,1,2,WALKING_UPSTAIRS,0.8779072
19633,1,2,WALKING_UPSTAIRS,0.8276953
19634,1,2,WALKING_UPSTAIRS,0.7874517
19635,1,2,WALKING_UPSTAIRS,0.7855419
19636,1,2,WALKING_UPSTAIRS,0.8238692
19637,1,2,WALKING_UPSTAIRS,0.8688905
19638,1,2,WALKING_UPSTAIRS,0.8921213
19639,1,2,WALKING_UPSTAIRS,0.9100846
19640,1,2,WALKING_UPSTAIRS,0.8997214
19641,1,2,WALKING_UPSTAIRS,0.8486025
19642,1,2,WALKING_UPSTAIRS,0.7910915
19643,1,2,WALKING_UPSTAIRS,0.7720376
19644,1,2,WALKING_UPSTAIRS,0.8488893
19645,1,2,WALKING_UPSTAIRS,0.9321151
19646,1,2,WALKING_UPSTAIRS,0.9199716
19647,1,2,WALKING_UPSTAIRS,0.9077755
19648,1,2,WALKING_UPSTAIRS,0.917997
19649,1,2,WALKING_UPSTAIRS,0.9007403
19650,1,2,WALKING_UPSTAIRS,0.9123709
19651,1,2,WALKING_UPSTAIRS,0.9478196
19652,1,2,WALKING_UPSTAIRS,0.969675
19653,1,2,WALKING_UPSTAIRS,1.014455
19654,1,2,WALKING_UPSTAIRS,1.061896
19655,1,2,WALKING_UPSTAIRS,1.07436
19656,1,2,WALKING_UPSTAIRS,1.085412
19657,1,2,WALKING_UPSTAIRS,1.14888
19658,1,2,WALKING_UPSTAIRS,1.292284
19659,1,2,WALKING_UPSTAIRS,1.42131
19660,1,2,WALKING_UPSTAIRS,1.41632
19661,1,2,WALKING_UPSTAIRS,1.328536
19662,1,2,WALKING_UPSTAIRS,1.258147
19663,1,2,WALKING_UPSTAIRS,1.231263
19664,1,2,WALKING_UPSTAIRS,1.217967
19665,1,2,WALKING_UPSTAIRS,1.163784
19666,1,2,WALKING_UPSTAIRS,1.105517
19667,1,2,WALKING_UPSTAIRS,1.093877
19668,1,2,WALKING_UPSTAIRS,1.089073
19669,1,2,WALKING_UPSTAIRS,1.080473
19670,1,2,WALKING_UPSTAIRS,1.05045
19671,1,2,WALKING_UPSTAIRS,0.9973855
19672,1,2,WALKING_UPSTAIRS,0.9755407
19673,1,2,WALKING_UPSTAIRS,0.9497842
19674,1,2,WALKING_UPSTAIRS,0.9030822
19675,1,2,WALKING_UPSTAIRS,0.8416027
19676,1,2,WALKING_UPSTAIRS,0.733377
19677,1,2,WALKING_UPSTAIRS,0.6272024
19678,1,2,WALKING_UPSTAIRS,0.5580834
19679,1,2,WALKING_UPSTAIRS,0.5427445
19680,1,2,WALKING_UPSTAIRS,0.5790225
19681,1,2,WALKING_UPSTAIRS,0.6228574
19682,1,2,WALKING_UPSTAIRS,0.6914247
19683,1,2,WALKING_UPSTAIRS,0.7489331
19684,1,2,WALKING_UPSTAIRS,0.7837713
19685,1,2,WALKING_UPSTAIRS,0.8615341
19686,1,2,WALKING_UPSTAIRS,0.956148
19687,1,2,WALKING_UPSTAIRS,1.077082
19688,1,2,WALKING_UPSTAIRS,1.187461
19689,1,2,WALKING_UPSTAIRS,1.191437
19690,1,2,WALKING_UPSTAIRS,1.220826
19691,1,2,WALKING_UPSTAIRS,1.342838
19692,1,2,WALKING_UPSTAIRS,1.423352
19693,1,2,WALKING_UPSTAIRS,1.381891
19694,1,2,WALKING_UPSTAIRS,1.111429
19695,1,2,WALKING_UPSTAIRS,0.7415612
19696,1,2,WALKING_UPSTAIRS,0.6799179
19697,1,2,WALKING_UPSTAIRS,0.8990146
19698,1,2,WALKING_UPSTAIRS,1.055319
19699,1,2,WALKING_UPSTAIRS,1.087168
19700,1,2,WALKING_UPSTAIRS,1.02817
19701,1,2,WALKING_UPSTAIRS,0.9105966
19702,1,2,WALKING_UPSTAIRS,0.8556543
19703,1,2,WALKING_UPSTAIRS,0.8333343
19704,1,2,WALKING_UPSTAIRS,0.8057958
19705,1,2,WALKING_UPSTAIRS,0.8152122
19706,1,2,WALKING_UPSTAIRS,0.7984807
19707,1,2,WALKING_UPSTAIRS,0.7534462
19708,1,2,WALKING_UPSTAIRS,0.6906101
19709,1,2,WALKING_UPSTAIRS,0.6456414
19710,1,2,WALKING_UPSTAIRS,0.670275
19711,1,2,WALKING_UPSTAIRS,0.6558794
19712,1,2,WALKING_UPSTAIRS,0.6558723
19713,1,2,WALKING_UPSTAIRS,0.7507957
19714,1,2,WALKING_UPSTAIRS,0.8382225
19715,1,2,WALKING_UPSTAIRS,0.9009663
19716,1,2,WALKING_UPSTAIRS,1.018921
19717,1,2,WALKING_UPSTAIRS,1.287374
19718,1,2,WALKING_UPSTAIRS,1.456716
19719,1,2,WALKING_UPSTAIRS,1.326976
19720,1,2,WALKING_UPSTAIRS,1.287183
19721,1,2,WALKING_UPSTAIRS,1.388955
19722,1,2,WALKING_UPSTAIRS,1.406395
19723,1,2,WALKING_UPSTAIRS,1.424335
19724,1,2,WALKING_UPSTAIRS,1.309776
19725,1,2,WALKING_UPSTAIRS,1.0607
19726,1,2,WALKING_UPSTAIRS,0.9733569
19727,1,2,WALKING_UPSTAIRS,0.9880583
19728,1,2,WALKING_UPSTAIRS,1.000325
19729,1,2,WALKING_UPSTAIRS,1.037311
19730,1,2,WALKING_UPSTAIRS,1.050107
19731,1,2,WALKING_UPSTAIRS,1.077576
19732,1,2,WALKING_UPSTAIRS,1.106324
19733,1,2,WALKING_UPSTAIRS,1.039508
19734,1,2,WALKING_UPSTAIRS,0.9072987
19735,1,2,WALKING_UPSTAIRS,0.781806
19736,1,2,WALKING_UPSTAIRS,0.6940262
19737,1,2,WALKING_UPSTAIRS,0.63021
19738,1,2,WALKING_UPSTAIRS,0.568469
19739,1,2,WALKING_UPSTAIRS,0.544553
19740,1,2,WALKING_UPSTAIRS,0.5749717
19741,1,2,WALKING_UPSTAIRS,0.615409
19742,1,2,WALKING_UPSTAIRS,0.6581379
19743,1,2,WALKING_UPSTAIRS,0.6962823
19744,1,2,WALKING_UPSTAIRS,0.6985715
19745,1,2,WALKING_UPSTAIRS,0.7491993
19746,1,2,WALKING_UPSTAIRS,0.8776342
19747,1,2,WALKING_UPSTAIRS,0.9744649
19748,1,2,WALKING_UPSTAIRS,1.070794
19749,1,2,WALKING_UPSTAIRS,1.152116
19750,1,2,WALKING_UPSTAIRS,1.128397
19751,1,2,WALKING_UPSTAIRS,1.146657
19752,1,2,WALKING_UPSTAIRS,1.251593
19753,1,2,WALKING_UPSTAIRS,1.302788
19754,1,2,WALKING_UPSTAIRS,1.271248
19755,1,2,WALKING_UPSTAIRS,1.142105
19756,1,2,WALKING_UPSTAIRS,0.9557415
19757,1,2,WALKING_UPSTAIRS,0.8258138
19758,1,2,WALKING_UPSTAIRS,0.8400814
19759,1,2,WALKING_UPSTAIRS,0.9402411
19760,1,2,WALKING_UPSTAIRS,0.9605331
19761,1,2,WALKING_UPSTAIRS,0.9497642
19762,1,2,WALKING_UPSTAIRS,0.9438814
19763,1,2,WALKING_UPSTAIRS,0.9075909
19764,1,2,WALKING_UPSTAIRS,0.8983859
19765,1,2,WALKING_UPSTAIRS,0.8553178
19766,1,2,WALKING_UPSTAIRS,0.7922105
19767,1,2,WALKING_UPSTAIRS,0.7490705
19768,1,2,WALKING_UPSTAIRS,0.7206851
19769,1,2,WALKING_UPSTAIRS,0.7403597
19770,1,2,WALKING_UPSTAIRS,0.7025412
19771,1,2,WALKING_UPSTAIRS,0.6495942
19772,1,2,WALKING_UPSTAIRS,0.6704879
19773,1,2,WALKING_UPSTAIRS,0.7109711
19774,1,2,WALKING_UPSTAIRS,0.7886871
19775,1,2,WALKING_UPSTAIRS,0.8639938
19776,1,2,WALKING_UPSTAIRS,0.9193427
19777,1,2,WALKING_UPSTAIRS,0.991296
19778,1,2,WALKING_UPSTAIRS,1.12057
19779,1,2,WALKING_UPSTAIRS,1.273454
19780,1,2,WALKING_UPSTAIRS,1.277834
19781,1,2,WALKING_UPSTAIRS,1.249842
19782,1,2,WALKING_UPSTAIRS,1.311715
19783,1,2,WALKING_UPSTAIRS,1.312469
19784,1,2,WALKING_UPSTAIRS,1.311167
19785,1,2,WALKING_UPSTAIRS,1.316961
19786,1,2,WALKING_UPSTAIRS,1.197133
19787,1,2,WALKING_UPSTAIRS,1.062777
19788,1,2,WALKING_UPSTAIRS,1.037912
19789,1,2,WALKING_UPSTAIRS,1.055624
19790,1,2,WALKING_UPSTAIRS,0.990612
19791,1,2,WALKING_UPSTAIRS,0.8862561
19792,1,2,WALKING_UPSTAIRS,0.8657448
19793,1,2,WALKING_UPSTAIRS,0.9324353
19794,1,2,WALKING_UPSTAIRS,1.041675
19795,1,2,WALKING_UPSTAIRS,1.055951
19796,1,2,WALKING_UPSTAIRS,0.9816655
19797,1,2,WALKING_UPSTAIRS,0.9117582
19798,1,2,WALKING_UPSTAIRS,0.773833
19799,1,2,WALKING_UPSTAIRS,0.7053875
19800,1,2,WALKING_UPSTAIRS,0.7749389
19801,1,2,WALKING_UPSTAIRS,0.8032206
19802,1,2,WALKING_UPSTAIRS,0.7915039
19803,1,2,WALKING_UPSTAIRS,0.7462964
19804,1,2,WALKING_UPSTAIRS,0.6553199
19805,1,2,WALKING_UPSTAIRS,0.5971217
19806,1,2,WALKING_UPSTAIRS,0.5997533
19807,1,2,WALKING_UPSTAIRS,0.6493924
19808,1,2,WALKING_UPSTAIRS,0.7566414
19809,1,2,WALKING_UPSTAIRS,0.9205975
19810,1,2,WALKING_UPSTAIRS,1.034365
19811,1,2,WALKING_UPSTAIRS,1.062764
19812,1,2,WALKING_UPSTAIRS,1.095342
19813,1,2,WALKING_UPSTAIRS,1.130591
19814,1,2,WALKING_UPSTAIRS,1.123297
19815,1,2,WALKING_UPSTAIRS,1.138765
19816,1,2,WALKING_UPSTAIRS,1.276384
19817,1,2,WALKING_UPSTAIRS,1.39845
19818,1,2,WALKING_UPSTAIRS,1.288343
19819,1,2,WALKING_UPSTAIRS,1.021775
19820,1,2,WALKING_UPSTAIRS,0.7878007
19821,1,2,WALKING_UPSTAIRS,0.7271583
19822,1,2,WALKING_UPSTAIRS,0.8966875
19823,1,2,WALKING_UPSTAIRS,1.090693
19824,1,2,WALKING_UPSTAIRS,1.121481
19825,1,2,WALKING_UPSTAIRS,1.049817
19826,1,2,WALKING_UPSTAIRS,0.9153411
19827,1,2,WALKING_UPSTAIRS,0.8008997
19828,1,2,WALKING_UPSTAIRS,0.8199741
19829,1,2,WALKING_UPSTAIRS,0.8929241
19830,1,2,WALKING_UPSTAIRS,0.9313723
19831,1,2,WALKING_UPSTAIRS,0.9059559
19832,1,2,WALKING_UPSTAIRS,0.804333
19833,1,2,WALKING_UPSTAIRS,0.6664502
19834,1,2,WALKING_UPSTAIRS,0.5875324
19835,1,2,WALKING_UPSTAIRS,0.6233967
19836,1,2,WALKING_UPSTAIRS,0.6870923
19837,1,2,WALKING_UPSTAIRS,0.79541
19838,1,2,WALKING_UPSTAIRS,0.9339889
19839,1,2,WALKING_UPSTAIRS,0.9421587
19840,1,2,WALKING_UPSTAIRS,0.9276437
19841,1,2,WALKING_UPSTAIRS,0.9760232
19842,1,2,WALKING_UPSTAIRS,1.00532
19843,1,2,WALKING_UPSTAIRS,1.089805
19844,1,2,WALKING_UPSTAIRS,1.175459
19845,1,2,WALKING_UPSTAIRS,1.193753
19846,1,2,WALKING_UPSTAIRS,1.281662
19847,1,2,WALKING_UPSTAIRS,1.378078
19848,1,2,WALKING_UPSTAIRS,1.355546
19849,1,2,WALKING_UPSTAIRS,1.256443
19850,1,2,WALKING_UPSTAIRS,1.125492
19851,1,2,WALKING_UPSTAIRS,1.036028
19852,1,2,WALKING_UPSTAIRS,1.026756
19853,1,2,WALKING_UPSTAIRS,1.068924
19854,1,2,WALKING_UPSTAIRS,1.111595
19855,1,2,WALKING_UPSTAIRS,1.055648
19856,1,2,WALKING_UPSTAIRS,0.9610735
19857,1,2,WALKING_UPSTAIRS,0.9466787
19858,1,2,WALKING_UPSTAIRS,0.9566772
19859,1,2,WALKING_UPSTAIRS,0.9413014
19860,1,2,WALKING_UPSTAIRS,0.8845079
19861,1,2,WALKING_UPSTAIRS,0.8123684
19862,1,2,WALKING_UPSTAIRS,0.7839437
19863,1,2,WALKING_UPSTAIRS,0.7133491
19864,1,2,WALKING_UPSTAIRS,0.5923758
19865,1,2,WALKING_UPSTAIRS,0.5622893
19866,1,2,WALKING_UPSTAIRS,0.6017516
19867,1,2,WALKING_UPSTAIRS,0.6355232
19868,1,2,WALKING_UPSTAIRS,0.7010117
19869,1,2,WALKING_UPSTAIRS,0.7766329
19870,1,2,WALKING_UPSTAIRS,0.8369199
19871,1,2,WALKING_UPSTAIRS,0.9435661
19872,1,2,WALKING_UPSTAIRS,1.037624
19873,1,2,WALKING_UPSTAIRS,1.079462
19874,1,2,WALKING_UPSTAIRS,1.13855
19875,1,2,WALKING_UPSTAIRS,1.186602
19876,1,2,WALKING_UPSTAIRS,1.278997
19877,1,2,WALKING_UPSTAIRS,1.38532
19878,1,2,WALKING_UPSTAIRS,1.30057
19879,1,2,WALKING_UPSTAIRS,1.078981
19880,1,2,WALKING_UPSTAIRS,0.8752003
19881,1,2,WALKING_UPSTAIRS,0.8359695
19882,1,2,WALKING_UPSTAIRS,0.9415774
19883,1,2,WALKING_UPSTAIRS,0.9671381
19884,1,2,WALKING_UPSTAIRS,1.01681
19885,1,2,WALKING_UPSTAIRS,1.064029
19886,1,2,WALKING_UPSTAIRS,0.9583077
19887,1,2,WALKING_UPSTAIRS,0.926738
19888,1,2,WALKING_UPSTAIRS,0.9230562
19889,1,2,WALKING_UPSTAIRS,0.8816851
19890,1,2,WALKING_UPSTAIRS,0.891149
19891,1,2,WALKING_UPSTAIRS,0.8211607
19892,1,2,WALKING_UPSTAIRS,0.7533428
19893,1,2,WALKING_UPSTAIRS,0.7050432
19894,1,2,WALKING_UPSTAIRS,0.6494598
19895,1,2,WALKING_UPSTAIRS,0.7178513
19896,1,2,WALKING_UPSTAIRS,0.7863116
19897,1,2,WALKING_UPSTAIRS,0.8095079
19898,1,2,WALKING_UPSTAIRS,0.8028691
19899,1,2,WALKING_UPSTAIRS,0.7602827
19900,1,2,WALKING_UPSTAIRS,0.7750263
19901,1,2,WALKING_UPSTAIRS,0.7839737
19902,1,2,WALKING_UPSTAIRS,0.8627796
19903,1,2,WALKING_UPSTAIRS,1.047041
19904,1,2,WALKING_UPSTAIRS,1.171316
19905,1,2,WALKING_UPSTAIRS,1.301956
19906,1,2,WALKING_UPSTAIRS,1.394238
19907,1,2,WALKING_UPSTAIRS,1.365023
19908,1,2,WALKING_UPSTAIRS,1.375801
19909,1,2,WALKING_UPSTAIRS,1.349645
19910,1,2,WALKING_UPSTAIRS,1.195888
19911,1,2,WALKING_UPSTAIRS,1.080074
19912,1,2,WALKING_UPSTAIRS,1.039152
19913,1,2,WALKING_UPSTAIRS,1.063835
19914,1,2,WALKING_UPSTAIRS,1.08877
19915,1,2,WALKING_UPSTAIRS,0.9985792
19916,1,2,WALKING_UPSTAIRS,0.9243837
19917,1,2,WALKING_UPSTAIRS,0.9426263
19918,1,2,WALKING_UPSTAIRS,1.001712
19919,1,2,WALKING_UPSTAIRS,1.055674
19920,1,2,WALKING_UPSTAIRS,0.9815023
19921,1,2,WALKING_UPSTAIRS,0.8305972
19922,1,2,WALKING_UPSTAIRS,0.7162834
19923,1,2,WALKING_UPSTAIRS,0.6617306
19924,1,2,WALKING_UPSTAIRS,0.6706484
19925,1,2,WALKING_UPSTAIRS,0.649902
19926,1,2,WALKING_UPSTAIRS,0.6423173
19927,1,2,WALKING_UPSTAIRS,0.6929831
19928,1,2,WALKING_UPSTAIRS,0.6930085
19929,1,2,WALKING_UPSTAIRS,0.7011809
19930,1,2,WALKING_UPSTAIRS,0.7590393
19931,1,2,WALKING_UPSTAIRS,0.8264035
19932,1,2,WALKING_UPSTAIRS,0.9256942
19933,1,2,WALKING_UPSTAIRS,0.9676146
19934,1,2,WALKING_UPSTAIRS,0.9405625
19935,1,2,WALKING_UPSTAIRS,0.9456966
19936,1,2,WALKING_UPSTAIRS,0.9610398
19937,1,2,WALKING_UPSTAIRS,1.039858
19938,1,2,WALKING_UPSTAIRS,1.296239
19939,1,2,WALKING_UPSTAIRS,1.518082
19940,1,2,WALKING_UPSTAIRS,1.367417
19941,1,2,WALKING_UPSTAIRS,1.022328
19942,1,2,WALKING_UPSTAIRS,0.8357685
19943,1,2,WALKING_UPSTAIRS,0.8108581
19944,1,2,WALKING_UPSTAIRS,0.9481506
19945,1,2,WALKING_UPSTAIRS,1.087574
19946,1,2,WALKING_UPSTAIRS,1.053753
19947,1,2,WALKING_UPSTAIRS,1.018442
19948,1,2,WALKING_UPSTAIRS,0.9664245
19949,1,2,WALKING_UPSTAIRS,0.8996434
19950,1,2,WALKING_UPSTAIRS,0.878041
19951,1,2,WALKING_UPSTAIRS,0.7999744
19952,1,2,WALKING_UPSTAIRS,0.7711562
19953,1,2,WALKING_UPSTAIRS,0.777493
19954,1,2,WALKING_UPSTAIRS,0.7652248
19955,1,2,WALKING_UPSTAIRS,0.797133
19956,1,2,WALKING_UPSTAIRS,0.8011156
19957,1,2,WALKING_UPSTAIRS,0.8127737
19958,1,2,WALKING_UPSTAIRS,0.8178744
19959,1,2,WALKING_UPSTAIRS,0.7953672
19960,1,2,WALKING_UPSTAIRS,0.7992697
19961,1,2,WALKING_UPSTAIRS,0.778608
19962,1,2,WALKING_UPSTAIRS,0.7967301
19963,1,2,WALKING_UPSTAIRS,0.8678177
19964,1,2,WALKING_UPSTAIRS,0.9185173
19965,1,2,WALKING_UPSTAIRS,0.9512842
19966,1,2,WALKING_UPSTAIRS,1.009025
19967,1,2,WALKING_UPSTAIRS,1.159339
19968,1,2,WALKING_UPSTAIRS,1.541567
19969,1,2,WALKING_UPSTAIRS,1.43352
19970,1,2,WALKING_UPSTAIRS,1.192752
19971,1,2,WALKING_UPSTAIRS,1.052655
19972,1,2,WALKING_UPSTAIRS,1.013998
19973,1,2,WALKING_UPSTAIRS,1.004964
19974,1,2,WALKING_UPSTAIRS,1.007542
19975,1,2,WALKING_UPSTAIRS,0.9486382
19976,1,2,WALKING_UPSTAIRS,0.8845978
19977,1,2,WALKING_UPSTAIRS,0.8889305
19978,1,2,WALKING_UPSTAIRS,0.9326158
19979,1,2,WALKING_UPSTAIRS,0.9692289
19980,1,2,WALKING_UPSTAIRS,0.9464202
19981,1,2,WALKING_UPSTAIRS,0.9041422
19982,1,2,WALKING_UPSTAIRS,0.8709248
19983,1,2,WALKING_UPSTAIRS,0.7772629
19984,1,2,WALKING_UPSTAIRS,0.6384742
19985,1,2,WALKING_UPSTAIRS,0.5672415
19986,1,2,WALKING_UPSTAIRS,0.5823378
19987,1,2,WALKING_UPSTAIRS,0.5717428
19988,1,2,WALKING_UPSTAIRS,0.5633369
19989,1,2,WALKING_UPSTAIRS,0.6324974
19990,1,2,WALKING_UPSTAIRS,0.6980578
19991,1,2,WALKING_UPSTAIRS,0.7806278
19992,1,2,WALKING_UPSTAIRS,0.88112
19993,1,2,WALKING_UPSTAIRS,0.9379499
19994,1,2,WALKING_UPSTAIRS,1.024364
19995,1,2,WALKING_UPSTAIRS,1.112113
19996,1,2,WALKING_UPSTAIRS,1.152481
19997,1,2,WALKING_UPSTAIRS,1.197765
19998,1,2,WALKING_UPSTAIRS,1.283967
19999,1,2,WALKING_UPSTAIRS,1.410098
20000,1,2,WALKING_UPSTAIRS,1.444592
20001,1,2,WALKING_UPSTAIRS,1.308539
20002,1,2,WALKING_UPSTAIRS,1.061346
20003,1,2,WALKING_UPSTAIRS,0.8199451
20004,1,2,WALKING_UPSTAIRS,0.7761897
20005,1,2,WALKING_UPSTAIRS,0.8962613
20006,1,2,WALKING_UPSTAIRS,0.979524
20007,1,2,WALKING_UPSTAIRS,1.004626
20008,1,2,WALKING_UPSTAIRS,0.9884126
20009,1,2,WALKING_UPSTAIRS,0.9464539
20010,1,2,WALKING_UPSTAIRS,0.918171
20011,1,2,WALKING_UPSTAIRS,0.8791313
20012,1,2,WALKING_UPSTAIRS,0.8978178
20013,1,2,WALKING_UPSTAIRS,0.9625744
20014,1,2,WALKING_UPSTAIRS,0.926942
20015,1,2,WALKING_UPSTAIRS,0.8693044
20016,1,2,WALKING_UPSTAIRS,0.7969437
20017,1,2,WALKING_UPSTAIRS,0.6541578
20018,1,2,WALKING_UPSTAIRS,0.5938155
20019,1,2,WALKING_UPSTAIRS,0.5914745
20020,1,2,WALKING_UPSTAIRS,0.6199445
20021,1,2,WALKING_UPSTAIRS,0.72129
20022,1,2,WALKING_UPSTAIRS,0.7903462
20023,1,2,WALKING_UPSTAIRS,0.8980104
20024,1,2,WALKING_UPSTAIRS,1.057447
20025,1,2,WALKING_UPSTAIRS,1.098958
20026,1,2,WALKING_UPSTAIRS,1.121466
20027,1,2,WALKING_UPSTAIRS,1.230021
20028,1,2,WALKING_UPSTAIRS,1.235505
20029,1,2,WALKING_UPSTAIRS,1.208222
20030,1,2,WALKING_UPSTAIRS,1.367261
20031,1,2,WALKING_UPSTAIRS,1.443979
20032,1,2,WALKING_UPSTAIRS,1.323192
20033,1,2,WALKING_UPSTAIRS,1.197344
20034,1,2,WALKING_UPSTAIRS,1.073606
20035,1,2,WALKING_UPSTAIRS,1.061698
20036,1,2,WALKING_UPSTAIRS,1.100135
20037,1,2,WALKING_UPSTAIRS,1.041761
20038,1,2,WALKING_UPSTAIRS,1.003557
20039,1,2,WALKING_UPSTAIRS,0.9408188
20040,1,2,WALKING_UPSTAIRS,0.8739517
20041,1,2,WALKING_UPSTAIRS,0.9632622
20042,1,2,WALKING_UPSTAIRS,1.091555
20043,1,2,WALKING_UPSTAIRS,1.071187
20044,1,2,WALKING_UPSTAIRS,0.9572191
20045,1,2,WALKING_UPSTAIRS,0.8405145
20046,1,2,WALKING_UPSTAIRS,0.7212583
20047,1,2,WALKING_UPSTAIRS,0.6740835
20048,1,2,WALKING_UPSTAIRS,0.6197557
20049,1,2,WALKING_UPSTAIRS,0.5323505
20050,1,2,WALKING_UPSTAIRS,0.5566154
20051,1,2,WALKING_UPSTAIRS,0.5682093
20052,1,2,WALKING_UPSTAIRS,0.5784378
20053,1,2,WALKING_UPSTAIRS,0.6668553
20054,1,2,WALKING_UPSTAIRS,0.736332
20055,1,2,WALKING_UPSTAIRS,0.8685033
20056,1,2,WALKING_UPSTAIRS,0.9964038
20057,1,2,WALKING_UPSTAIRS,1.053473
20058,1,2,WALKING_UPSTAIRS,1.167346
20059,1,2,WALKING_UPSTAIRS,1.253931
20060,1,2,WALKING_UPSTAIRS,1.281908
20061,1,2,WALKING_UPSTAIRS,1.347001
20062,1,2,WALKING_UPSTAIRS,1.389376
20063,1,2,WALKING_UPSTAIRS,1.276281
20064,1,2,WALKING_UPSTAIRS,1.024296
20065,1,2,WALKING_UPSTAIRS,0.8217698
20066,1,2,WALKING_UPSTAIRS,0.7755874
20067,1,2,WALKING_UPSTAIRS,0.8805401
20068,1,2,WALKING_UPSTAIRS,1.041449
20069,1,2,WALKING_UPSTAIRS,1.123719
20070,1,2,WALKING_UPSTAIRS,1.117833
20071,1,2,WALKING_UPSTAIRS,1.038993
20072,1,2,WALKING_UPSTAIRS,0.9488038
20073,1,2,WALKING_UPSTAIRS,0.9222789
20074,1,2,WALKING_UPSTAIRS,0.9238174
20075,1,2,WALKING_UPSTAIRS,0.9210231
20076,1,2,WALKING_UPSTAIRS,0.8653204
20077,1,2,WALKING_UPSTAIRS,0.7524764
20078,1,2,WALKING_UPSTAIRS,0.6500629
20079,1,2,WALKING_UPSTAIRS,0.5910654
20080,1,2,WALKING_UPSTAIRS,0.5950428
20081,1,2,WALKING_UPSTAIRS,0.6376408
20082,1,2,WALKING_UPSTAIRS,0.6876321
20083,1,2,WALKING_UPSTAIRS,0.7113369
20084,1,2,WALKING_UPSTAIRS,0.7289025
20085,1,2,WALKING_UPSTAIRS,0.8337688
20086,1,2,WALKING_UPSTAIRS,1.035067
20087,1,2,WALKING_UPSTAIRS,1.274509
20088,1,2,WALKING_UPSTAIRS,1.407469
20089,1,2,WALKING_UPSTAIRS,1.393696
20090,1,2,WALKING_UPSTAIRS,1.322221
20091,1,2,WALKING_UPSTAIRS,1.232453
20092,1,2,WALKING_UPSTAIRS,1.305704
20093,1,2,WALKING_UPSTAIRS,1.435055
20094,1,2,WALKING_UPSTAIRS,1.342936
20095,1,2,WALKING_UPSTAIRS,1.161316
20096,1,2,WALKING_UPSTAIRS,0.9230519
20097,1,2,WALKING_UPSTAIRS,0.8032999
20098,1,2,WALKING_UPSTAIRS,0.9759005
20099,1,2,WALKING_UPSTAIRS,1.062618
20100,1,2,WALKING_UPSTAIRS,1.060127
20101,1,2,WALKING_UPSTAIRS,1.087152
20102,1,2,WALKING_UPSTAIRS,1.018236
20103,1,2,WALKING_UPSTAIRS,0.9943785
20104,1,2,WALKING_UPSTAIRS,0.9574764
20105,1,2,WALKING_UPSTAIRS,0.8749324
20106,1,2,WALKING_UPSTAIRS,0.8507066
20107,1,2,WALKING_UPSTAIRS,0.7749244
20108,1,2,WALKING_UPSTAIRS,0.6865552
20109,1,2,WALKING_UPSTAIRS,0.5981674
20110,1,2,WALKING_UPSTAIRS,0.5439464
20111,1,2,WALKING_UPSTAIRS,0.5896868
20112,1,2,WALKING_UPSTAIRS,0.5913073
20113,1,2,WALKING_UPSTAIRS,0.5974556
20114,1,2,WALKING_UPSTAIRS,0.6605447
20115,1,2,WALKING_UPSTAIRS,0.7467663
20116,1,2,WALKING_UPSTAIRS,0.8870064
20117,1,2,WALKING_UPSTAIRS,0.9595237
20118,1,2,WALKING_UPSTAIRS,0.9912985
20119,1,2,WALKING_UPSTAIRS,1.080783
20120,1,2,WALKING_UPSTAIRS,1.136804
20121,1,2,WALKING_UPSTAIRS,1.191509
20122,1,2,WALKING_UPSTAIRS,1.316342
20123,1,2,WALKING_UPSTAIRS,1.396824
20124,1,2,WALKING_UPSTAIRS,1.344085
20125,1,2,WALKING_UPSTAIRS,1.170287
20126,1,2,WALKING_UPSTAIRS,0.9034719
20127,1,2,WALKING_UPSTAIRS,0.7754887
20128,1,2,WALKING_UPSTAIRS,0.8867402
20129,1,2,WALKING_UPSTAIRS,0.9683789
20130,1,2,WALKING_UPSTAIRS,1.041355
20131,1,2,WALKING_UPSTAIRS,1.112396
20132,1,2,WALKING_UPSTAIRS,1.010621
20133,1,2,WALKING_UPSTAIRS,0.942725
20134,1,2,WALKING_UPSTAIRS,0.9202688
20135,1,2,WALKING_UPSTAIRS,0.8669307
20136,1,2,WALKING_UPSTAIRS,0.9071666
20137,1,2,WALKING_UPSTAIRS,0.9080338
20138,1,2,WALKING_UPSTAIRS,0.883929
20139,1,2,WALKING_UPSTAIRS,0.8601269
20140,1,2,WALKING_UPSTAIRS,0.7441653
20141,1,2,WALKING_UPSTAIRS,0.6886612
20142,1,2,WALKING_UPSTAIRS,0.6809157
20143,1,2,WALKING_UPSTAIRS,0.7036849
20144,1,2,WALKING_UPSTAIRS,0.7947052
20145,1,2,WALKING_UPSTAIRS,0.8137106
20146,1,2,WALKING_UPSTAIRS,0.8118135
20147,1,2,WALKING_UPSTAIRS,0.8542194
20148,1,2,WALKING_UPSTAIRS,0.9189979
20149,1,2,WALKING_UPSTAIRS,1.01759
20150,1,2,WALKING_UPSTAIRS,1.068429
20151,1,2,WALKING_UPSTAIRS,1.090461
20152,1,2,WALKING_UPSTAIRS,1.159602
20153,1,2,WALKING_UPSTAIRS,1.262304
20154,1,2,WALKING_UPSTAIRS,1.35797
20155,1,2,WALKING_UPSTAIRS,1.357071
20156,1,2,WALKING_UPSTAIRS,1.224192
20157,1,2,WALKING_UPSTAIRS,1.045575
20158,1,2,WALKING_UPSTAIRS,0.9746933
20159,1,2,WALKING_UPSTAIRS,1.043793
20160,1,2,WALKING_UPSTAIRS,1.086418
20161,1,2,WALKING_UPSTAIRS,1.059963
20162,1,2,WALKING_UPSTAIRS,1.0092
20163,1,2,WALKING_UPSTAIRS,0.929556
20164,1,2,WALKING_UPSTAIRS,0.9509007
20165,1,2,WALKING_UPSTAIRS,1.063028
20166,1,2,WALKING_UPSTAIRS,1.100574
20167,1,2,WALKING_UPSTAIRS,1.070189
20168,1,2,WALKING_UPSTAIRS,0.9753999
20169,1,2,WALKING_UPSTAIRS,0.8705434
20170,1,2,WALKING_UPSTAIRS,0.8298605
20171,1,2,WALKING_UPSTAIRS,0.7663859
20172,1,2,WALKING_UPSTAIRS,0.6966374
20173,1,2,WALKING_UPSTAIRS,0.6887265
20174,1,2,WALKING_UPSTAIRS,0.7014076
20175,1,2,WALKING_UPSTAIRS,0.6821161
20176,1,2,WALKING_UPSTAIRS,0.6588507
20177,1,2,WALKING_UPSTAIRS,0.6681002
20178,1,2,WALKING_UPSTAIRS,0.663599
20179,1,2,WALKING_UPSTAIRS,0.6920839
20180,1,2,WALKING_UPSTAIRS,0.7634586
20181,1,2,WALKING_UPSTAIRS,0.8322598
20182,1,2,WALKING_UPSTAIRS,0.9462014
20183,1,2,WALKING_UPSTAIRS,1.046468
20184,1,2,WALKING_UPSTAIRS,1.111961
20185,1,2,WALKING_UPSTAIRS,1.160574
20186,1,2,WALKING_UPSTAIRS,1.172839
20187,1,2,WALKING_UPSTAIRS,1.246964
20188,1,2,WALKING_UPSTAIRS,1.348549
20189,1,2,WALKING_UPSTAIRS,1.328015
20190,1,2,WALKING_UPSTAIRS,1.128626
20191,1,2,WALKING_UPSTAIRS,0.8065186
20192,1,2,WALKING_UPSTAIRS,0.5954062
20193,1,2,WALKING_UPSTAIRS,0.6078909
20194,1,2,WALKING_UPSTAIRS,0.7181907
20195,1,2,WALKING_UPSTAIRS,0.8984468
20196,1,2,WALKING_UPSTAIRS,1.107613
20197,1,2,WALKING_UPSTAIRS,1.152544
20198,1,2,WALKING_UPSTAIRS,1.024775
20199,1,2,WALKING_UPSTAIRS,0.9152447
20200,1,2,WALKING_UPSTAIRS,0.9173262
20201,1,2,WALKING_UPSTAIRS,0.9585788
20202,1,2,WALKING_UPSTAIRS,0.9453519
20203,1,2,WALKING_UPSTAIRS,0.8703975
20204,1,2,WALKING_UPSTAIRS,0.7713555
20205,1,2,WALKING_UPSTAIRS,0.7433732
20206,1,2,WALKING_UPSTAIRS,0.7768094
20207,1,2,WALKING_UPSTAIRS,0.7602189
20208,1,2,WALKING_UPSTAIRS,0.7613753
20209,1,2,WALKING_UPSTAIRS,0.7954938
20210,1,2,WALKING_UPSTAIRS,0.8168119
20211,1,2,WALKING_UPSTAIRS,0.8953346
20212,1,2,WALKING_UPSTAIRS,0.9745665
20213,1,2,WALKING_UPSTAIRS,0.9805776
20214,1,2,WALKING_UPSTAIRS,0.931303
20215,1,2,WALKING_UPSTAIRS,0.8896827
20216,1,2,WALKING_UPSTAIRS,0.9317422
20217,1,2,WALKING_UPSTAIRS,0.9815439
20218,1,2,WALKING_UPSTAIRS,1.001096
20219,1,2,WALKING_UPSTAIRS,1.04727
20220,1,2,WALKING_UPSTAIRS,1.087389
20221,1,2,WALKING_UPSTAIRS,1.107142
20222,1,2,WALKING_UPSTAIRS,1.194735
20223,1,2,WALKING_UPSTAIRS,1.353424
20224,1,2,WALKING_UPSTAIRS,1.382763
20225,1,2,WALKING_UPSTAIRS,1.32144
20226,1,2,WALKING_UPSTAIRS,1.364402
20227,1,2,WALKING_UPSTAIRS,1.352701
20228,1,2,WALKING_UPSTAIRS,1.241728
20229,1,2,WALKING_UPSTAIRS,1.144839
20230,1,2,WALKING_UPSTAIRS,1.071673
20231,1,2,WALKING_UPSTAIRS,1.101919
20232,1,2,WALKING_UPSTAIRS,1.118475
20233,1,2,WALKING_UPSTAIRS,1.093148
20234,1,2,WALKING_UPSTAIRS,1.143192
20235,1,2,WALKING_UPSTAIRS,1.13249
20236,1,2,WALKING_UPSTAIRS,1.098332
20237,1,2,WALKING_UPSTAIRS,1.022087
20238,1,2,WALKING_UPSTAIRS,0.7742037
20239,1,2,WALKING_UPSTAIRS,0.621754
20240,1,2,WALKING_UPSTAIRS,0.6539499
20241,1,2,WALKING_UPSTAIRS,0.6534537
20242,1,2,WALKING_UPSTAIRS,0.5989757
20243,1,2,WALKING_UPSTAIRS,0.5713382
20244,1,2,WALKING_UPSTAIRS,0.5695037
20245,1,2,WALKING_UPSTAIRS,0.5839037
20246,1,2,WALKING_UPSTAIRS,0.6404061
20247,1,2,WALKING_UPSTAIRS,0.6994099
20248,1,2,WALKING_UPSTAIRS,0.7530286
20249,1,2,WALKING_UPSTAIRS,0.8157391
20250,1,2,WALKING_UPSTAIRS,0.8761446
20251,1,2,WALKING_UPSTAIRS,0.9790152
20252,1,2,WALKING_UPSTAIRS,1.08432
20253,1,2,WALKING_UPSTAIRS,1.160276
20254,1,2,WALKING_UPSTAIRS,1.22433
20255,1,2,WALKING_UPSTAIRS,1.310664
20256,1,2,WALKING_UPSTAIRS,1.46017
20257,1,2,WALKING_UPSTAIRS,1.449264
20258,1,2,WALKING_UPSTAIRS,1.15714
20259,1,2,WALKING_UPSTAIRS,0.8352564
20260,1,2,WALKING_UPSTAIRS,0.7249332
20261,1,2,WALKING_UPSTAIRS,0.848502
20262,1,2,WALKING_UPSTAIRS,0.9713097
20263,1,2,WALKING_UPSTAIRS,1.032753
20264,1,2,WALKING_UPSTAIRS,1.078878
20265,1,2,WALKING_UPSTAIRS,0.9795967
20266,1,2,WALKING_UPSTAIRS,0.8801985
20267,1,2,WALKING_UPSTAIRS,0.8317972
20268,1,2,WALKING_UPSTAIRS,0.735996
20269,1,2,WALKING_UPSTAIRS,0.7131588
20270,1,2,WALKING_UPSTAIRS,0.6765052
20271,1,2,WALKING_UPSTAIRS,0.6511218
20272,1,2,WALKING_UPSTAIRS,0.7207817
20273,1,2,WALKING_UPSTAIRS,0.7498579
20274,1,2,WALKING_UPSTAIRS,0.7815432
20275,1,2,WALKING_UPSTAIRS,0.7702083
20276,1,2,WALKING_UPSTAIRS,0.7272406
20277,1,2,WALKING_UPSTAIRS,0.7584314
20278,1,2,WALKING_UPSTAIRS,0.803311
20279,1,2,WALKING_UPSTAIRS,0.9434432
20280,1,2,WALKING_UPSTAIRS,1.127117
20281,1,2,WALKING_UPSTAIRS,1.23819
20282,1,2,WALKING_UPSTAIRS,1.283225
20283,1,2,WALKING_UPSTAIRS,1.214854
20284,1,2,WALKING_UPSTAIRS,1.198066
20285,1,2,WALKING_UPSTAIRS,1.338919
20286,1,2,WALKING_UPSTAIRS,1.504362
20287,1,2,WALKING_UPSTAIRS,1.536908
20288,1,2,WALKING_UPSTAIRS,1.313417
20289,1,2,WALKING_UPSTAIRS,1.026305
20290,1,2,WALKING_UPSTAIRS,0.9346482
20291,1,2,WALKING_UPSTAIRS,0.9828953
20292,1,2,WALKING_UPSTAIRS,1.027484
20293,1,2,WALKING_UPSTAIRS,1.040318
20294,1,2,WALKING_UPSTAIRS,1.02981
20295,1,2,WALKING_UPSTAIRS,0.9865375
20296,1,2,WALKING_UPSTAIRS,0.9833594
20297,1,2,WALKING_UPSTAIRS,1.006089
20298,1,2,WALKING_UPSTAIRS,0.9636873
20299,1,2,WALKING_UPSTAIRS,0.8587713
20300,1,2,WALKING_UPSTAIRS,0.7016041
20301,1,2,WALKING_UPSTAIRS,0.6506709
20302,1,2,WALKING_UPSTAIRS,0.6968968
20303,1,2,WALKING_UPSTAIRS,0.6307782
20304,1,2,WALKING_UPSTAIRS,0.6030601
20305,1,2,WALKING_UPSTAIRS,0.6643693
20306,1,2,WALKING_UPSTAIRS,0.6939437
20307,1,2,WALKING_UPSTAIRS,0.7564388
20308,1,2,WALKING_UPSTAIRS,0.7788174
20309,1,2,WALKING_UPSTAIRS,0.7410468
20310,1,2,WALKING_UPSTAIRS,0.7429955
20311,1,2,WALKING_UPSTAIRS,0.7788671
20312,1,2,WALKING_UPSTAIRS,0.8511528
20313,1,2,WALKING_UPSTAIRS,0.9220978
20314,1,2,WALKING_UPSTAIRS,0.9850353
20315,1,2,WALKING_UPSTAIRS,1.068467
20316,1,2,WALKING_UPSTAIRS,1.142209
20317,1,2,WALKING_UPSTAIRS,1.188579
20318,1,2,WALKING_UPSTAIRS,1.189073
20319,1,2,WALKING_UPSTAIRS,1.19417
20320,1,2,WALKING_UPSTAIRS,1.258158
20321,1,2,WALKING_UPSTAIRS,1.353166
20322,1,2,WALKING_UPSTAIRS,1.419544
20323,1,2,WALKING_UPSTAIRS,1.365693
20324,1,2,WALKING_UPSTAIRS,1.198772
20325,1,2,WALKING_UPSTAIRS,0.9637246
20326,1,2,WALKING_UPSTAIRS,0.766985
20327,1,2,WALKING_UPSTAIRS,0.77337
20328,1,2,WALKING_UPSTAIRS,0.8417876
20329,1,2,WALKING_UPSTAIRS,0.8595955
20330,1,2,WALKING_UPSTAIRS,0.9193638
20331,1,2,WALKING_UPSTAIRS,0.9372782
20332,1,2,WALKING_UPSTAIRS,0.9054182
20333,1,2,WALKING_UPSTAIRS,0.8865114
20334,1,2,WALKING_UPSTAIRS,0.8578121
20335,1,2,WALKING_UPSTAIRS,0.8444116
20336,1,2,WALKING_UPSTAIRS,0.8278118
20337,1,2,WALKING_UPSTAIRS,0.8243268
20338,1,2,WALKING_UPSTAIRS,0.827529
20339,1,2,WALKING_UPSTAIRS,0.8029107
20340,1,2,WALKING_UPSTAIRS,0.7931493
20341,1,2,WALKING_UPSTAIRS,0.7580368
20342,1,2,WALKING_UPSTAIRS,0.7218234
20343,1,2,WALKING_UPSTAIRS,0.7437996
20344,1,2,WALKING_UPSTAIRS,0.7822947
20345,1,2,WALKING_UPSTAIRS,0.832588
20346,1,2,WALKING_UPSTAIRS,0.8750373
20347,1,2,WALKING_UPSTAIRS,0.9235665
20348,1,2,WALKING_UPSTAIRS,0.9889927
20349,1,2,WALKING_UPSTAIRS,1.004039
20350,1,2,WALKING_UPSTAIRS,0.9921339
20351,1,2,WALKING_UPSTAIRS,1.005012
20352,1,2,WALKING_UPSTAIRS,1.030782
20353,1,2,WALKING_UPSTAIRS,1.083305
20354,1,2,WALKING_UPSTAIRS,1.195688
20355,1,2,WALKING_UPSTAIRS,1.308744
20356,1,2,WALKING_UPSTAIRS,1.342321
20357,1,2,WALKING_UPSTAIRS,1.329944
20358,1,2,WALKING_UPSTAIRS,1.270287
20359,1,2,WALKING_UPSTAIRS,1.156225
20360,1,2,WALKING_UPSTAIRS,1.107738
20361,1,2,WALKING_UPSTAIRS,1.139432
20362,1,2,WALKING_UPSTAIRS,1.136662
20363,1,2,WALKING_UPSTAIRS,1.066035
20364,1,2,WALKING_UPSTAIRS,0.9282812
20365,1,2,WALKING_UPSTAIRS,0.7934235
20366,1,2,WALKING_UPSTAIRS,0.8338679
20367,1,2,WALKING_UPSTAIRS,0.9997447
20368,1,2,WALKING_UPSTAIRS,1.086782
20369,1,2,WALKING_UPSTAIRS,1.057265
20370,1,2,WALKING_UPSTAIRS,0.913679
20371,1,2,WALKING_UPSTAIRS,0.7727325
20372,1,2,WALKING_UPSTAIRS,0.7959668
20373,1,2,WALKING_UPSTAIRS,0.8998414
20374,1,2,WALKING_UPSTAIRS,0.9999846
20375,1,2,WALKING_UPSTAIRS,1.027466
20376,1,2,WALKING_UPSTAIRS,0.899694
20377,1,2,WALKING_UPSTAIRS,0.7342839
20378,1,2,WALKING_UPSTAIRS,0.6656881
20379,1,2,WALKING_UPSTAIRS,0.6475822
20380,1,2,WALKING_UPSTAIRS,0.6053112
20381,1,2,WALKING_UPSTAIRS,0.6543884
20382,1,2,WALKING_UPSTAIRS,0.7687203
20383,1,2,WALKING_UPSTAIRS,0.7395826
20384,1,2,WALKING_UPSTAIRS,0.7244263
20385,1,2,WALKING_UPSTAIRS,0.8370962
20386,1,2,WALKING_UPSTAIRS,0.9456896
20387,1,2,WALKING_UPSTAIRS,1.077572
20388,1,2,WALKING_UPSTAIRS,1.169941
20389,1,2,WALKING_UPSTAIRS,1.210066
20390,1,2,WALKING_UPSTAIRS,1.291494
20391,1,2,WALKING_UPSTAIRS,1.353961
20392,1,2,WALKING_UPSTAIRS,1.456182
20393,1,2,WALKING_UPSTAIRS,1.530217
20394,1,2,WALKING_UPSTAIRS,1.354642
20395,1,2,WALKING_UPSTAIRS,1.004205
20396,1,2,WALKING_UPSTAIRS,0.6949077
20397,1,2,WALKING_UPSTAIRS,0.6700803
20398,1,2,WALKING_UPSTAIRS,0.8840091
20399,1,2,WALKING_UPSTAIRS,1.008924
20400,1,2,WALKING_UPSTAIRS,1.0134
20401,1,2,WALKING_UPSTAIRS,0.9389026
20402,1,2,WALKING_UPSTAIRS,0.8241332
20403,1,2,WALKING_UPSTAIRS,0.8046407
20404,1,2,WALKING_UPSTAIRS,0.8208912
20405,1,2,WALKING_UPSTAIRS,0.8527503
20406,1,2,WALKING_UPSTAIRS,0.9049811
20407,1,2,WALKING_UPSTAIRS,0.8793379
20408,1,2,WALKING_UPSTAIRS,0.8391142
20409,1,2,WALKING_UPSTAIRS,0.8003951
20410,1,2,WALKING_UPSTAIRS,0.6777653
20411,1,2,WALKING_UPSTAIRS,0.5663767
20412,1,2,WALKING_UPSTAIRS,0.6227497
20413,1,2,WALKING_UPSTAIRS,0.7720522
20414,1,2,WALKING_UPSTAIRS,0.8568458
20415,1,2,WALKING_UPSTAIRS,0.9155747
20416,1,2,WALKING_UPSTAIRS,0.9385435
20417,1,2,WALKING_UPSTAIRS,0.9690736
20418,1,2,WALKING_UPSTAIRS,1.119457
20419,1,2,WALKING_UPSTAIRS,1.20759
20420,1,2,WALKING_UPSTAIRS,1.230989
20421,1,2,WALKING_UPSTAIRS,1.316347
20422,1,2,WALKING_UPSTAIRS,1.375656
20423,1,2,WALKING_UPSTAIRS,1.40421
20424,1,2,WALKING_UPSTAIRS,1.322663
20425,1,2,WALKING_UPSTAIRS,1.157711
20426,1,2,WALKING_UPSTAIRS,1.081607
20427,1,2,WALKING_UPSTAIRS,1.070992
20428,1,2,WALKING_UPSTAIRS,1.115673
20429,1,2,WALKING_UPSTAIRS,1.119941
20430,1,2,WALKING_UPSTAIRS,1.007652
20431,1,2,WALKING_UPSTAIRS,0.8829038
20432,1,2,WALKING_UPSTAIRS,0.8443572
20433,1,2,WALKING_UPSTAIRS,0.9503447
20434,1,2,WALKING_UPSTAIRS,1.011559
20435,1,2,WALKING_UPSTAIRS,0.9208761
20436,1,2,WALKING_UPSTAIRS,0.8267847
20437,1,2,WALKING_UPSTAIRS,0.7470063
20438,1,2,WALKING_UPSTAIRS,0.6487433
20439,1,2,WALKING_UPSTAIRS,0.5229141
20440,1,2,WALKING_UPSTAIRS,0.497247
20441,1,2,WALKING_UPSTAIRS,0.5983727
20442,1,2,WALKING_UPSTAIRS,0.6212688
20443,1,2,WALKING_UPSTAIRS,0.6473641
20444,1,2,WALKING_UPSTAIRS,0.7146038
20445,1,2,WALKING_UPSTAIRS,0.7361056
20446,1,2,WALKING_UPSTAIRS,0.8591708
20447,1,2,WALKING_UPSTAIRS,1.028189
20448,1,2,WALKING_UPSTAIRS,1.081411
20449,1,2,WALKING_UPSTAIRS,1.095491
20450,1,2,WALKING_UPSTAIRS,1.158765
20451,1,2,WALKING_UPSTAIRS,1.194087
20452,1,2,WALKING_UPSTAIRS,1.219093
20453,1,2,WALKING_UPSTAIRS,1.39754
20454,1,2,WALKING_UPSTAIRS,1.453236
20455,1,2,WALKING_UPSTAIRS,1.127042
20456,1,2,WALKING_UPSTAIRS,0.7705799
20457,1,2,WALKING_UPSTAIRS,0.7079578
20458,1,2,WALKING_UPSTAIRS,0.8952114
20459,1,2,WALKING_UPSTAIRS,1.030784
20460,1,2,WALKING_UPSTAIRS,1.051854
20461,1,2,WALKING_UPSTAIRS,1.083879
20462,1,2,WALKING_UPSTAIRS,1.000598
20463,1,2,WALKING_UPSTAIRS,0.8979599
20464,1,2,WALKING_UPSTAIRS,0.8854245
20465,1,2,WALKING_UPSTAIRS,0.8617001
20466,1,2,WALKING_UPSTAIRS,0.8534026
20467,1,2,WALKING_UPSTAIRS,0.8423918
20468,1,2,WALKING_UPSTAIRS,0.8271059
20469,1,2,WALKING_UPSTAIRS,0.784004
20470,1,2,WALKING_UPSTAIRS,0.6946436
20471,1,2,WALKING_UPSTAIRS,0.6471636
20472,1,2,WALKING_UPSTAIRS,0.6281069
20473,1,2,WALKING_UPSTAIRS,0.6263981
20474,1,2,WALKING_UPSTAIRS,0.6471069
20475,1,2,WALKING_UPSTAIRS,0.7148187
20476,1,2,WALKING_UPSTAIRS,0.832142
20477,1,2,WALKING_UPSTAIRS,0.9447049
20478,1,2,WALKING_UPSTAIRS,1.094774
20479,1,2,WALKING_UPSTAIRS,1.227701
20480,1,2,WALKING_UPSTAIRS,1.268553
20481,1,2,WALKING_UPSTAIRS,1.269574
20482,1,2,WALKING_UPSTAIRS,1.281695
20483,1,2,WALKING_UPSTAIRS,1.345463
20484,1,2,WALKING_UPSTAIRS,1.392345
20485,1,2,WALKING_UPSTAIRS,1.353969
20486,1,2,WALKING_UPSTAIRS,1.240618
20487,1,2,WALKING_UPSTAIRS,1.087494
20488,1,2,WALKING_UPSTAIRS,0.9966977
20489,1,2,WALKING_UPSTAIRS,0.9773337
20490,1,2,WALKING_UPSTAIRS,0.9796181
20491,1,2,WALKING_UPSTAIRS,0.9901788
20492,1,2,WALKING_UPSTAIRS,0.9716233
20493,1,2,WALKING_UPSTAIRS,0.9586906
20494,1,2,WALKING_UPSTAIRS,0.9879672
20495,1,2,WALKING_UPSTAIRS,1.000002
20496,1,2,WALKING_UPSTAIRS,0.9635386
20497,1,2,WALKING_UPSTAIRS,0.877658
20498,1,2,WALKING_UPSTAIRS,0.759792
20499,1,2,WALKING_UPSTAIRS,0.6793003
20500,1,2,WALKING_UPSTAIRS,0.6416213
20501,1,2,WALKING_UPSTAIRS,0.5786309
20502,1,2,WALKING_UPSTAIRS,0.5149919
20503,1,2,WALKING_UPSTAIRS,0.5627377
20504,1,2,WALKING_UPSTAIRS,0.6696213
20505,1,2,WALKING_UPSTAIRS,0.6901288
20506,1,2,WALKING_UPSTAIRS,0.6943244
20507,1,2,WALKING_UPSTAIRS,0.7318984
20508,1,2,WALKING_UPSTAIRS,0.7775769
20509,1,2,WALKING_UPSTAIRS,0.9180354
20510,1,2,WALKING_UPSTAIRS,1.072985
20511,1,2,WALKING_UPSTAIRS,1.156288
20512,1,2,WALKING_UPSTAIRS,1.232813
20513,1,2,WALKING_UPSTAIRS,1.271504
20514,1,2,WALKING_UPSTAIRS,1.312464
20515,1,2,WALKING_UPSTAIRS,1.425241
20516,1,2,WALKING_UPSTAIRS,1.478186
20517,1,2,WALKING_UPSTAIRS,1.247906
20518,1,2,WALKING_UPSTAIRS,0.8440689
20519,1,2,WALKING_UPSTAIRS,0.7206895
20520,1,2,WALKING_UPSTAIRS,0.8455501
20521,1,2,WALKING_UPSTAIRS,0.9383592
20522,1,2,WALKING_UPSTAIRS,1.062394
20523,1,2,WALKING_UPSTAIRS,1.086379
20524,1,2,WALKING_UPSTAIRS,0.9556937
20525,1,2,WALKING_UPSTAIRS,0.9044582
20526,1,2,WALKING_UPSTAIRS,0.8764679
20527,1,2,WALKING_UPSTAIRS,0.8281478
20528,1,2,WALKING_UPSTAIRS,0.8211135
20529,1,2,WALKING_UPSTAIRS,0.7977145
20530,1,2,WALKING_UPSTAIRS,0.7732746
20531,1,2,WALKING_UPSTAIRS,0.7375722
20532,1,2,WALKING_UPSTAIRS,0.6933549
20533,1,2,WALKING_UPSTAIRS,0.6626409
20534,1,2,WALKING_UPSTAIRS,0.6292093
20535,1,2,WALKING_UPSTAIRS,0.6715954
20536,1,2,WALKING_UPSTAIRS,0.7430787
20537,1,2,WALKING_UPSTAIRS,0.7902464
20538,1,2,WALKING_UPSTAIRS,0.8789574
20539,1,2,WALKING_UPSTAIRS,0.9812641
20540,1,2,WALKING_UPSTAIRS,1.094531
20541,1,2,WALKING_UPSTAIRS,1.176728
20542,1,2,WALKING_UPSTAIRS,1.217271
20543,1,2,WALKING_UPSTAIRS,1.256226
20544,1,2,WALKING_UPSTAIRS,0.9719443
20545,1,2,WALKING_UPSTAIRS,1.00451
20546,1,2,WALKING_UPSTAIRS,0.9934948
20547,1,2,WALKING_UPSTAIRS,0.9802246
20548,1,2,WALKING_UPSTAIRS,0.9034568
20549,1,2,WALKING_UPSTAIRS,0.8306125
20550,1,2,WALKING_UPSTAIRS,0.7847215
20551,1,2,WALKING_UPSTAIRS,0.6989091
20552,1,2,WALKING_UPSTAIRS,0.6721204
20553,1,2,WALKING_UPSTAIRS,0.6987426
20554,1,2,WALKING_UPSTAIRS,0.6936496
20555,1,2,WALKING_UPSTAIRS,0.6655153
20556,1,2,WALKING_UPSTAIRS,0.6498637
20557,1,2,WALKING_UPSTAIRS,0.6655372
20558,1,2,WALKING_UPSTAIRS,0.688594
20559,1,2,WALKING_UPSTAIRS,0.7463065
20560,1,2,WALKING_UPSTAIRS,0.8584181
20561,1,2,WALKING_UPSTAIRS,0.9472912
20562,1,2,WALKING_UPSTAIRS,0.9897859
20563,1,2,WALKING_UPSTAIRS,1.060935
20564,1,2,WALKING_UPSTAIRS,1.13675
20565,1,2,WALKING_UPSTAIRS,1.160869
20566,1,2,WALKING_UPSTAIRS,1.225435
20567,1,2,WALKING_UPSTAIRS,1.320668
20568,1,2,WALKING_UPSTAIRS,1.368544
20569,1,2,WALKING_UPSTAIRS,1.375032
20570,1,2,WALKING_UPSTAIRS,1.246918
20571,1,2,WALKING_UPSTAIRS,1.023459
20572,1,2,WALKING_UPSTAIRS,0.9054501
20573,1,2,WALKING_UPSTAIRS,0.8961986
20574,1,2,WALKING_UPSTAIRS,0.9417745
20575,1,2,WALKING_UPSTAIRS,0.9944935
20576,1,2,WALKING_UPSTAIRS,0.9397964
20577,1,2,WALKING_UPSTAIRS,0.8518028
20578,1,2,WALKING_UPSTAIRS,0.8541526
20579,1,2,WALKING_UPSTAIRS,0.9027377
20580,1,2,WALKING_UPSTAIRS,0.9803507
20581,1,2,WALKING_UPSTAIRS,1.022546
20582,1,2,WALKING_UPSTAIRS,0.9844111
20583,1,2,WALKING_UPSTAIRS,0.9320025
20584,1,2,WALKING_UPSTAIRS,0.8170567
20585,1,2,WALKING_UPSTAIRS,0.6854502
20586,1,2,WALKING_UPSTAIRS,0.6594299
20587,1,2,WALKING_UPSTAIRS,0.692123
20588,1,2,WALKING_UPSTAIRS,0.7243297
20589,1,2,WALKING_UPSTAIRS,0.7295634
20590,1,2,WALKING_UPSTAIRS,0.748181
20591,1,2,WALKING_UPSTAIRS,0.8198215
20592,1,2,WALKING_UPSTAIRS,0.9188154
20593,1,2,WALKING_UPSTAIRS,1.016936
20594,1,2,WALKING_UPSTAIRS,1.084759
20595,1,2,WALKING_UPSTAIRS,1.193464
20596,1,2,WALKING_UPSTAIRS,1.238748
20597,1,2,WALKING_UPSTAIRS,1.10912
20598,1,2,WALKING_UPSTAIRS,1.081299
20599,1,2,WALKING_UPSTAIRS,1.210601
20600,1,2,WALKING_UPSTAIRS,1.39193
20601,1,2,WALKING_UPSTAIRS,1.601991
20602,1,2,WALKING_UPSTAIRS,1.595089
20603,1,2,WALKING_UPSTAIRS,1.330285
20604,1,2,WALKING_UPSTAIRS,1.050069
20605,1,2,WALKING_UPSTAIRS,0.952511
20606,1,2,WALKING_UPSTAIRS,0.9716252
20607,1,2,WALKING_UPSTAIRS,0.935894
20608,1,2,WALKING_UPSTAIRS,0.9870166
20609,1,2,WALKING_UPSTAIRS,1.048899
20610,1,2,WALKING_UPSTAIRS,1.003459
20611,1,2,WALKING_UPSTAIRS,1.025914
20612,1,2,WALKING_UPSTAIRS,0.9991409
20613,1,2,WALKING_UPSTAIRS,0.9032135
20614,1,2,WALKING_UPSTAIRS,0.8111717
20615,1,2,WALKING_UPSTAIRS,0.6727093
20616,1,2,WALKING_UPSTAIRS,0.6082818
20617,1,2,WALKING_UPSTAIRS,0.5854078
20618,1,2,WALKING_UPSTAIRS,0.5822003
20619,1,2,WALKING_UPSTAIRS,0.6279111
20620,1,2,WALKING_UPSTAIRS,0.6565385
20621,1,2,WALKING_UPSTAIRS,0.7021298
20622,1,2,WALKING_UPSTAIRS,0.7102748
20623,1,2,WALKING_UPSTAIRS,0.7170298
20624,1,2,WALKING_UPSTAIRS,0.8181777
20625,1,2,WALKING_UPSTAIRS,0.9772477
20626,1,2,WALKING_UPSTAIRS,1.161409
20627,1,2,WALKING_UPSTAIRS,1.212197
20628,1,2,WALKING_UPSTAIRS,1.13343
20629,1,2,WALKING_UPSTAIRS,1.115391
20630,1,2,WALKING_UPSTAIRS,1.163959
20631,1,2,WALKING_UPSTAIRS,1.254099
20632,1,2,WALKING_UPSTAIRS,1.296863
20633,1,2,WALKING_UPSTAIRS,1.124901
20634,1,2,WALKING_UPSTAIRS,0.858937
20635,1,2,WALKING_UPSTAIRS,0.8154801
20636,1,2,WALKING_UPSTAIRS,0.944371
20637,1,2,WALKING_UPSTAIRS,1.016171
20638,1,2,WALKING_UPSTAIRS,1.0629
20639,1,2,WALKING_UPSTAIRS,1.046893
20640,1,2,WALKING_UPSTAIRS,0.9703161
20641,1,2,WALKING_UPSTAIRS,0.94221
20642,1,2,WALKING_UPSTAIRS,0.8765177
20643,1,2,WALKING_UPSTAIRS,0.834197
20644,1,2,WALKING_UPSTAIRS,0.8613672
20645,1,2,WALKING_UPSTAIRS,0.8458487
20646,1,2,WALKING_UPSTAIRS,0.8335335
20647,1,2,WALKING_UPSTAIRS,0.7945092
20648,1,2,WALKING_UPSTAIRS,0.7162504
20649,1,2,WALKING_UPSTAIRS,0.6807334
20650,1,2,WALKING_UPSTAIRS,0.6709261
20651,1,2,WALKING_UPSTAIRS,0.7046418
20652,1,2,WALKING_UPSTAIRS,0.7628027
20653,1,2,WALKING_UPSTAIRS,0.8220286
20654,1,2,WALKING_UPSTAIRS,0.9008541
20655,1,2,WALKING_UPSTAIRS,0.9551758
20656,1,2,WALKING_UPSTAIRS,1.036275
20657,1,2,WALKING_UPSTAIRS,1.168479
20658,1,2,WALKING_UPSTAIRS,1.2284
20659,1,2,WALKING_UPSTAIRS,1.229633
20660,1,2,WALKING_UPSTAIRS,1.263076
20661,1,2,WALKING_UPSTAIRS,1.33007
20662,1,2,WALKING_UPSTAIRS,1.417153
20663,1,2,WALKING_UPSTAIRS,1.400251
20664,1,2,WALKING_UPSTAIRS,1.248987
20665,1,2,WALKING_UPSTAIRS,1.115061
20666,1,2,WALKING_UPSTAIRS,1.006396
20667,1,2,WALKING_UPSTAIRS,0.98767
20668,1,2,WALKING_UPSTAIRS,1.032398
20669,1,2,WALKING_UPSTAIRS,0.9690772
20670,1,2,WALKING_UPSTAIRS,0.9111504
20671,1,2,WALKING_UPSTAIRS,0.8882678
20672,1,2,WALKING_UPSTAIRS,0.9073246
20673,1,2,WALKING_UPSTAIRS,1.009443
20674,1,2,WALKING_UPSTAIRS,1.01979
20675,1,2,WALKING_UPSTAIRS,0.9708939
20676,1,2,WALKING_UPSTAIRS,0.9081688
20677,1,2,WALKING_UPSTAIRS,0.8505125
20678,1,2,WALKING_UPSTAIRS,0.8735739
20679,1,2,WALKING_UPSTAIRS,0.8145337
20680,1,2,WALKING_UPSTAIRS,0.703374
20681,1,2,WALKING_UPSTAIRS,0.6688541
20682,1,2,WALKING_UPSTAIRS,0.6356081
20683,1,2,WALKING_UPSTAIRS,0.5949123
20684,1,2,WALKING_UPSTAIRS,0.585672
20685,1,2,WALKING_UPSTAIRS,0.6094186
20686,1,2,WALKING_UPSTAIRS,0.6454656
20687,1,2,WALKING_UPSTAIRS,0.7501249
20688,1,2,WALKING_UPSTAIRS,0.9125172
20689,1,2,WALKING_UPSTAIRS,1.030035
20690,1,2,WALKING_UPSTAIRS,1.142208
20691,1,2,WALKING_UPSTAIRS,1.21901
20692,1,2,WALKING_UPSTAIRS,1.214557
20693,1,2,WALKING_UPSTAIRS,1.208254
20694,1,2,WALKING_UPSTAIRS,1.22511
20695,1,2,WALKING_UPSTAIRS,1.263035
20696,1,2,WALKING_UPSTAIRS,1.275848
20697,1,2,WALKING_UPSTAIRS,1.201066
20698,1,2,WALKING_UPSTAIRS,1.060898
20699,1,2,WALKING_UPSTAIRS,0.9197673
20700,1,2,WALKING_UPSTAIRS,0.8534104
20701,1,2,WALKING_UPSTAIRS,0.9091641
20702,1,2,WALKING_UPSTAIRS,0.981265
20703,1,2,WALKING_UPSTAIRS,0.9418709
20704,1,2,WALKING_UPSTAIRS,0.9080697
20705,1,2,WALKING_UPSTAIRS,0.902437
20706,1,2,WALKING_UPSTAIRS,0.8320765
20707,1,2,WALKING_UPSTAIRS,0.8171677
20708,1,2,WALKING_UPSTAIRS,0.8344752
20709,1,2,WALKING_UPSTAIRS,0.8149637
20710,1,2,WALKING_UPSTAIRS,0.805055
20711,1,2,WALKING_UPSTAIRS,0.7551628
20712,1,2,WALKING_UPSTAIRS,0.7326069
20713,1,2,WALKING_UPSTAIRS,0.7613983
20714,1,2,WALKING_UPSTAIRS,0.7661487
20715,1,2,WALKING_UPSTAIRS,0.7779833
20716,1,2,WALKING_UPSTAIRS,0.7913542
20717,1,2,WALKING_UPSTAIRS,0.8163617
20718,1,2,WALKING_UPSTAIRS,0.8775827
20719,1,2,WALKING_UPSTAIRS,0.9848928
20720,1,2,WALKING_UPSTAIRS,1.093337
20721,1,2,WALKING_UPSTAIRS,1.116373
20722,1,2,WALKING_UPSTAIRS,1.135245
20723,1,2,WALKING_UPSTAIRS,1.180021
20724,1,2,WALKING_UPSTAIRS,1.225764
20725,1,2,WALKING_UPSTAIRS,1.314316
20726,1,2,WALKING_UPSTAIRS,1.330013
20727,1,2,WALKING_UPSTAIRS,1.248854
20728,1,2,WALKING_UPSTAIRS,1.188622
20729,1,2,WALKING_UPSTAIRS,1.124798
20730,1,2,WALKING_UPSTAIRS,1.049072
20731,1,2,WALKING_UPSTAIRS,1.008479
20732,1,2,WALKING_UPSTAIRS,0.9828314
20733,1,2,WALKING_UPSTAIRS,0.9348681
20734,1,2,WALKING_UPSTAIRS,0.9128608
20735,1,2,WALKING_UPSTAIRS,0.9868917
20736,1,2,WALKING_UPSTAIRS,1.072634
20737,1,2,WALKING_UPSTAIRS,1.082329
20738,1,2,WALKING_UPSTAIRS,1.049535
20739,1,2,WALKING_UPSTAIRS,1.010152
20740,1,2,WALKING_UPSTAIRS,0.9711936
20741,1,2,WALKING_UPSTAIRS,0.8970229
20742,1,2,WALKING_UPSTAIRS,0.7732315
20743,1,2,WALKING_UPSTAIRS,0.6575258
20744,1,2,WALKING_UPSTAIRS,0.6241752
20745,1,2,WALKING_UPSTAIRS,0.6562292
20746,1,2,WALKING_UPSTAIRS,0.6446936
20747,1,2,WALKING_UPSTAIRS,0.5937435
20748,1,2,WALKING_UPSTAIRS,0.5470954
20749,1,2,WALKING_UPSTAIRS,0.5247892
20750,1,2,WALKING_UPSTAIRS,0.6086913
20751,1,2,WALKING_UPSTAIRS,0.7570468
20752,1,2,WALKING_UPSTAIRS,0.8889016
20753,1,2,WALKING_UPSTAIRS,1.026034
20754,1,2,WALKING_UPSTAIRS,1.148119
20755,1,2,WALKING_UPSTAIRS,1.190869
20756,1,2,WALKING_UPSTAIRS,1.137602
20757,1,2,WALKING_UPSTAIRS,1.089097
20758,1,2,WALKING_UPSTAIRS,1.09264
20759,1,2,WALKING_UPSTAIRS,1.127228
20760,1,2,WALKING_UPSTAIRS,1.296458
20761,1,2,WALKING_UPSTAIRS,1.476352
20762,1,2,WALKING_UPSTAIRS,1.364032
20763,1,2,WALKING_UPSTAIRS,1.019909
20764,1,2,WALKING_UPSTAIRS,0.7141015
20765,1,2,WALKING_UPSTAIRS,0.6592503
20766,1,2,WALKING_UPSTAIRS,0.8061729
20767,1,2,WALKING_UPSTAIRS,0.8879323
20768,1,2,WALKING_UPSTAIRS,0.9421942
20769,1,2,WALKING_UPSTAIRS,0.971313
20770,1,2,WALKING_UPSTAIRS,0.8613569
20771,1,2,WALKING_UPSTAIRS,0.8496355
20772,1,2,WALKING_UPSTAIRS,0.8856867
20773,1,2,WALKING_UPSTAIRS,0.8455544
20774,1,2,WALKING_UPSTAIRS,0.8798774
20775,1,2,WALKING_UPSTAIRS,0.8682573
20776,1,2,WALKING_UPSTAIRS,0.85412
20777,1,2,WALKING_UPSTAIRS,0.8638575
20778,1,2,WALKING_UPSTAIRS,0.7759476
20779,1,2,WALKING_UPSTAIRS,0.7255169
20780,1,2,WALKING_UPSTAIRS,0.6924236
20781,1,2,WALKING_UPSTAIRS,0.7061036
20782,1,2,WALKING_UPSTAIRS,0.7928678
20783,1,2,WALKING_UPSTAIRS,0.8670189
20784,1,2,WALKING_UPSTAIRS,0.9592196
20785,1,2,WALKING_UPSTAIRS,0.9496965
20786,1,2,WALKING_UPSTAIRS,0.8819308
20787,1,2,WALKING_UPSTAIRS,0.8787536
20788,1,2,WALKING_UPSTAIRS,0.9649056
20789,1,2,WALKING_UPSTAIRS,1.116117
20790,1,2,WALKING_UPSTAIRS,1.102078
20791,1,2,WALKING_UPSTAIRS,1.057803
20792,1,2,WALKING_UPSTAIRS,1.131262
20793,1,2,WALKING_UPSTAIRS,1.170951
20794,1,2,WALKING_UPSTAIRS,1.291621
20795,1,2,WALKING_UPSTAIRS,1.406326
20796,1,2,WALKING_UPSTAIRS,1.368637
20797,1,2,WALKING_UPSTAIRS,1.326419
20798,1,2,WALKING_UPSTAIRS,1.258081
20799,1,2,WALKING_UPSTAIRS,1.183936
20800,1,2,WALKING_UPSTAIRS,1.157473
20801,1,2,WALKING_UPSTAIRS,1.094007
20802,1,2,WALKING_UPSTAIRS,1.045751
20803,1,2,WALKING_UPSTAIRS,1.032473
20804,1,2,WALKING_UPSTAIRS,1.012569
20805,1,2,WALKING_UPSTAIRS,1.043934
20806,1,2,WALKING_UPSTAIRS,1.084782
20807,1,2,WALKING_UPSTAIRS,1.041534
20808,1,2,WALKING_UPSTAIRS,0.9325133
20809,1,2,WALKING_UPSTAIRS,0.7919666
20810,1,2,WALKING_UPSTAIRS,0.6802556
20811,1,2,WALKING_UPSTAIRS,0.6418558
20812,1,2,WALKING_UPSTAIRS,0.6015716
20813,1,2,WALKING_UPSTAIRS,0.5697563
20814,1,2,WALKING_UPSTAIRS,0.6040328
20815,1,2,WALKING_UPSTAIRS,0.6509304
20816,1,2,WALKING_UPSTAIRS,0.6998171
20817,1,2,WALKING_UPSTAIRS,0.7098109
20818,1,2,WALKING_UPSTAIRS,0.6870681
20819,1,2,WALKING_UPSTAIRS,0.7383618
20820,1,2,WALKING_UPSTAIRS,0.8172549
20821,1,2,WALKING_UPSTAIRS,0.9173441
20822,1,2,WALKING_UPSTAIRS,1.027599
20823,1,2,WALKING_UPSTAIRS,1.066085
20824,1,2,WALKING_UPSTAIRS,1.13397
20825,1,2,WALKING_UPSTAIRS,1.192045
20826,1,2,WALKING_UPSTAIRS,1.156701
20827,1,2,WALKING_UPSTAIRS,1.192457
20828,1,2,WALKING_UPSTAIRS,1.329936
20829,1,2,WALKING_UPSTAIRS,1.4194
20830,1,2,WALKING_UPSTAIRS,1.280679
20831,1,2,WALKING_UPSTAIRS,0.953595
20832,1,2,WALKING_UPSTAIRS,0.7763215
20833,1,2,WALKING_UPSTAIRS,0.825731
20834,1,2,WALKING_UPSTAIRS,0.955659
20835,1,2,WALKING_UPSTAIRS,1.086478
20836,1,2,WALKING_UPSTAIRS,1.096705
20837,1,2,WALKING_UPSTAIRS,0.9907866
20838,1,2,WALKING_UPSTAIRS,0.8832887
20839,1,2,WALKING_UPSTAIRS,0.840528
20840,1,2,WALKING_UPSTAIRS,0.8671502
20841,1,2,WALKING_UPSTAIRS,0.8821434
20842,1,2,WALKING_UPSTAIRS,0.8740974
20843,1,2,WALKING_UPSTAIRS,0.8657503
20844,1,2,WALKING_UPSTAIRS,0.8130968
20845,1,2,WALKING_UPSTAIRS,0.7119492
20846,1,2,WALKING_UPSTAIRS,0.6126039
20847,1,2,WALKING_UPSTAIRS,0.6035936
20848,1,2,WALKING_UPSTAIRS,0.6978796
20849,1,2,WALKING_UPSTAIRS,0.7928213
20850,1,2,WALKING_UPSTAIRS,0.8694029
20851,1,2,WALKING_UPSTAIRS,0.9482135
20852,1,2,WALKING_UPSTAIRS,0.992596
20853,1,2,WALKING_UPSTAIRS,1.046853
20854,1,2,WALKING_UPSTAIRS,1.140484
20855,1,2,WALKING_UPSTAIRS,1.164254
20856,1,2,WALKING_UPSTAIRS,1.094914
20857,1,2,WALKING_UPSTAIRS,1.066629
20858,1,2,WALKING_UPSTAIRS,1.140848
20859,1,2,WALKING_UPSTAIRS,1.253966
20860,1,2,WALKING_UPSTAIRS,1.319303
20861,1,2,WALKING_UPSTAIRS,1.283862
20862,1,2,WALKING_UPSTAIRS,1.219456
20863,1,2,WALKING_UPSTAIRS,1.183889
20864,1,2,WALKING_UPSTAIRS,1.110643
20865,1,2,WALKING_UPSTAIRS,1.043501
20866,1,2,WALKING_UPSTAIRS,1.05866
20867,1,2,WALKING_UPSTAIRS,1.069794
20868,1,2,WALKING_UPSTAIRS,1.004685
20869,1,2,WALKING_UPSTAIRS,0.9409201
20870,1,2,WALKING_UPSTAIRS,0.95633
20871,1,2,WALKING_UPSTAIRS,1.006225
20872,1,2,WALKING_UPSTAIRS,1.045297
20873,1,2,WALKING_UPSTAIRS,1.026016
20874,1,2,WALKING_UPSTAIRS,0.9033185
20875,1,2,WALKING_UPSTAIRS,0.7603259
20876,1,2,WALKING_UPSTAIRS,0.68688
20877,1,2,WALKING_UPSTAIRS,0.6481231
20878,1,2,WALKING_UPSTAIRS,0.5833602
20879,1,2,WALKING_UPSTAIRS,0.5708588
20880,1,2,WALKING_UPSTAIRS,0.6041687
20881,1,2,WALKING_UPSTAIRS,0.5705383
20882,1,2,WALKING_UPSTAIRS,0.5912732
20883,1,2,WALKING_UPSTAIRS,0.6712496
20884,1,2,WALKING_UPSTAIRS,0.7254828
20885,1,2,WALKING_UPSTAIRS,0.8231632
20886,1,2,WALKING_UPSTAIRS,0.8746137
20887,1,2,WALKING_UPSTAIRS,0.9143123
20888,1,2,WALKING_UPSTAIRS,1.019078
20889,1,2,WALKING_UPSTAIRS,1.07187
20890,1,2,WALKING_UPSTAIRS,1.106009
20891,1,2,WALKING_UPSTAIRS,1.127076
20892,1,2,WALKING_UPSTAIRS,1.145114
20893,1,2,WALKING_UPSTAIRS,1.27753
20894,1,2,WALKING_UPSTAIRS,1.498683
20895,1,2,WALKING_UPSTAIRS,1.617393
20896,1,2,WALKING_UPSTAIRS,1.396211
20897,1,2,WALKING_UPSTAIRS,0.9967345
20898,1,2,WALKING_UPSTAIRS,0.7657033
20899,1,2,WALKING_UPSTAIRS,0.7168514
20900,1,2,WALKING_UPSTAIRS,0.8333165
20901,1,2,WALKING_UPSTAIRS,0.9989445
20902,1,2,WALKING_UPSTAIRS,1.04121
20903,1,2,WALKING_UPSTAIRS,1.016159
20904,1,2,WALKING_UPSTAIRS,0.9151723
20905,1,2,WALKING_UPSTAIRS,0.8034985
20906,1,2,WALKING_UPSTAIRS,0.833854
20907,1,2,WALKING_UPSTAIRS,0.9328817
20908,1,2,WALKING_UPSTAIRS,1.008142
20909,1,2,WALKING_UPSTAIRS,1.007833
20910,1,2,WALKING_UPSTAIRS,0.9222264
20911,1,2,WALKING_UPSTAIRS,0.8045721
20912,1,2,WALKING_UPSTAIRS,0.6815822
20913,1,2,WALKING_UPSTAIRS,0.6399888
20914,1,2,WALKING_UPSTAIRS,0.6928025
20915,1,2,WALKING_UPSTAIRS,0.7569298
20916,1,2,WALKING_UPSTAIRS,0.8282111
20917,1,2,WALKING_UPSTAIRS,0.8533679
20918,1,2,WALKING_UPSTAIRS,0.8064542
20919,1,2,WALKING_UPSTAIRS,0.8115206
20920,1,2,WALKING_UPSTAIRS,0.8987482
20921,1,2,WALKING_UPSTAIRS,1.012401
20922,1,2,WALKING_UPSTAIRS,1.109887
20923,1,2,WALKING_UPSTAIRS,1.138124
20924,1,2,WALKING_UPSTAIRS,1.154578
20925,1,2,WALKING_UPSTAIRS,1.189603
20926,1,2,WALKING_UPSTAIRS,1.211149
20927,1,2,WALKING_UPSTAIRS,1.256287
20928,1,2,WALKING_UPSTAIRS,1.258299
20929,1,2,WALKING_UPSTAIRS,1.160515
20930,1,2,WALKING_UPSTAIRS,1.064796
20931,1,2,WALKING_UPSTAIRS,1.058287
20932,1,2,WALKING_UPSTAIRS,1.087917
20933,1,2,WALKING_UPSTAIRS,1.066049
20934,1,2,WALKING_UPSTAIRS,1.057366
20935,1,2,WALKING_UPSTAIRS,1.05584
20936,1,2,WALKING_UPSTAIRS,1.011104
20937,1,2,WALKING_UPSTAIRS,1.011294
20938,1,2,WALKING_UPSTAIRS,1.033884
20939,1,2,WALKING_UPSTAIRS,1.053004
20940,1,2,WALKING_UPSTAIRS,1.063567
20941,1,2,WALKING_UPSTAIRS,0.986135
20942,1,2,WALKING_UPSTAIRS,0.8548152
20943,1,2,WALKING_UPSTAIRS,0.7396988
20944,1,2,WALKING_UPSTAIRS,0.7148237
20945,1,2,WALKING_UPSTAIRS,0.7656751
20946,1,2,WALKING_UPSTAIRS,0.7984508
20947,1,2,WALKING_UPSTAIRS,0.8420403
20948,1,2,WALKING_UPSTAIRS,0.8519774
20949,1,2,WALKING_UPSTAIRS,0.7943871
20950,1,2,WALKING_UPSTAIRS,0.7619508
20951,1,2,WALKING_UPSTAIRS,0.7645931
20952,1,2,WALKING_UPSTAIRS,0.8037593
20953,1,2,WALKING_UPSTAIRS,0.855109
20954,1,2,WALKING_UPSTAIRS,0.8723235
20955,1,2,WALKING_UPSTAIRS,0.8943523
20956,1,2,WALKING_UPSTAIRS,0.9220099
20957,1,2,WALKING_UPSTAIRS,0.9335746
20958,1,2,WALKING_UPSTAIRS,0.9476891
20959,1,2,WALKING_UPSTAIRS,0.9902851
20960,1,2,WALKING_UPSTAIRS,1.115364
20961,1,2,WALKING_UPSTAIRS,1.293402
20962,1,2,WALKING_UPSTAIRS,1.396397
20963,1,2,WALKING_UPSTAIRS,1.402718
20964,1,2,WALKING_UPSTAIRS,1.22873
20965,1,2,WALKING_UPSTAIRS,0.8475621
20966,1,2,WALKING_UPSTAIRS,0.7123296
20967,1,2,WALKING_UPSTAIRS,0.9276667
20968,1,2,WALKING_UPSTAIRS,1.053701
20969,1,2,WALKING_UPSTAIRS,1.069814
20970,1,2,WALKING_UPSTAIRS,1.002186
20971,1,2,WALKING_UPSTAIRS,0.8510914
20972,1,2,WALKING_UPSTAIRS,0.8474621
20973,1,2,WALKING_UPSTAIRS,0.8903213
20974,1,2,WALKING_UPSTAIRS,0.9103516
20975,1,2,WALKING_UPSTAIRS,0.9707622
20976,1,2,WALKING_UPSTAIRS,0.9510556
20977,1,2,WALKING_UPSTAIRS,0.9104463
20978,1,2,WALKING_UPSTAIRS,0.9027605
20979,1,2,WALKING_UPSTAIRS,0.8503863
20980,1,2,WALKING_UPSTAIRS,0.7881729
20981,1,2,WALKING_UPSTAIRS,0.7672082
20982,1,2,WALKING_UPSTAIRS,0.7800649
20983,1,2,WALKING_UPSTAIRS,0.7824856
20984,1,2,WALKING_UPSTAIRS,0.7818345
20985,1,2,WALKING_UPSTAIRS,0.8027407
20986,1,2,WALKING_UPSTAIRS,0.813595
20987,1,2,WALKING_UPSTAIRS,0.8187611
20988,1,2,WALKING_UPSTAIRS,0.8360361
20989,1,2,WALKING_UPSTAIRS,0.8732897
20990,1,2,WALKING_UPSTAIRS,0.9279508
20991,1,2,WALKING_UPSTAIRS,0.9533009
20992,1,2,WALKING_UPSTAIRS,0.952428
20993,1,2,WALKING_UPSTAIRS,0.9969958
20994,1,2,WALKING_UPSTAIRS,1.080314
20995,1,2,WALKING_UPSTAIRS,1.118244
20996,1,2,WALKING_UPSTAIRS,1.141445
20997,1,2,WALKING_UPSTAIRS,1.216681
20998,1,2,WALKING_UPSTAIRS,1.303746
20999,1,2,WALKING_UPSTAIRS,1.410961
21000,1,2,WALKING_UPSTAIRS,1.517285
21001,1,2,WALKING_UPSTAIRS,1.51576
21002,1,2,WALKING_UPSTAIRS,1.380688
21003,1,2,WALKING_UPSTAIRS,1.152339
21004,1,2,WALKING_UPSTAIRS,0.984458
21005,1,2,WALKING_UPSTAIRS,0.9683764
21006,1,2,WALKING_UPSTAIRS,0.9772962
21007,1,2,WALKING_UPSTAIRS,0.9566623
21008,1,2,WALKING_UPSTAIRS,0.931835
21009,1,2,WALKING_UPSTAIRS,0.9167292
21010,1,2,WALKING_UPSTAIRS,0.9295062
21011,1,2,WALKING_UPSTAIRS,0.9285212
21012,1,2,WALKING_UPSTAIRS,0.8753979
21013,1,2,WALKING_UPSTAIRS,0.7698108
21014,1,2,WALKING_UPSTAIRS,0.6565929
21015,1,2,WALKING_UPSTAIRS,0.5714479
21016,1,2,WALKING_UPSTAIRS,0.5175605
21017,1,2,WALKING_UPSTAIRS,0.5330223
21018,1,2,WALKING_UPSTAIRS,0.6081068
21019,1,2,WALKING_UPSTAIRS,0.6869282
21020,1,2,WALKING_UPSTAIRS,0.7165756
21021,1,2,WALKING_UPSTAIRS,0.7103867
21022,1,2,WALKING_UPSTAIRS,0.7427644
21023,1,2,WALKING_UPSTAIRS,0.7834852
21024,1,2,WALKING_UPSTAIRS,0.8556992
21025,1,2,WALKING_UPSTAIRS,1.011874
21026,1,2,WALKING_UPSTAIRS,1.133601
21027,1,2,WALKING_UPSTAIRS,1.187929
21028,1,2,WALKING_UPSTAIRS,1.204613
21029,1,2,WALKING_UPSTAIRS,1.189361
21030,1,2,WALKING_UPSTAIRS,1.25268
21031,1,2,WALKING_UPSTAIRS,1.411676
21032,1,2,WALKING_UPSTAIRS,1.488255
21033,1,2,WALKING_UPSTAIRS,1.265645
21034,1,2,WALKING_UPSTAIRS,0.9030469
21035,1,2,WALKING_UPSTAIRS,0.8120485
21036,1,2,WALKING_UPSTAIRS,0.8836531
21037,1,2,WALKING_UPSTAIRS,0.9233039
21038,1,2,WALKING_UPSTAIRS,1.0087
21039,1,2,WALKING_UPSTAIRS,0.9882164
21040,1,2,WALKING_UPSTAIRS,0.8788876
21041,1,2,WALKING_UPSTAIRS,0.8192133
21042,1,2,WALKING_UPSTAIRS,0.7393589
21043,1,2,WALKING_UPSTAIRS,0.7300937
21044,1,2,WALKING_UPSTAIRS,0.7736702
21045,1,2,WALKING_UPSTAIRS,0.7800758
21046,1,2,WALKING_UPSTAIRS,0.8159495
21047,1,2,WALKING_UPSTAIRS,0.8007104
21048,1,2,WALKING_UPSTAIRS,0.7309437
21049,1,2,WALKING_UPSTAIRS,0.6683747
21050,1,2,WALKING_UPSTAIRS,0.636625
21051,1,2,WALKING_UPSTAIRS,0.73396
21052,1,2,WALKING_UPSTAIRS,0.856272
21053,1,2,WALKING_UPSTAIRS,0.922979
21054,1,2,WALKING_UPSTAIRS,0.9847571
21055,1,2,WALKING_UPSTAIRS,0.9869514
21056,1,2,WALKING_UPSTAIRS,0.9933172
21057,1,2,WALKING_UPSTAIRS,1.057451
21058,1,2,WALKING_UPSTAIRS,1.140046
21059,1,2,WALKING_UPSTAIRS,1.240505
21060,1,2,WALKING_UPSTAIRS,1.245242
21061,1,2,WALKING_UPSTAIRS,1.233923
21062,1,2,WALKING_UPSTAIRS,1.372614
21063,1,2,WALKING_UPSTAIRS,1.429008
21064,1,2,WALKING_UPSTAIRS,1.344143
21065,1,2,WALKING_UPSTAIRS,1.268391
21066,1,2,WALKING_UPSTAIRS,1.140152
21067,1,2,WALKING_UPSTAIRS,1.047091
21068,1,2,WALKING_UPSTAIRS,0.9999128
21069,1,2,WALKING_UPSTAIRS,0.9597897
21070,1,2,WALKING_UPSTAIRS,1.013152
21071,1,2,WALKING_UPSTAIRS,0.9678035
21072,1,2,WALKING_UPSTAIRS,0.8798853
21073,1,2,WALKING_UPSTAIRS,0.9056287
21074,1,2,WALKING_UPSTAIRS,0.9003692
21075,1,2,WALKING_UPSTAIRS,0.9156185
21076,1,2,WALKING_UPSTAIRS,0.8681753
21077,1,2,WALKING_UPSTAIRS,0.7456908
21078,1,2,WALKING_UPSTAIRS,0.7367619
21079,1,2,WALKING_UPSTAIRS,0.7086548
21080,1,2,WALKING_UPSTAIRS,0.6697437
21081,1,2,WALKING_UPSTAIRS,0.6767417
21082,1,2,WALKING_UPSTAIRS,0.6610662
21083,1,2,WALKING_UPSTAIRS,0.6734466
21084,1,2,WALKING_UPSTAIRS,0.6886078
21085,1,2,WALKING_UPSTAIRS,0.7197923
21086,1,2,WALKING_UPSTAIRS,0.7647856
21087,1,2,WALKING_UPSTAIRS,0.7972422
21088,1,2,WALKING_UPSTAIRS,0.8524384
21089,1,2,WALKING_UPSTAIRS,0.9048111
21090,1,2,WALKING_UPSTAIRS,0.9904512
21091,1,2,WALKING_UPSTAIRS,1.065877
21092,1,2,WALKING_UPSTAIRS,1.074952
21093,1,2,WALKING_UPSTAIRS,1.094485
21094,1,2,WALKING_UPSTAIRS,1.117867
21095,1,2,WALKING_UPSTAIRS,1.175954
21096,1,2,WALKING_UPSTAIRS,1.320551
21097,1,2,WALKING_UPSTAIRS,1.448438
21098,1,2,WALKING_UPSTAIRS,1.413237
21099,1,2,WALKING_UPSTAIRS,1.177404
21100,1,2,WALKING_UPSTAIRS,0.8792093
21101,1,2,WALKING_UPSTAIRS,0.7616167
21102,1,2,WALKING_UPSTAIRS,0.8740561
21103,1,2,WALKING_UPSTAIRS,0.94388
21104,1,2,WALKING_UPSTAIRS,0.9308051
21105,1,2,WALKING_UPSTAIRS,0.9702763
21106,1,2,WALKING_UPSTAIRS,0.9144961
21107,1,2,WALKING_UPSTAIRS,0.8204757
21108,1,2,WALKING_UPSTAIRS,0.8092177
21109,1,2,WALKING_UPSTAIRS,0.8004312
21110,1,2,WALKING_UPSTAIRS,0.8315159
21111,1,2,WALKING_UPSTAIRS,0.8383657
21112,1,2,WALKING_UPSTAIRS,0.8216041
21113,1,2,WALKING_UPSTAIRS,0.8332813
21114,1,2,WALKING_UPSTAIRS,0.7947687
21115,1,2,WALKING_UPSTAIRS,0.770742
21116,1,2,WALKING_UPSTAIRS,0.7382694
21117,1,2,WALKING_UPSTAIRS,0.7093349
21118,1,2,WALKING_UPSTAIRS,0.7613868
21119,1,2,WALKING_UPSTAIRS,0.8126448
21120,1,3,WALKING_DOWNSTAIRS,1.143127
21121,1,3,WALKING_DOWNSTAIRS,1.148117
21122,1,3,WALKING_DOWNSTAIRS,1.074643
21123,1,3,WALKING_DOWNSTAIRS,0.9017864
21124,1,3,WALKING_DOWNSTAIRS,0.7022685
21125,1,3,WALKING_DOWNSTAIRS,0.572176
21126,1,3,WALKING_DOWNSTAIRS,0.6125491
21127,1,3,WALKING_DOWNSTAIRS,0.6594817
21128,1,3,WALKING_DOWNSTAIRS,0.6403142
21129,1,3,WALKING_DOWNSTAIRS,0.6174731
21130,1,3,WALKING_DOWNSTAIRS,0.4946644
21131,1,3,WALKING_DOWNSTAIRS,0.3655935
21132,1,3,WALKING_DOWNSTAIRS,0.3915674
21133,1,3,WALKING_DOWNSTAIRS,0.5592666
21134,1,3,WALKING_DOWNSTAIRS,0.8038885
21135,1,3,WALKING_DOWNSTAIRS,0.9662376
21136,1,3,WALKING_DOWNSTAIRS,0.9574581
21137,1,3,WALKING_DOWNSTAIRS,0.886521
21138,1,3,WALKING_DOWNSTAIRS,0.8575236
21139,1,3,WALKING_DOWNSTAIRS,0.8921799
21140,1,3,WALKING_DOWNSTAIRS,0.9701263
21141,1,3,WALKING_DOWNSTAIRS,1.09913
21142,1,3,WALKING_DOWNSTAIRS,1.447055
21143,1,3,WALKING_DOWNSTAIRS,1.878693
21144,1,3,WALKING_DOWNSTAIRS,1.865661
21145,1,3,WALKING_DOWNSTAIRS,1.610639
21146,1,3,WALKING_DOWNSTAIRS,1.524121
21147,1,3,WALKING_DOWNSTAIRS,1.352901
21148,1,3,WALKING_DOWNSTAIRS,1.311738
21149,1,3,WALKING_DOWNSTAIRS,1.387655
21150,1,3,WALKING_DOWNSTAIRS,0.9847319
21151,1,3,WALKING_DOWNSTAIRS,0.6043049
21152,1,3,WALKING_DOWNSTAIRS,0.6589513
21153,1,3,WALKING_DOWNSTAIRS,0.7321016
21154,1,3,WALKING_DOWNSTAIRS,0.7577275
21155,1,3,WALKING_DOWNSTAIRS,0.76129
21156,1,3,WALKING_DOWNSTAIRS,0.7495022
21157,1,3,WALKING_DOWNSTAIRS,0.6823754
21158,1,3,WALKING_DOWNSTAIRS,0.615096
21159,1,3,WALKING_DOWNSTAIRS,0.7171884
21160,1,3,WALKING_DOWNSTAIRS,0.833163
21161,1,3,WALKING_DOWNSTAIRS,0.8909163
21162,1,3,WALKING_DOWNSTAIRS,0.8162219
21163,1,3,WALKING_DOWNSTAIRS,0.6690072
21164,1,3,WALKING_DOWNSTAIRS,0.6704396
21165,1,3,WALKING_DOWNSTAIRS,0.672084
21166,1,3,WALKING_DOWNSTAIRS,0.6583006
21167,1,3,WALKING_DOWNSTAIRS,0.6806092
21168,1,3,WALKING_DOWNSTAIRS,0.7796894
21169,1,3,WALKING_DOWNSTAIRS,1.173384
21170,1,3,WALKING_DOWNSTAIRS,1.713092
21171,1,3,WALKING_DOWNSTAIRS,1.956867
21172,1,3,WALKING_DOWNSTAIRS,1.826281
21173,1,3,WALKING_DOWNSTAIRS,1.734329
21174,1,3,WALKING_DOWNSTAIRS,1.693653
21175,1,3,WALKING_DOWNSTAIRS,1.430039
21176,1,3,WALKING_DOWNSTAIRS,1.134584
21177,1,3,WALKING_DOWNSTAIRS,0.884475
21178,1,3,WALKING_DOWNSTAIRS,0.7192418
21179,1,3,WALKING_DOWNSTAIRS,0.6640925
21180,1,3,WALKING_DOWNSTAIRS,0.5603085
21181,1,3,WALKING_DOWNSTAIRS,0.5339991
21182,1,3,WALKING_DOWNSTAIRS,0.5218013
21183,1,3,WALKING_DOWNSTAIRS,0.461229
21184,1,3,WALKING_DOWNSTAIRS,0.5075104
21185,1,3,WALKING_DOWNSTAIRS,0.5225969
21186,1,3,WALKING_DOWNSTAIRS,0.5395421
21187,1,3,WALKING_DOWNSTAIRS,0.6594964
21188,1,3,WALKING_DOWNSTAIRS,0.8226598
21189,1,3,WALKING_DOWNSTAIRS,0.9600665
21190,1,3,WALKING_DOWNSTAIRS,0.9367485
21191,1,3,WALKING_DOWNSTAIRS,0.9075786
21192,1,3,WALKING_DOWNSTAIRS,0.9784219
21193,1,3,WALKING_DOWNSTAIRS,1.031441
21194,1,3,WALKING_DOWNSTAIRS,1.142989
21195,1,3,WALKING_DOWNSTAIRS,1.376039
21196,1,3,WALKING_DOWNSTAIRS,1.646424
21197,1,3,WALKING_DOWNSTAIRS,1.694833
21198,1,3,WALKING_DOWNSTAIRS,1.567953
21199,1,3,WALKING_DOWNSTAIRS,1.612656
21200,1,3,WALKING_DOWNSTAIRS,1.576625
21201,1,3,WALKING_DOWNSTAIRS,1.340034
21202,1,3,WALKING_DOWNSTAIRS,1.140219
21203,1,3,WALKING_DOWNSTAIRS,0.8897459
21204,1,3,WALKING_DOWNSTAIRS,0.7762251
21205,1,3,WALKING_DOWNSTAIRS,0.8092706
21206,1,3,WALKING_DOWNSTAIRS,0.7363261
21207,1,3,WALKING_DOWNSTAIRS,0.7351732
21208,1,3,WALKING_DOWNSTAIRS,0.7464882
21209,1,3,WALKING_DOWNSTAIRS,0.6998241
21210,1,3,WALKING_DOWNSTAIRS,0.6826142
21211,1,3,WALKING_DOWNSTAIRS,0.6269387
21212,1,3,WALKING_DOWNSTAIRS,0.624228
21213,1,3,WALKING_DOWNSTAIRS,0.6081019
21214,1,3,WALKING_DOWNSTAIRS,0.5776025
21215,1,3,WALKING_DOWNSTAIRS,0.7222399
21216,1,3,WALKING_DOWNSTAIRS,0.9125206
21217,1,3,WALKING_DOWNSTAIRS,0.9975015
21218,1,3,WALKING_DOWNSTAIRS,0.9832383
21219,1,3,WALKING_DOWNSTAIRS,0.8995435
21220,1,3,WALKING_DOWNSTAIRS,0.8090355
21221,1,3,WALKING_DOWNSTAIRS,0.8867904
21222,1,3,WALKING_DOWNSTAIRS,1.22173
21223,1,3,WALKING_DOWNSTAIRS,1.648243
21224,1,3,WALKING_DOWNSTAIRS,1.877516
21225,1,3,WALKING_DOWNSTAIRS,1.694236
21226,1,3,WALKING_DOWNSTAIRS,1.536287
21227,1,3,WALKING_DOWNSTAIRS,1.660392
21228,1,3,WALKING_DOWNSTAIRS,1.593099
21229,1,3,WALKING_DOWNSTAIRS,1.383639
21230,1,3,WALKING_DOWNSTAIRS,1.091216
21231,1,3,WALKING_DOWNSTAIRS,0.7860298
21232,1,3,WALKING_DOWNSTAIRS,0.835173
21233,1,3,WALKING_DOWNSTAIRS,0.7618831
21234,1,3,WALKING_DOWNSTAIRS,0.5415028
21235,1,3,WALKING_DOWNSTAIRS,0.617044
21236,1,3,WALKING_DOWNSTAIRS,0.5928989
21237,1,3,WALKING_DOWNSTAIRS,0.5110157
21238,1,3,WALKING_DOWNSTAIRS,0.5124795
21239,1,3,WALKING_DOWNSTAIRS,0.4285596
21240,1,3,WALKING_DOWNSTAIRS,0.5092766
21241,1,3,WALKING_DOWNSTAIRS,0.6900659
21242,1,3,WALKING_DOWNSTAIRS,0.8602749
21243,1,3,WALKING_DOWNSTAIRS,1.004267
21244,1,3,WALKING_DOWNSTAIRS,0.9387805
21245,1,3,WALKING_DOWNSTAIRS,0.9211307
21246,1,3,WALKING_DOWNSTAIRS,1.010809
21247,1,3,WALKING_DOWNSTAIRS,1.083164
21248,1,3,WALKING_DOWNSTAIRS,1.273377
21249,1,3,WALKING_DOWNSTAIRS,1.363002
21250,1,3,WALKING_DOWNSTAIRS,1.296619
21251,1,3,WALKING_DOWNSTAIRS,1.249008
21252,1,3,WALKING_DOWNSTAIRS,1.197094
21253,1,3,WALKING_DOWNSTAIRS,1.371264
21254,1,3,WALKING_DOWNSTAIRS,1.765683
21255,1,3,WALKING_DOWNSTAIRS,1.966875
21256,1,3,WALKING_DOWNSTAIRS,1.796449
21257,1,3,WALKING_DOWNSTAIRS,1.223491
21258,1,3,WALKING_DOWNSTAIRS,0.6922559
21259,1,3,WALKING_DOWNSTAIRS,0.8463765
21260,1,3,WALKING_DOWNSTAIRS,1.08426
21261,1,3,WALKING_DOWNSTAIRS,0.8102537
21262,1,3,WALKING_DOWNSTAIRS,0.7588035
21263,1,3,WALKING_DOWNSTAIRS,0.851736
21264,1,3,WALKING_DOWNSTAIRS,0.6707521
21265,1,3,WALKING_DOWNSTAIRS,0.7265344
21266,1,3,WALKING_DOWNSTAIRS,0.7556815
21267,1,3,WALKING_DOWNSTAIRS,0.6277811
21268,1,3,WALKING_DOWNSTAIRS,0.6876051
21269,1,3,WALKING_DOWNSTAIRS,0.635659
21270,1,3,WALKING_DOWNSTAIRS,0.5897031
21271,1,3,WALKING_DOWNSTAIRS,0.6172484
21272,1,3,WALKING_DOWNSTAIRS,0.6541059
21273,1,3,WALKING_DOWNSTAIRS,0.8272635
21274,1,3,WALKING_DOWNSTAIRS,0.8135055
21275,1,3,WALKING_DOWNSTAIRS,0.7025375
21276,1,3,WALKING_DOWNSTAIRS,0.7162838
21277,1,3,WALKING_DOWNSTAIRS,0.90879
21278,1,3,WALKING_DOWNSTAIRS,1.39222
21279,1,3,WALKING_DOWNSTAIRS,1.79847
21280,1,3,WALKING_DOWNSTAIRS,1.948608
21281,1,3,WALKING_DOWNSTAIRS,1.89508
21282,1,3,WALKING_DOWNSTAIRS,1.696525
21283,1,3,WALKING_DOWNSTAIRS,1.551786
21284,1,3,WALKING_DOWNSTAIRS,1.405049
21285,1,3,WALKING_DOWNSTAIRS,1.235944
21286,1,3,WALKING_DOWNSTAIRS,1.03098
21287,1,3,WALKING_DOWNSTAIRS,0.8176425
21288,1,3,WALKING_DOWNSTAIRS,0.7094439
21289,1,3,WALKING_DOWNSTAIRS,0.6350461
21290,1,3,WALKING_DOWNSTAIRS,0.6869912
21291,1,3,WALKING_DOWNSTAIRS,0.7299033
21292,1,3,WALKING_DOWNSTAIRS,0.6310848
21293,1,3,WALKING_DOWNSTAIRS,0.6106708
21294,1,3,WALKING_DOWNSTAIRS,0.549828
21295,1,3,WALKING_DOWNSTAIRS,0.5255176
21296,1,3,WALKING_DOWNSTAIRS,0.6411509
21297,1,3,WALKING_DOWNSTAIRS,0.7180379
21298,1,3,WALKING_DOWNSTAIRS,0.8465932
21299,1,3,WALKING_DOWNSTAIRS,0.9319278
21300,1,3,WALKING_DOWNSTAIRS,0.9502279
21301,1,3,WALKING_DOWNSTAIRS,0.9501233
21302,1,3,WALKING_DOWNSTAIRS,0.8587917
21303,1,3,WALKING_DOWNSTAIRS,0.8907054
21304,1,3,WALKING_DOWNSTAIRS,0.9522668
21305,1,3,WALKING_DOWNSTAIRS,1.028508
21306,1,3,WALKING_DOWNSTAIRS,1.3146
21307,1,3,WALKING_DOWNSTAIRS,1.475788
21308,1,3,WALKING_DOWNSTAIRS,1.385309
21309,1,3,WALKING_DOWNSTAIRS,1.249655
21310,1,3,WALKING_DOWNSTAIRS,1.240848
21311,1,3,WALKING_DOWNSTAIRS,1.543288
21312,1,3,WALKING_DOWNSTAIRS,1.802747
21313,1,3,WALKING_DOWNSTAIRS,1.438066
21314,1,3,WALKING_DOWNSTAIRS,0.9323415
21315,1,3,WALKING_DOWNSTAIRS,1.018687
21316,1,3,WALKING_DOWNSTAIRS,1.104824
21317,1,3,WALKING_DOWNSTAIRS,0.8761421
21318,1,3,WALKING_DOWNSTAIRS,0.7947419
21319,1,3,WALKING_DOWNSTAIRS,0.704664
21320,1,3,WALKING_DOWNSTAIRS,0.6734087
21321,1,3,WALKING_DOWNSTAIRS,0.74795
21322,1,3,WALKING_DOWNSTAIRS,0.7016708
21323,1,3,WALKING_DOWNSTAIRS,0.7568026
21324,1,3,WALKING_DOWNSTAIRS,0.7864827
21325,1,3,WALKING_DOWNSTAIRS,0.7475228
21326,1,3,WALKING_DOWNSTAIRS,0.7852047
21327,1,3,WALKING_DOWNSTAIRS,0.745426
21328,1,3,WALKING_DOWNSTAIRS,0.7497162
21329,1,3,WALKING_DOWNSTAIRS,0.8090405
21330,1,3,WALKING_DOWNSTAIRS,0.9005839
21331,1,3,WALKING_DOWNSTAIRS,1.063868
21332,1,3,WALKING_DOWNSTAIRS,1.135705
21333,1,3,WALKING_DOWNSTAIRS,1.129555
21334,1,3,WALKING_DOWNSTAIRS,0.9938324
21335,1,3,WALKING_DOWNSTAIRS,0.8374521
21336,1,3,WALKING_DOWNSTAIRS,0.9546261
21337,1,3,WALKING_DOWNSTAIRS,1.215255
21338,1,3,WALKING_DOWNSTAIRS,1.44152
21339,1,3,WALKING_DOWNSTAIRS,1.499177
21340,1,3,WALKING_DOWNSTAIRS,1.310495
21341,1,3,WALKING_DOWNSTAIRS,1.206925
21342,1,3,WALKING_DOWNSTAIRS,1.351868
21343,1,3,WALKING_DOWNSTAIRS,1.477648
21344,1,3,WALKING_DOWNSTAIRS,1.477873
21345,1,3,WALKING_DOWNSTAIRS,1.370765
21346,1,3,WALKING_DOWNSTAIRS,1.109133
21347,1,3,WALKING_DOWNSTAIRS,0.7906271
21348,1,3,WALKING_DOWNSTAIRS,0.601437
21349,1,3,WALKING_DOWNSTAIRS,0.6288004
21350,1,3,WALKING_DOWNSTAIRS,0.7937118
21351,1,3,WALKING_DOWNSTAIRS,0.9494768
21352,1,3,WALKING_DOWNSTAIRS,0.958951
21353,1,3,WALKING_DOWNSTAIRS,0.8249749
21354,1,3,WALKING_DOWNSTAIRS,0.7871454
21355,1,3,WALKING_DOWNSTAIRS,0.912613
21356,1,3,WALKING_DOWNSTAIRS,1.028575
21357,1,3,WALKING_DOWNSTAIRS,1.013648
21358,1,3,WALKING_DOWNSTAIRS,0.8970832
21359,1,3,WALKING_DOWNSTAIRS,0.8293683
21360,1,3,WALKING_DOWNSTAIRS,0.8259399
21361,1,3,WALKING_DOWNSTAIRS,0.8882907
21362,1,3,WALKING_DOWNSTAIRS,1.067971
21363,1,3,WALKING_DOWNSTAIRS,1.333482
21364,1,3,WALKING_DOWNSTAIRS,1.489604
21365,1,3,WALKING_DOWNSTAIRS,1.188071
21366,1,3,WALKING_DOWNSTAIRS,0.7631681
21367,1,3,WALKING_DOWNSTAIRS,0.786189
21368,1,3,WALKING_DOWNSTAIRS,0.9875268
21369,1,3,WALKING_DOWNSTAIRS,1.136063
21370,1,3,WALKING_DOWNSTAIRS,1.248524
21371,1,3,WALKING_DOWNSTAIRS,1.195054
21372,1,3,WALKING_DOWNSTAIRS,0.985567
21373,1,3,WALKING_DOWNSTAIRS,0.7316109
21374,1,3,WALKING_DOWNSTAIRS,0.7130983
21375,1,3,WALKING_DOWNSTAIRS,0.8691281
21376,1,3,WALKING_DOWNSTAIRS,0.8778023
21377,1,3,WALKING_DOWNSTAIRS,0.922498
21378,1,3,WALKING_DOWNSTAIRS,0.9513851
21379,1,3,WALKING_DOWNSTAIRS,0.8329385
21380,1,3,WALKING_DOWNSTAIRS,0.8013765
21381,1,3,WALKING_DOWNSTAIRS,0.7330683
21382,1,3,WALKING_DOWNSTAIRS,0.6399172
21383,1,3,WALKING_DOWNSTAIRS,0.67993
21384,1,3,WALKING_DOWNSTAIRS,0.6963874
21385,1,3,WALKING_DOWNSTAIRS,0.6915189
21386,1,3,WALKING_DOWNSTAIRS,0.6937227
21387,1,3,WALKING_DOWNSTAIRS,0.7387451
21388,1,3,WALKING_DOWNSTAIRS,0.9338049
21389,1,3,WALKING_DOWNSTAIRS,1.128867
21390,1,3,WALKING_DOWNSTAIRS,1.046265
21391,1,3,WALKING_DOWNSTAIRS,0.7489159
21392,1,3,WALKING_DOWNSTAIRS,0.583473
21393,1,3,WALKING_DOWNSTAIRS,0.6384801
21394,1,3,WALKING_DOWNSTAIRS,1.002642
21395,1,3,WALKING_DOWNSTAIRS,1.653318
21396,1,3,WALKING_DOWNSTAIRS,2.018376
21397,1,3,WALKING_DOWNSTAIRS,1.836616
21398,1,3,WALKING_DOWNSTAIRS,1.56852
21399,1,3,WALKING_DOWNSTAIRS,1.473924
21400,1,3,WALKING_DOWNSTAIRS,1.321801
21401,1,3,WALKING_DOWNSTAIRS,1.219978
21402,1,3,WALKING_DOWNSTAIRS,1.152331
21403,1,3,WALKING_DOWNSTAIRS,0.8834118
21404,1,3,WALKING_DOWNSTAIRS,0.769672
21405,1,3,WALKING_DOWNSTAIRS,0.7509373
21406,1,3,WALKING_DOWNSTAIRS,0.7245811
21407,1,3,WALKING_DOWNSTAIRS,0.7991587
21408,1,3,WALKING_DOWNSTAIRS,0.6297376
21409,1,3,WALKING_DOWNSTAIRS,0.4669878
21410,1,3,WALKING_DOWNSTAIRS,0.4548748
21411,1,3,WALKING_DOWNSTAIRS,0.4966252
21412,1,3,WALKING_DOWNSTAIRS,0.7801632
21413,1,3,WALKING_DOWNSTAIRS,0.9907681
21414,1,3,WALKING_DOWNSTAIRS,1.040783
21415,1,3,WALKING_DOWNSTAIRS,1.080851
21416,1,3,WALKING_DOWNSTAIRS,1.080862
21417,1,3,WALKING_DOWNSTAIRS,1.000452
21418,1,3,WALKING_DOWNSTAIRS,0.879
21419,1,3,WALKING_DOWNSTAIRS,0.90489
21420,1,3,WALKING_DOWNSTAIRS,0.9475824
21421,1,3,WALKING_DOWNSTAIRS,1.079982
21422,1,3,WALKING_DOWNSTAIRS,1.317232
21423,1,3,WALKING_DOWNSTAIRS,1.343837
21424,1,3,WALKING_DOWNSTAIRS,1.341877
21425,1,3,WALKING_DOWNSTAIRS,1.458583
21426,1,3,WALKING_DOWNSTAIRS,1.624393
21427,1,3,WALKING_DOWNSTAIRS,1.590801
21428,1,3,WALKING_DOWNSTAIRS,1.237767
21429,1,3,WALKING_DOWNSTAIRS,0.9638855
21430,1,3,WALKING_DOWNSTAIRS,0.9271752
21431,1,3,WALKING_DOWNSTAIRS,0.9669804
21432,1,3,WALKING_DOWNSTAIRS,0.8429591
21433,1,3,WALKING_DOWNSTAIRS,0.718784
21434,1,3,WALKING_DOWNSTAIRS,0.7814004
21435,1,3,WALKING_DOWNSTAIRS,0.7316539
21436,1,3,WALKING_DOWNSTAIRS,0.7214223
21437,1,3,WALKING_DOWNSTAIRS,0.7568951
21438,1,3,WALKING_DOWNSTAIRS,0.6980045
21439,1,3,WALKING_DOWNSTAIRS,0.7391718
21440,1,3,WALKING_DOWNSTAIRS,0.6959243
21441,1,3,WALKING_DOWNSTAIRS,0.6149684
21442,1,3,WALKING_DOWNSTAIRS,0.6266687
21443,1,3,WALKING_DOWNSTAIRS,0.6904764
21444,1,3,WALKING_DOWNSTAIRS,0.873478
21445,1,3,WALKING_DOWNSTAIRS,0.9352218
21446,1,3,WALKING_DOWNSTAIRS,0.8941166
21447,1,3,WALKING_DOWNSTAIRS,0.8763576
21448,1,3,WALKING_DOWNSTAIRS,0.8299309
21449,1,3,WALKING_DOWNSTAIRS,0.9396946
21450,1,3,WALKING_DOWNSTAIRS,1.203314
21451,1,3,WALKING_DOWNSTAIRS,1.459213
21452,1,3,WALKING_DOWNSTAIRS,1.542858
21453,1,3,WALKING_DOWNSTAIRS,1.493957
21454,1,3,WALKING_DOWNSTAIRS,1.607666
21455,1,3,WALKING_DOWNSTAIRS,1.759633
21456,1,3,WALKING_DOWNSTAIRS,1.726954
21457,1,3,WALKING_DOWNSTAIRS,1.540834
21458,1,3,WALKING_DOWNSTAIRS,1.217058
21459,1,3,WALKING_DOWNSTAIRS,0.9107637
21460,1,3,WALKING_DOWNSTAIRS,0.7621357
21461,1,3,WALKING_DOWNSTAIRS,0.6991451
21462,1,3,WALKING_DOWNSTAIRS,0.6573654
21463,1,3,WALKING_DOWNSTAIRS,0.6248256
21464,1,3,WALKING_DOWNSTAIRS,0.5876431
21465,1,3,WALKING_DOWNSTAIRS,0.5583519
21466,1,3,WALKING_DOWNSTAIRS,0.5413687
21467,1,3,WALKING_DOWNSTAIRS,0.5317601
21468,1,3,WALKING_DOWNSTAIRS,0.5728096
21469,1,3,WALKING_DOWNSTAIRS,0.6906531
21470,1,3,WALKING_DOWNSTAIRS,0.8170166
21471,1,3,WALKING_DOWNSTAIRS,0.8710239
21472,1,3,WALKING_DOWNSTAIRS,0.9049917
21473,1,3,WALKING_DOWNSTAIRS,0.9329265
21474,1,3,WALKING_DOWNSTAIRS,0.8932236
21475,1,3,WALKING_DOWNSTAIRS,0.9135401
21476,1,3,WALKING_DOWNSTAIRS,0.9783539
21477,1,3,WALKING_DOWNSTAIRS,1.00616
21478,1,3,WALKING_DOWNSTAIRS,1.154276
21479,1,3,WALKING_DOWNSTAIRS,1.289748
21480,1,3,WALKING_DOWNSTAIRS,1.248749
21481,1,3,WALKING_DOWNSTAIRS,1.214421
21482,1,3,WALKING_DOWNSTAIRS,1.286786
21483,1,3,WALKING_DOWNSTAIRS,1.457707
21484,1,3,WALKING_DOWNSTAIRS,1.655133
21485,1,3,WALKING_DOWNSTAIRS,1.666981
21486,1,3,WALKING_DOWNSTAIRS,1.398699
21487,1,3,WALKING_DOWNSTAIRS,1.034139
21488,1,3,WALKING_DOWNSTAIRS,0.7800052
21489,1,3,WALKING_DOWNSTAIRS,0.7972471
21490,1,3,WALKING_DOWNSTAIRS,0.9402422
21491,1,3,WALKING_DOWNSTAIRS,0.9053805
21492,1,3,WALKING_DOWNSTAIRS,0.9268475
21493,1,3,WALKING_DOWNSTAIRS,0.9649151
21494,1,3,WALKING_DOWNSTAIRS,0.8614969
21495,1,3,WALKING_DOWNSTAIRS,0.8951744
21496,1,3,WALKING_DOWNSTAIRS,0.856972
21497,1,3,WALKING_DOWNSTAIRS,0.7560735
21498,1,3,WALKING_DOWNSTAIRS,0.7338868
21499,1,3,WALKING_DOWNSTAIRS,0.617277
21500,1,3,WALKING_DOWNSTAIRS,0.6486546
21501,1,3,WALKING_DOWNSTAIRS,0.7864588
21502,1,3,WALKING_DOWNSTAIRS,0.9357999
21503,1,3,WALKING_DOWNSTAIRS,1.0986
21504,1,3,WALKING_DOWNSTAIRS,1.051089
21505,1,3,WALKING_DOWNSTAIRS,1.000583
21506,1,3,WALKING_DOWNSTAIRS,0.964593
21507,1,3,WALKING_DOWNSTAIRS,0.854722
21508,1,3,WALKING_DOWNSTAIRS,0.8639727
21509,1,3,WALKING_DOWNSTAIRS,0.9126307
21510,1,3,WALKING_DOWNSTAIRS,1.008784
21511,1,3,WALKING_DOWNSTAIRS,1.18068
21512,1,3,WALKING_DOWNSTAIRS,1.336451
21513,1,3,WALKING_DOWNSTAIRS,1.465624
21514,1,3,WALKING_DOWNSTAIRS,1.4553
21515,1,3,WALKING_DOWNSTAIRS,1.409309
21516,1,3,WALKING_DOWNSTAIRS,1.497084
21517,1,3,WALKING_DOWNSTAIRS,1.505724
21518,1,3,WALKING_DOWNSTAIRS,1.338428
21519,1,3,WALKING_DOWNSTAIRS,1.164266
21520,1,3,WALKING_DOWNSTAIRS,1.050955
21521,1,3,WALKING_DOWNSTAIRS,0.900948
21522,1,3,WALKING_DOWNSTAIRS,0.7053883
21523,1,3,WALKING_DOWNSTAIRS,0.8047444
21524,1,3,WALKING_DOWNSTAIRS,1.037388
21525,1,3,WALKING_DOWNSTAIRS,0.8979374
21526,1,3,WALKING_DOWNSTAIRS,0.7748708
21527,1,3,WALKING_DOWNSTAIRS,0.789487
21528,1,3,WALKING_DOWNSTAIRS,0.7432998
21529,1,3,WALKING_DOWNSTAIRS,0.9209035
21530,1,3,WALKING_DOWNSTAIRS,1.012956
21531,1,3,WALKING_DOWNSTAIRS,0.900295
21532,1,3,WALKING_DOWNSTAIRS,0.8661205
21533,1,3,WALKING_DOWNSTAIRS,0.8391757
21534,1,3,WALKING_DOWNSTAIRS,1.027555
21535,1,3,WALKING_DOWNSTAIRS,1.332517
21536,1,3,WALKING_DOWNSTAIRS,1.398312
21537,1,3,WALKING_DOWNSTAIRS,1.219619
21538,1,3,WALKING_DOWNSTAIRS,0.9800379
21539,1,3,WALKING_DOWNSTAIRS,0.9852792
21540,1,3,WALKING_DOWNSTAIRS,1.119347
21541,1,3,WALKING_DOWNSTAIRS,1.175252
21542,1,3,WALKING_DOWNSTAIRS,1.089517
21543,1,3,WALKING_DOWNSTAIRS,0.8910215
21544,1,3,WALKING_DOWNSTAIRS,0.8425602
21545,1,3,WALKING_DOWNSTAIRS,0.8363994
21546,1,3,WALKING_DOWNSTAIRS,0.8085835
21547,1,3,WALKING_DOWNSTAIRS,0.8165006
21548,1,3,WALKING_DOWNSTAIRS,0.7534987
21549,1,3,WALKING_DOWNSTAIRS,0.7871886
21550,1,3,WALKING_DOWNSTAIRS,0.8597755
21551,1,3,WALKING_DOWNSTAIRS,0.8813127
21552,1,3,WALKING_DOWNSTAIRS,0.9365362
21553,1,3,WALKING_DOWNSTAIRS,0.8507981
21554,1,3,WALKING_DOWNSTAIRS,0.7096889
21555,1,3,WALKING_DOWNSTAIRS,0.6773137
21556,1,3,WALKING_DOWNSTAIRS,0.676776
21557,1,3,WALKING_DOWNSTAIRS,0.6997443
21558,1,3,WALKING_DOWNSTAIRS,0.7329007
21559,1,3,WALKING_DOWNSTAIRS,0.8113197
21560,1,3,WALKING_DOWNSTAIRS,0.9372261
21561,1,3,WALKING_DOWNSTAIRS,0.9645832
21562,1,3,WALKING_DOWNSTAIRS,0.8097521
21563,1,3,WALKING_DOWNSTAIRS,0.5918732
21564,1,3,WALKING_DOWNSTAIRS,0.5766487
21565,1,3,WALKING_DOWNSTAIRS,0.8345975
21566,1,3,WALKING_DOWNSTAIRS,1.183055
21567,1,3,WALKING_DOWNSTAIRS,1.45978
21568,1,3,WALKING_DOWNSTAIRS,1.588782
21569,1,3,WALKING_DOWNSTAIRS,1.577499
21570,1,3,WALKING_DOWNSTAIRS,1.555735
21571,1,3,WALKING_DOWNSTAIRS,1.636405
21572,1,3,WALKING_DOWNSTAIRS,1.671319
21573,1,3,WALKING_DOWNSTAIRS,1.534393
21574,1,3,WALKING_DOWNSTAIRS,1.303369
21575,1,3,WALKING_DOWNSTAIRS,0.960725
21576,1,3,WALKING_DOWNSTAIRS,0.6152346
21577,1,3,WALKING_DOWNSTAIRS,0.5256967
21578,1,3,WALKING_DOWNSTAIRS,0.6513303
21579,1,3,WALKING_DOWNSTAIRS,0.6982458
21580,1,3,WALKING_DOWNSTAIRS,0.5740462
21581,1,3,WALKING_DOWNSTAIRS,0.4727932
21582,1,3,WALKING_DOWNSTAIRS,0.438148
21583,1,3,WALKING_DOWNSTAIRS,0.4827394
21584,1,3,WALKING_DOWNSTAIRS,0.7098268
21585,1,3,WALKING_DOWNSTAIRS,0.9922512
21586,1,3,WALKING_DOWNSTAIRS,1.094947
21587,1,3,WALKING_DOWNSTAIRS,0.958769
21588,1,3,WALKING_DOWNSTAIRS,0.86921
21589,1,3,WALKING_DOWNSTAIRS,0.9245061
21590,1,3,WALKING_DOWNSTAIRS,0.9541853
21591,1,3,WALKING_DOWNSTAIRS,1.087929
21592,1,3,WALKING_DOWNSTAIRS,1.254305
21593,1,3,WALKING_DOWNSTAIRS,1.350763
21594,1,3,WALKING_DOWNSTAIRS,1.504775
21595,1,3,WALKING_DOWNSTAIRS,1.635578
21596,1,3,WALKING_DOWNSTAIRS,1.770642
21597,1,3,WALKING_DOWNSTAIRS,1.795241
21598,1,3,WALKING_DOWNSTAIRS,1.509317
21599,1,3,WALKING_DOWNSTAIRS,1.15785
21600,1,3,WALKING_DOWNSTAIRS,1.013546
21601,1,3,WALKING_DOWNSTAIRS,1.040272
21602,1,3,WALKING_DOWNSTAIRS,0.9642116
21603,1,3,WALKING_DOWNSTAIRS,0.796614
21604,1,3,WALKING_DOWNSTAIRS,0.7203817
21605,1,3,WALKING_DOWNSTAIRS,0.6793796
21606,1,3,WALKING_DOWNSTAIRS,0.6983139
21607,1,3,WALKING_DOWNSTAIRS,0.6951841
21608,1,3,WALKING_DOWNSTAIRS,0.6593997
21609,1,3,WALKING_DOWNSTAIRS,0.7015102
21610,1,3,WALKING_DOWNSTAIRS,0.6810584
21611,1,3,WALKING_DOWNSTAIRS,0.6347178
21612,1,3,WALKING_DOWNSTAIRS,0.6308586
21613,1,3,WALKING_DOWNSTAIRS,0.6951116
21614,1,3,WALKING_DOWNSTAIRS,0.8429323
21615,1,3,WALKING_DOWNSTAIRS,0.8407424
21616,1,3,WALKING_DOWNSTAIRS,0.7502249
21617,1,3,WALKING_DOWNSTAIRS,0.752549
21618,1,3,WALKING_DOWNSTAIRS,0.888682
21619,1,3,WALKING_DOWNSTAIRS,1.287734
21620,1,3,WALKING_DOWNSTAIRS,1.764079
21621,1,3,WALKING_DOWNSTAIRS,1.968903
21622,1,3,WALKING_DOWNSTAIRS,1.855977
21623,1,3,WALKING_DOWNSTAIRS,1.648246
21624,1,3,WALKING_DOWNSTAIRS,1.504501
21625,1,3,WALKING_DOWNSTAIRS,1.402298
21626,1,3,WALKING_DOWNSTAIRS,1.27761
21627,1,3,WALKING_DOWNSTAIRS,0.9504536
21628,1,3,WALKING_DOWNSTAIRS,0.6205597
21629,1,3,WALKING_DOWNSTAIRS,0.5984079
21630,1,3,WALKING_DOWNSTAIRS,0.6166716
21631,1,3,WALKING_DOWNSTAIRS,0.5992433
21632,1,3,WALKING_DOWNSTAIRS,0.5928607
21633,1,3,WALKING_DOWNSTAIRS,0.5021616
21634,1,3,WALKING_DOWNSTAIRS,0.4301206
21635,1,3,WALKING_DOWNSTAIRS,0.3938514
21636,1,3,WALKING_DOWNSTAIRS,0.4957448
21637,1,3,WALKING_DOWNSTAIRS,0.7719532
21638,1,3,WALKING_DOWNSTAIRS,1.010974
21639,1,3,WALKING_DOWNSTAIRS,1.065179
21640,1,3,WALKING_DOWNSTAIRS,0.9316231
21641,1,3,WALKING_DOWNSTAIRS,0.8967294
21642,1,3,WALKING_DOWNSTAIRS,0.9744371
21643,1,3,WALKING_DOWNSTAIRS,1.025461
21644,1,3,WALKING_DOWNSTAIRS,1.26996
21645,1,3,WALKING_DOWNSTAIRS,1.553739
21646,1,3,WALKING_DOWNSTAIRS,1.548159
21647,1,3,WALKING_DOWNSTAIRS,1.442574
21648,1,3,WALKING_DOWNSTAIRS,1.459874
21649,1,3,WALKING_DOWNSTAIRS,1.433857
21650,1,3,WALKING_DOWNSTAIRS,1.370432
21651,1,3,WALKING_DOWNSTAIRS,1.336071
21652,1,3,WALKING_DOWNSTAIRS,1.05713
21653,1,3,WALKING_DOWNSTAIRS,0.8337783
21654,1,3,WALKING_DOWNSTAIRS,0.8996422
21655,1,3,WALKING_DOWNSTAIRS,0.8325742
21656,1,3,WALKING_DOWNSTAIRS,0.7625934
21657,1,3,WALKING_DOWNSTAIRS,0.7847261
21658,1,3,WALKING_DOWNSTAIRS,0.7103415
21659,1,3,WALKING_DOWNSTAIRS,0.7185521
21660,1,3,WALKING_DOWNSTAIRS,0.7835439
21661,1,3,WALKING_DOWNSTAIRS,0.7728525
21662,1,3,WALKING_DOWNSTAIRS,0.752776
21663,1,3,WALKING_DOWNSTAIRS,0.7207001
21664,1,3,WALKING_DOWNSTAIRS,0.6717623
21665,1,3,WALKING_DOWNSTAIRS,0.6294076
21666,1,3,WALKING_DOWNSTAIRS,0.6098367
21667,1,3,WALKING_DOWNSTAIRS,0.7505736
21668,1,3,WALKING_DOWNSTAIRS,1.01773
21669,1,3,WALKING_DOWNSTAIRS,1.090588
21670,1,3,WALKING_DOWNSTAIRS,0.9610443
21671,1,3,WALKING_DOWNSTAIRS,0.891002
21672,1,3,WALKING_DOWNSTAIRS,0.9860892
21673,1,3,WALKING_DOWNSTAIRS,1.274654
21674,1,3,WALKING_DOWNSTAIRS,1.681509
21675,1,3,WALKING_DOWNSTAIRS,1.841226
21676,1,3,WALKING_DOWNSTAIRS,1.612996
21677,1,3,WALKING_DOWNSTAIRS,1.457085
21678,1,3,WALKING_DOWNSTAIRS,1.460743
21679,1,3,WALKING_DOWNSTAIRS,1.379799
21680,1,3,WALKING_DOWNSTAIRS,1.257913
21681,1,3,WALKING_DOWNSTAIRS,1.000959
21682,1,3,WALKING_DOWNSTAIRS,0.7585465
21683,1,3,WALKING_DOWNSTAIRS,0.7032962
21684,1,3,WALKING_DOWNSTAIRS,0.7017022
21685,1,3,WALKING_DOWNSTAIRS,0.774411
21686,1,3,WALKING_DOWNSTAIRS,0.7172892
21687,1,3,WALKING_DOWNSTAIRS,0.5909025
21688,1,3,WALKING_DOWNSTAIRS,0.5711494
21689,1,3,WALKING_DOWNSTAIRS,0.4740278
21690,1,3,WALKING_DOWNSTAIRS,0.5001456
21691,1,3,WALKING_DOWNSTAIRS,0.6255864
21692,1,3,WALKING_DOWNSTAIRS,0.7435866
21693,1,3,WALKING_DOWNSTAIRS,0.9009242
21694,1,3,WALKING_DOWNSTAIRS,0.8425487
21695,1,3,WALKING_DOWNSTAIRS,0.8179263
21696,1,3,WALKING_DOWNSTAIRS,0.8756029
21697,1,3,WALKING_DOWNSTAIRS,0.8548437
21698,1,3,WALKING_DOWNSTAIRS,0.8235834
21699,1,3,WALKING_DOWNSTAIRS,0.7842738
21700,1,3,WALKING_DOWNSTAIRS,0.7912199
21701,1,3,WALKING_DOWNSTAIRS,1.027813
21702,1,3,WALKING_DOWNSTAIRS,1.376363
21703,1,3,WALKING_DOWNSTAIRS,1.471564
21704,1,3,WALKING_DOWNSTAIRS,1.393824
21705,1,3,WALKING_DOWNSTAIRS,1.486892
21706,1,3,WALKING_DOWNSTAIRS,1.668575
21707,1,3,WALKING_DOWNSTAIRS,1.700361
21708,1,3,WALKING_DOWNSTAIRS,1.66726
21709,1,3,WALKING_DOWNSTAIRS,1.486511
21710,1,3,WALKING_DOWNSTAIRS,0.9963117
21711,1,3,WALKING_DOWNSTAIRS,0.6170542
21712,1,3,WALKING_DOWNSTAIRS,0.646128
21713,1,3,WALKING_DOWNSTAIRS,0.6996735
21714,1,3,WALKING_DOWNSTAIRS,0.6250542
21715,1,3,WALKING_DOWNSTAIRS,0.6717291
21716,1,3,WALKING_DOWNSTAIRS,0.7011968
21717,1,3,WALKING_DOWNSTAIRS,0.657898
21718,1,3,WALKING_DOWNSTAIRS,0.7278739
21719,1,3,WALKING_DOWNSTAIRS,0.7065611
21720,1,3,WALKING_DOWNSTAIRS,0.6427202
21721,1,3,WALKING_DOWNSTAIRS,0.6617549
21722,1,3,WALKING_DOWNSTAIRS,0.6224419
21723,1,3,WALKING_DOWNSTAIRS,0.6454415
21724,1,3,WALKING_DOWNSTAIRS,0.6728637
21725,1,3,WALKING_DOWNSTAIRS,0.7290392
21726,1,3,WALKING_DOWNSTAIRS,0.9324557
21727,1,3,WALKING_DOWNSTAIRS,1.071485
21728,1,3,WALKING_DOWNSTAIRS,1.150103
21729,1,3,WALKING_DOWNSTAIRS,1.095392
21730,1,3,WALKING_DOWNSTAIRS,0.9289499
21731,1,3,WALKING_DOWNSTAIRS,0.9458309
21732,1,3,WALKING_DOWNSTAIRS,1.084872
21733,1,3,WALKING_DOWNSTAIRS,1.264233
21734,1,3,WALKING_DOWNSTAIRS,1.344495
21735,1,3,WALKING_DOWNSTAIRS,1.262492
21736,1,3,WALKING_DOWNSTAIRS,1.33861
21737,1,3,WALKING_DOWNSTAIRS,1.611407
21738,1,3,WALKING_DOWNSTAIRS,1.798083
21739,1,3,WALKING_DOWNSTAIRS,1.559645
21740,1,3,WALKING_DOWNSTAIRS,1.102089
21741,1,3,WALKING_DOWNSTAIRS,1.044144
21742,1,3,WALKING_DOWNSTAIRS,1.074509
21743,1,3,WALKING_DOWNSTAIRS,0.9077219
21744,1,3,WALKING_DOWNSTAIRS,0.8878869
21745,1,3,WALKING_DOWNSTAIRS,0.7898105
21746,1,3,WALKING_DOWNSTAIRS,0.5867286
21747,1,3,WALKING_DOWNSTAIRS,0.617739
21748,1,3,WALKING_DOWNSTAIRS,0.676271
21749,1,3,WALKING_DOWNSTAIRS,0.6361489
21750,1,3,WALKING_DOWNSTAIRS,0.6575644
21751,1,3,WALKING_DOWNSTAIRS,0.6886008
21752,1,3,WALKING_DOWNSTAIRS,0.6619754
21753,1,3,WALKING_DOWNSTAIRS,0.6550832
21754,1,3,WALKING_DOWNSTAIRS,0.6575063
21755,1,3,WALKING_DOWNSTAIRS,0.757797
21756,1,3,WALKING_DOWNSTAIRS,1.001886
21757,1,3,WALKING_DOWNSTAIRS,1.077168
21758,1,3,WALKING_DOWNSTAIRS,0.9588471
21759,1,3,WALKING_DOWNSTAIRS,0.9209285
21760,1,3,WALKING_DOWNSTAIRS,1.084633
21761,1,3,WALKING_DOWNSTAIRS,1.451037
21762,1,3,WALKING_DOWNSTAIRS,1.757843
21763,1,3,WALKING_DOWNSTAIRS,1.737001
21764,1,3,WALKING_DOWNSTAIRS,1.563155
21765,1,3,WALKING_DOWNSTAIRS,1.546009
21766,1,3,WALKING_DOWNSTAIRS,1.590835
21767,1,3,WALKING_DOWNSTAIRS,1.533902
21768,1,3,WALKING_DOWNSTAIRS,1.306726
21769,1,3,WALKING_DOWNSTAIRS,0.8357104
21770,1,3,WALKING_DOWNSTAIRS,0.5162995
21771,1,3,WALKING_DOWNSTAIRS,0.5151656
21772,1,3,WALKING_DOWNSTAIRS,0.5192921
21773,1,3,WALKING_DOWNSTAIRS,0.5223464
21774,1,3,WALKING_DOWNSTAIRS,0.4949154
21775,1,3,WALKING_DOWNSTAIRS,0.4406263
21776,1,3,WALKING_DOWNSTAIRS,0.4341155
21777,1,3,WALKING_DOWNSTAIRS,0.4261328
21778,1,3,WALKING_DOWNSTAIRS,0.5237125
21779,1,3,WALKING_DOWNSTAIRS,0.7149672
21780,1,3,WALKING_DOWNSTAIRS,0.9266379
21781,1,3,WALKING_DOWNSTAIRS,1.088053
21782,1,3,WALKING_DOWNSTAIRS,1.063627
21783,1,3,WALKING_DOWNSTAIRS,1.001123
21784,1,3,WALKING_DOWNSTAIRS,1.058163
21785,1,3,WALKING_DOWNSTAIRS,1.265087
21786,1,3,WALKING_DOWNSTAIRS,1.592504
21787,1,3,WALKING_DOWNSTAIRS,1.665066
21788,1,3,WALKING_DOWNSTAIRS,1.314031
21789,1,3,WALKING_DOWNSTAIRS,1.109282
21790,1,3,WALKING_DOWNSTAIRS,1.390758
21791,1,3,WALKING_DOWNSTAIRS,1.663649
21792,1,3,WALKING_DOWNSTAIRS,1.547661
21793,1,3,WALKING_DOWNSTAIRS,1.226333
21794,1,3,WALKING_DOWNSTAIRS,0.9511165
21795,1,3,WALKING_DOWNSTAIRS,0.9055054
21796,1,3,WALKING_DOWNSTAIRS,0.9681772
21797,1,3,WALKING_DOWNSTAIRS,0.8376403
21798,1,3,WALKING_DOWNSTAIRS,0.7444589
21799,1,3,WALKING_DOWNSTAIRS,0.7679593
21800,1,3,WALKING_DOWNSTAIRS,0.7072478
21801,1,3,WALKING_DOWNSTAIRS,0.7841313
21802,1,3,WALKING_DOWNSTAIRS,0.8330761
21803,1,3,WALKING_DOWNSTAIRS,0.7601113
21804,1,3,WALKING_DOWNSTAIRS,0.7830977
21805,1,3,WALKING_DOWNSTAIRS,0.6855603
21806,1,3,WALKING_DOWNSTAIRS,0.6402526
21807,1,3,WALKING_DOWNSTAIRS,0.7098262
21808,1,3,WALKING_DOWNSTAIRS,0.7003072
21809,1,3,WALKING_DOWNSTAIRS,0.7617228
21810,1,3,WALKING_DOWNSTAIRS,0.7591718
21811,1,3,WALKING_DOWNSTAIRS,0.7790222
21812,1,3,WALKING_DOWNSTAIRS,0.9269481
21813,1,3,WALKING_DOWNSTAIRS,0.9669672
21814,1,3,WALKING_DOWNSTAIRS,0.9682444
21815,1,3,WALKING_DOWNSTAIRS,1.053899
21816,1,3,WALKING_DOWNSTAIRS,1.279767
21817,1,3,WALKING_DOWNSTAIRS,1.471959
21818,1,3,WALKING_DOWNSTAIRS,1.473652
21819,1,3,WALKING_DOWNSTAIRS,1.457372
21820,1,3,WALKING_DOWNSTAIRS,1.408623
21821,1,3,WALKING_DOWNSTAIRS,1.313579
21822,1,3,WALKING_DOWNSTAIRS,1.277874
21823,1,3,WALKING_DOWNSTAIRS,1.324348
21824,1,3,WALKING_DOWNSTAIRS,1.354399
21825,1,3,WALKING_DOWNSTAIRS,1.199298
21826,1,3,WALKING_DOWNSTAIRS,0.9220605
21827,1,3,WALKING_DOWNSTAIRS,0.664561
21828,1,3,WALKING_DOWNSTAIRS,0.5728132
21829,1,3,WALKING_DOWNSTAIRS,0.6630466
21830,1,3,WALKING_DOWNSTAIRS,0.6923076
21831,1,3,WALKING_DOWNSTAIRS,0.6526884
21832,1,3,WALKING_DOWNSTAIRS,0.5752048
21833,1,3,WALKING_DOWNSTAIRS,0.4012429
21834,1,3,WALKING_DOWNSTAIRS,0.3636919
21835,1,3,WALKING_DOWNSTAIRS,0.5789643
21836,1,3,WALKING_DOWNSTAIRS,0.9038502
21837,1,3,WALKING_DOWNSTAIRS,1.165674
21838,1,3,WALKING_DOWNSTAIRS,1.146063
21839,1,3,WALKING_DOWNSTAIRS,0.948505
21840,1,3,WALKING_DOWNSTAIRS,0.8785768
21841,1,3,WALKING_DOWNSTAIRS,0.9181945
21842,1,3,WALKING_DOWNSTAIRS,0.9818071
21843,1,3,WALKING_DOWNSTAIRS,1.120405
21844,1,3,WALKING_DOWNSTAIRS,1.317956
21845,1,3,WALKING_DOWNSTAIRS,1.3725
21846,1,3,WALKING_DOWNSTAIRS,1.245017
21847,1,3,WALKING_DOWNSTAIRS,1.224986
21848,1,3,WALKING_DOWNSTAIRS,1.290314
21849,1,3,WALKING_DOWNSTAIRS,1.414748
21850,1,3,WALKING_DOWNSTAIRS,1.630109
21851,1,3,WALKING_DOWNSTAIRS,1.541841
21852,1,3,WALKING_DOWNSTAIRS,1.265912
21853,1,3,WALKING_DOWNSTAIRS,1.049347
21854,1,3,WALKING_DOWNSTAIRS,0.8112244
21855,1,3,WALKING_DOWNSTAIRS,0.7986214
21856,1,3,WALKING_DOWNSTAIRS,0.8239062
21857,1,3,WALKING_DOWNSTAIRS,0.734628
21858,1,3,WALKING_DOWNSTAIRS,0.7923138
21859,1,3,WALKING_DOWNSTAIRS,0.7881007
21860,1,3,WALKING_DOWNSTAIRS,0.7430203
21861,1,3,WALKING_DOWNSTAIRS,0.764328
21862,1,3,WALKING_DOWNSTAIRS,0.7114958
21863,1,3,WALKING_DOWNSTAIRS,0.7182029
21864,1,3,WALKING_DOWNSTAIRS,0.7485719
21865,1,3,WALKING_DOWNSTAIRS,0.7519739
21866,1,3,WALKING_DOWNSTAIRS,0.7785616
21867,1,3,WALKING_DOWNSTAIRS,0.7958137
21868,1,3,WALKING_DOWNSTAIRS,0.9245358
21869,1,3,WALKING_DOWNSTAIRS,1.081385
21870,1,3,WALKING_DOWNSTAIRS,1.091473
21871,1,3,WALKING_DOWNSTAIRS,0.9849467
21872,1,3,WALKING_DOWNSTAIRS,0.892138
21873,1,3,WALKING_DOWNSTAIRS,0.9481532
21874,1,3,WALKING_DOWNSTAIRS,1.070567
21875,1,3,WALKING_DOWNSTAIRS,1.270886
21876,1,3,WALKING_DOWNSTAIRS,1.528491
21877,1,3,WALKING_DOWNSTAIRS,1.541905
21878,1,3,WALKING_DOWNSTAIRS,1.388328
21879,1,3,WALKING_DOWNSTAIRS,1.336667
21880,1,3,WALKING_DOWNSTAIRS,1.383021
21881,1,3,WALKING_DOWNSTAIRS,1.488308
21882,1,3,WALKING_DOWNSTAIRS,1.519987
21883,1,3,WALKING_DOWNSTAIRS,1.283629
21884,1,3,WALKING_DOWNSTAIRS,0.8766642
21885,1,3,WALKING_DOWNSTAIRS,0.6635212
21886,1,3,WALKING_DOWNSTAIRS,0.7267574
21887,1,3,WALKING_DOWNSTAIRS,0.811797
21888,1,3,WALKING_DOWNSTAIRS,0.8562004
21889,1,3,WALKING_DOWNSTAIRS,0.828793
21890,1,3,WALKING_DOWNSTAIRS,0.7117176
21891,1,3,WALKING_DOWNSTAIRS,0.6706224
21892,1,3,WALKING_DOWNSTAIRS,0.6775626
21893,1,3,WALKING_DOWNSTAIRS,0.7281904
21894,1,3,WALKING_DOWNSTAIRS,0.8324562
21895,1,3,WALKING_DOWNSTAIRS,0.8359916
21896,1,3,WALKING_DOWNSTAIRS,0.8448643
21897,1,3,WALKING_DOWNSTAIRS,0.8994418
21898,1,3,WALKING_DOWNSTAIRS,0.88012
21899,1,3,WALKING_DOWNSTAIRS,0.8757072
21900,1,3,WALKING_DOWNSTAIRS,0.9194894
21901,1,3,WALKING_DOWNSTAIRS,0.9684667
21902,1,3,WALKING_DOWNSTAIRS,0.9928928
21903,1,3,WALKING_DOWNSTAIRS,0.9405575
21904,1,3,WALKING_DOWNSTAIRS,0.8293695
21905,1,3,WALKING_DOWNSTAIRS,0.7222168
21906,1,3,WALKING_DOWNSTAIRS,0.7044379
21907,1,3,WALKING_DOWNSTAIRS,0.8416234
21908,1,3,WALKING_DOWNSTAIRS,1.101498
21909,1,3,WALKING_DOWNSTAIRS,1.324448
21910,1,3,WALKING_DOWNSTAIRS,1.357625
21911,1,3,WALKING_DOWNSTAIRS,1.314561
21912,1,3,WALKING_DOWNSTAIRS,1.423046
21913,1,3,WALKING_DOWNSTAIRS,1.618449
21914,1,3,WALKING_DOWNSTAIRS,1.629174
21915,1,3,WALKING_DOWNSTAIRS,1.329992
21916,1,3,WALKING_DOWNSTAIRS,1.028316
21917,1,3,WALKING_DOWNSTAIRS,1.112259
21918,1,3,WALKING_DOWNSTAIRS,1.199236
21919,1,3,WALKING_DOWNSTAIRS,0.9808858
21920,1,3,WALKING_DOWNSTAIRS,0.842156
21921,1,3,WALKING_DOWNSTAIRS,0.7112375
21922,1,3,WALKING_DOWNSTAIRS,0.5812223
21923,1,3,WALKING_DOWNSTAIRS,0.669099
21924,1,3,WALKING_DOWNSTAIRS,0.6804121
21925,1,3,WALKING_DOWNSTAIRS,0.7149527
21926,1,3,WALKING_DOWNSTAIRS,0.8560018
21927,1,3,WALKING_DOWNSTAIRS,0.8613326
21928,1,3,WALKING_DOWNSTAIRS,0.8672211
21929,1,3,WALKING_DOWNSTAIRS,0.8421637
21930,1,3,WALKING_DOWNSTAIRS,0.7547063
21931,1,3,WALKING_DOWNSTAIRS,0.7031609
21932,1,3,WALKING_DOWNSTAIRS,0.7082103
21933,1,3,WALKING_DOWNSTAIRS,0.8012106
21934,1,3,WALKING_DOWNSTAIRS,0.8539918
21935,1,3,WALKING_DOWNSTAIRS,0.9856636
21936,1,3,WALKING_DOWNSTAIRS,1.121999
21937,1,3,WALKING_DOWNSTAIRS,0.9972788
21938,1,3,WALKING_DOWNSTAIRS,0.8438998
21939,1,3,WALKING_DOWNSTAIRS,0.684783
21940,1,3,WALKING_DOWNSTAIRS,0.6141783
21941,1,3,WALKING_DOWNSTAIRS,0.8693599
21942,1,3,WALKING_DOWNSTAIRS,1.157623
21943,1,3,WALKING_DOWNSTAIRS,1.407245
21944,1,3,WALKING_DOWNSTAIRS,1.673567
21945,1,3,WALKING_DOWNSTAIRS,1.710486
21946,1,3,WALKING_DOWNSTAIRS,1.629972
21947,1,3,WALKING_DOWNSTAIRS,1.686289
21948,1,3,WALKING_DOWNSTAIRS,1.670449
21949,1,3,WALKING_DOWNSTAIRS,1.43713
21950,1,3,WALKING_DOWNSTAIRS,1.190781
21951,1,3,WALKING_DOWNSTAIRS,0.9917454
21952,1,3,WALKING_DOWNSTAIRS,0.8292377
21953,1,3,WALKING_DOWNSTAIRS,0.7257007
21954,1,3,WALKING_DOWNSTAIRS,0.6701163
21955,1,3,WALKING_DOWNSTAIRS,0.6352396
21956,1,3,WALKING_DOWNSTAIRS,0.5780102
21957,1,3,WALKING_DOWNSTAIRS,0.597384
21958,1,3,WALKING_DOWNSTAIRS,0.6475569
21959,1,3,WALKING_DOWNSTAIRS,0.6795528
21960,1,3,WALKING_DOWNSTAIRS,0.7287608
21961,1,3,WALKING_DOWNSTAIRS,0.6301122
21962,1,3,WALKING_DOWNSTAIRS,0.5378805
21963,1,3,WALKING_DOWNSTAIRS,0.5914024
21964,1,3,WALKING_DOWNSTAIRS,0.6511411
21965,1,3,WALKING_DOWNSTAIRS,0.785197
21966,1,3,WALKING_DOWNSTAIRS,0.9439836
21967,1,3,WALKING_DOWNSTAIRS,0.9986224
21968,1,3,WALKING_DOWNSTAIRS,0.9705005
21969,1,3,WALKING_DOWNSTAIRS,0.9396584
21970,1,3,WALKING_DOWNSTAIRS,0.9607176
21971,1,3,WALKING_DOWNSTAIRS,1.033291
21972,1,3,WALKING_DOWNSTAIRS,1.165015
21973,1,3,WALKING_DOWNSTAIRS,1.203596
21974,1,3,WALKING_DOWNSTAIRS,1.162717
21975,1,3,WALKING_DOWNSTAIRS,1.296877
21976,1,3,WALKING_DOWNSTAIRS,1.642815
21977,1,3,WALKING_DOWNSTAIRS,1.930545
21978,1,3,WALKING_DOWNSTAIRS,1.661725
21979,1,3,WALKING_DOWNSTAIRS,1.079921
21980,1,3,WALKING_DOWNSTAIRS,0.9535149
21981,1,3,WALKING_DOWNSTAIRS,1.081258
21982,1,3,WALKING_DOWNSTAIRS,1.087108
21983,1,3,WALKING_DOWNSTAIRS,1.033831
21984,1,3,WALKING_DOWNSTAIRS,0.9202811
21985,1,3,WALKING_DOWNSTAIRS,0.8351497
21986,1,3,WALKING_DOWNSTAIRS,0.7320067
21987,1,3,WALKING_DOWNSTAIRS,0.6335656
21988,1,3,WALKING_DOWNSTAIRS,0.6158232
21989,1,3,WALKING_DOWNSTAIRS,0.5569129
21990,1,3,WALKING_DOWNSTAIRS,0.5695409
21991,1,3,WALKING_DOWNSTAIRS,0.7230346
21992,1,3,WALKING_DOWNSTAIRS,0.8717171
21993,1,3,WALKING_DOWNSTAIRS,0.7963139
21994,1,3,WALKING_DOWNSTAIRS,0.6569359
21995,1,3,WALKING_DOWNSTAIRS,0.8287523
21996,1,3,WALKING_DOWNSTAIRS,0.9723727
21997,1,3,WALKING_DOWNSTAIRS,0.9494788
21998,1,3,WALKING_DOWNSTAIRS,0.879861
21999,1,3,WALKING_DOWNSTAIRS,0.7132881
22000,1,3,WALKING_DOWNSTAIRS,0.8401034
22001,1,3,WALKING_DOWNSTAIRS,1.192024
22002,1,3,WALKING_DOWNSTAIRS,1.511665
22003,1,3,WALKING_DOWNSTAIRS,1.736977
22004,1,3,WALKING_DOWNSTAIRS,1.625313
22005,1,3,WALKING_DOWNSTAIRS,1.508978
22006,1,3,WALKING_DOWNSTAIRS,1.456524
22007,1,3,WALKING_DOWNSTAIRS,1.332895
22008,1,3,WALKING_DOWNSTAIRS,1.381246
22009,1,3,WALKING_DOWNSTAIRS,1.294229
22010,1,3,WALKING_DOWNSTAIRS,1.143695
22011,1,3,WALKING_DOWNSTAIRS,1.146431
22012,1,3,WALKING_DOWNSTAIRS,0.9312658
22013,1,3,WALKING_DOWNSTAIRS,0.7513475
22014,1,3,WALKING_DOWNSTAIRS,0.7600843
22015,1,3,WALKING_DOWNSTAIRS,0.6230751
22016,1,3,WALKING_DOWNSTAIRS,0.5127361
22017,1,3,WALKING_DOWNSTAIRS,0.5643144
22018,1,3,WALKING_DOWNSTAIRS,0.5329149
22019,1,3,WALKING_DOWNSTAIRS,0.4235671
22020,1,3,WALKING_DOWNSTAIRS,0.4264819
22021,1,3,WALKING_DOWNSTAIRS,0.5327104
22022,1,3,WALKING_DOWNSTAIRS,0.7760009
22023,1,3,WALKING_DOWNSTAIRS,1.028595
22024,1,3,WALKING_DOWNSTAIRS,1.012486
22025,1,3,WALKING_DOWNSTAIRS,0.9007956
22026,1,3,WALKING_DOWNSTAIRS,0.88684
22027,1,3,WALKING_DOWNSTAIRS,1.047622
22028,1,3,WALKING_DOWNSTAIRS,1.386556
22029,1,3,WALKING_DOWNSTAIRS,1.540823
22030,1,3,WALKING_DOWNSTAIRS,1.378875
22031,1,3,WALKING_DOWNSTAIRS,1.15248
22032,1,3,WALKING_DOWNSTAIRS,1.135935
22033,1,3,WALKING_DOWNSTAIRS,1.512449
22034,1,3,WALKING_DOWNSTAIRS,1.853018
22035,1,3,WALKING_DOWNSTAIRS,1.431533
22036,1,3,WALKING_DOWNSTAIRS,0.7551072
22037,1,3,WALKING_DOWNSTAIRS,0.7360991
22038,1,3,WALKING_DOWNSTAIRS,0.9008217
22039,1,3,WALKING_DOWNSTAIRS,0.878085
22040,1,3,WALKING_DOWNSTAIRS,0.8833984
22041,1,3,WALKING_DOWNSTAIRS,0.7685175
22042,1,3,WALKING_DOWNSTAIRS,0.6982417
22043,1,3,WALKING_DOWNSTAIRS,0.7396794
22044,1,3,WALKING_DOWNSTAIRS,0.7503124
22045,1,3,WALKING_DOWNSTAIRS,0.77222
22046,1,3,WALKING_DOWNSTAIRS,0.6999344
22047,1,3,WALKING_DOWNSTAIRS,0.6147976
22048,1,3,WALKING_DOWNSTAIRS,0.5812963
22049,1,3,WALKING_DOWNSTAIRS,0.6237515
22050,1,3,WALKING_DOWNSTAIRS,0.7574416
22051,1,3,WALKING_DOWNSTAIRS,0.8734163
22052,1,3,WALKING_DOWNSTAIRS,1.063191
22053,1,3,WALKING_DOWNSTAIRS,1.15243
22054,1,3,WALKING_DOWNSTAIRS,1.041429
22055,1,3,WALKING_DOWNSTAIRS,0.9557794
22056,1,3,WALKING_DOWNSTAIRS,0.8993163
22057,1,3,WALKING_DOWNSTAIRS,0.9480768
22058,1,3,WALKING_DOWNSTAIRS,1.123806
22059,1,3,WALKING_DOWNSTAIRS,1.334781
22060,1,3,WALKING_DOWNSTAIRS,1.504056
22061,1,3,WALKING_DOWNSTAIRS,1.522895
22062,1,3,WALKING_DOWNSTAIRS,1.512764
22063,1,3,WALKING_DOWNSTAIRS,1.532069
22064,1,3,WALKING_DOWNSTAIRS,1.499536
22065,1,3,WALKING_DOWNSTAIRS,1.396084
22066,1,3,WALKING_DOWNSTAIRS,1.221083
22067,1,3,WALKING_DOWNSTAIRS,1.06617
22068,1,3,WALKING_DOWNSTAIRS,0.849049
22069,1,3,WALKING_DOWNSTAIRS,0.5560614
22070,1,3,WALKING_DOWNSTAIRS,0.5984361
22071,1,3,WALKING_DOWNSTAIRS,0.9335671
22072,1,3,WALKING_DOWNSTAIRS,1.112335
22073,1,3,WALKING_DOWNSTAIRS,1.150874
22074,1,3,WALKING_DOWNSTAIRS,1.037851
22075,1,3,WALKING_DOWNSTAIRS,0.7664555
22076,1,3,WALKING_DOWNSTAIRS,0.6486105
22077,1,3,WALKING_DOWNSTAIRS,0.7203785
22078,1,3,WALKING_DOWNSTAIRS,0.8744818
22079,1,3,WALKING_DOWNSTAIRS,0.9640702
22080,1,3,WALKING_DOWNSTAIRS,0.9420381
22081,1,3,WALKING_DOWNSTAIRS,0.9780895
22082,1,3,WALKING_DOWNSTAIRS,1.055286
22083,1,3,WALKING_DOWNSTAIRS,1.164061
22084,1,3,WALKING_DOWNSTAIRS,1.186424
22085,1,3,WALKING_DOWNSTAIRS,1.146055
22086,1,3,WALKING_DOWNSTAIRS,1.187835
22087,1,3,WALKING_DOWNSTAIRS,1.060848
22088,1,3,WALKING_DOWNSTAIRS,0.9370945
22089,1,3,WALKING_DOWNSTAIRS,0.9856659
22090,1,3,WALKING_DOWNSTAIRS,0.975584
22091,1,3,WALKING_DOWNSTAIRS,0.9842608
22092,1,3,WALKING_DOWNSTAIRS,1.012642
22093,1,3,WALKING_DOWNSTAIRS,1.031351
22094,1,3,WALKING_DOWNSTAIRS,0.9954097
22095,1,3,WALKING_DOWNSTAIRS,0.8642462
22096,1,3,WALKING_DOWNSTAIRS,0.8052173
22097,1,3,WALKING_DOWNSTAIRS,0.8069315
22098,1,3,WALKING_DOWNSTAIRS,0.8738041
22099,1,3,WALKING_DOWNSTAIRS,0.9398115
22100,1,3,WALKING_DOWNSTAIRS,0.8770705
22101,1,3,WALKING_DOWNSTAIRS,0.7826432
22102,1,3,WALKING_DOWNSTAIRS,0.6854405
22103,1,3,WALKING_DOWNSTAIRS,0.6531506
22104,1,3,WALKING_DOWNSTAIRS,0.6760134
22105,1,3,WALKING_DOWNSTAIRS,0.6442835
22106,1,3,WALKING_DOWNSTAIRS,0.6489654
22107,1,3,WALKING_DOWNSTAIRS,0.7104902
22108,1,3,WALKING_DOWNSTAIRS,0.8222957
22109,1,3,WALKING_DOWNSTAIRS,0.9648785
22110,1,3,WALKING_DOWNSTAIRS,0.9604779
22111,1,3,WALKING_DOWNSTAIRS,0.8474301
22112,1,3,WALKING_DOWNSTAIRS,0.7978284
22113,1,3,WALKING_DOWNSTAIRS,0.7992762
22114,1,3,WALKING_DOWNSTAIRS,0.889168
22115,1,3,WALKING_DOWNSTAIRS,1.175875
22116,1,3,WALKING_DOWNSTAIRS,1.585499
22117,1,3,WALKING_DOWNSTAIRS,1.796867
22118,1,3,WALKING_DOWNSTAIRS,1.669875
22119,1,3,WALKING_DOWNSTAIRS,1.575596
22120,1,3,WALKING_DOWNSTAIRS,1.574118
22121,1,3,WALKING_DOWNSTAIRS,1.436313
22122,1,3,WALKING_DOWNSTAIRS,1.265267
22123,1,3,WALKING_DOWNSTAIRS,0.9531773
22124,1,3,WALKING_DOWNSTAIRS,0.6814408
22125,1,3,WALKING_DOWNSTAIRS,0.7729659
22126,1,3,WALKING_DOWNSTAIRS,0.7889419
22127,1,3,WALKING_DOWNSTAIRS,0.6992878
22128,1,3,WALKING_DOWNSTAIRS,0.6455631
22129,1,3,WALKING_DOWNSTAIRS,0.4005471
22130,1,3,WALKING_DOWNSTAIRS,0.2472373
22131,1,3,WALKING_DOWNSTAIRS,0.2818881
22132,1,3,WALKING_DOWNSTAIRS,0.437387
22133,1,3,WALKING_DOWNSTAIRS,0.8216455
22134,1,3,WALKING_DOWNSTAIRS,1.098411
22135,1,3,WALKING_DOWNSTAIRS,1.107918
22136,1,3,WALKING_DOWNSTAIRS,1.005523
22137,1,3,WALKING_DOWNSTAIRS,0.9115626
22138,1,3,WALKING_DOWNSTAIRS,0.9549647
22139,1,3,WALKING_DOWNSTAIRS,1.026566
22140,1,3,WALKING_DOWNSTAIRS,1.080624
22141,1,3,WALKING_DOWNSTAIRS,1.1984
22142,1,3,WALKING_DOWNSTAIRS,1.390655
22143,1,3,WALKING_DOWNSTAIRS,1.715306
22144,1,3,WALKING_DOWNSTAIRS,1.920519
22145,1,3,WALKING_DOWNSTAIRS,1.574677
22146,1,3,WALKING_DOWNSTAIRS,0.9842498
22147,1,3,WALKING_DOWNSTAIRS,0.9005007
22148,1,3,WALKING_DOWNSTAIRS,1.217508
22149,1,3,WALKING_DOWNSTAIRS,1.332546
22150,1,3,WALKING_DOWNSTAIRS,1.167611
22151,1,3,WALKING_DOWNSTAIRS,0.9225164
22152,1,3,WALKING_DOWNSTAIRS,0.7937205
22153,1,3,WALKING_DOWNSTAIRS,0.7536724
22154,1,3,WALKING_DOWNSTAIRS,0.7184499
22155,1,3,WALKING_DOWNSTAIRS,0.7542132
22156,1,3,WALKING_DOWNSTAIRS,0.7399798
22157,1,3,WALKING_DOWNSTAIRS,0.7217847
22158,1,3,WALKING_DOWNSTAIRS,0.7582439
22159,1,3,WALKING_DOWNSTAIRS,0.7587273
22160,1,3,WALKING_DOWNSTAIRS,0.8171875
22161,1,3,WALKING_DOWNSTAIRS,0.8393368
22162,1,3,WALKING_DOWNSTAIRS,0.8291091
22163,1,3,WALKING_DOWNSTAIRS,0.8754552
22164,1,3,WALKING_DOWNSTAIRS,0.860206
22165,1,3,WALKING_DOWNSTAIRS,0.8615534
22166,1,3,WALKING_DOWNSTAIRS,0.8860311
22167,1,3,WALKING_DOWNSTAIRS,0.8791162
22168,1,3,WALKING_DOWNSTAIRS,0.9395718
22169,1,3,WALKING_DOWNSTAIRS,1.121777
22170,1,3,WALKING_DOWNSTAIRS,1.40652
22171,1,3,WALKING_DOWNSTAIRS,1.571762
22172,1,3,WALKING_DOWNSTAIRS,1.507472
22173,1,3,WALKING_DOWNSTAIRS,1.464045
22174,1,3,WALKING_DOWNSTAIRS,1.497551
22175,1,3,WALKING_DOWNSTAIRS,1.447857
22176,1,3,WALKING_DOWNSTAIRS,1.408325
22177,1,3,WALKING_DOWNSTAIRS,1.339357
22178,1,3,WALKING_DOWNSTAIRS,1.046894
22179,1,3,WALKING_DOWNSTAIRS,0.7637827
22180,1,3,WALKING_DOWNSTAIRS,0.6425194
22181,1,3,WALKING_DOWNSTAIRS,0.5985673
22182,1,3,WALKING_DOWNSTAIRS,0.6312688
22183,1,3,WALKING_DOWNSTAIRS,0.6205359
22184,1,3,WALKING_DOWNSTAIRS,0.5679527
22185,1,3,WALKING_DOWNSTAIRS,0.508571
22186,1,3,WALKING_DOWNSTAIRS,0.4213489
22187,1,3,WALKING_DOWNSTAIRS,0.4606349
22188,1,3,WALKING_DOWNSTAIRS,0.6735189
22189,1,3,WALKING_DOWNSTAIRS,0.9804989
22190,1,3,WALKING_DOWNSTAIRS,1.12088
22191,1,3,WALKING_DOWNSTAIRS,0.9726315
22192,1,3,WALKING_DOWNSTAIRS,0.9025851
22193,1,3,WALKING_DOWNSTAIRS,0.9661263
22194,1,3,WALKING_DOWNSTAIRS,1.054926
22195,1,3,WALKING_DOWNSTAIRS,1.289907
22196,1,3,WALKING_DOWNSTAIRS,1.442082
22197,1,3,WALKING_DOWNSTAIRS,1.406893
22198,1,3,WALKING_DOWNSTAIRS,1.444746
22199,1,3,WALKING_DOWNSTAIRS,1.579395
22200,1,3,WALKING_DOWNSTAIRS,1.645561
22201,1,3,WALKING_DOWNSTAIRS,1.396636
22202,1,3,WALKING_DOWNSTAIRS,1.034534
22203,1,3,WALKING_DOWNSTAIRS,1.056785
22204,1,3,WALKING_DOWNSTAIRS,1.116557
22205,1,3,WALKING_DOWNSTAIRS,0.9531322
22206,1,3,WALKING_DOWNSTAIRS,0.9310596
22207,1,3,WALKING_DOWNSTAIRS,0.8773108
22208,1,3,WALKING_DOWNSTAIRS,0.7393806
22209,1,3,WALKING_DOWNSTAIRS,0.7888228
22210,1,3,WALKING_DOWNSTAIRS,0.7955944
22211,1,3,WALKING_DOWNSTAIRS,0.7042626
22212,1,3,WALKING_DOWNSTAIRS,0.6854421
22213,1,3,WALKING_DOWNSTAIRS,0.6837987
22214,1,3,WALKING_DOWNSTAIRS,0.694126
22215,1,3,WALKING_DOWNSTAIRS,0.7016204
22216,1,3,WALKING_DOWNSTAIRS,0.6734358
22217,1,3,WALKING_DOWNSTAIRS,0.6435785
22218,1,3,WALKING_DOWNSTAIRS,0.6606327
22219,1,3,WALKING_DOWNSTAIRS,0.8066621
22220,1,3,WALKING_DOWNSTAIRS,1.04878
22221,1,3,WALKING_DOWNSTAIRS,1.129803
22222,1,3,WALKING_DOWNSTAIRS,0.9147186
22223,1,3,WALKING_DOWNSTAIRS,0.7606233
22224,1,3,WALKING_DOWNSTAIRS,0.972507
22225,1,3,WALKING_DOWNSTAIRS,1.340262
22226,1,3,WALKING_DOWNSTAIRS,1.599023
22227,1,3,WALKING_DOWNSTAIRS,1.607663
22228,1,3,WALKING_DOWNSTAIRS,1.46596
22229,1,3,WALKING_DOWNSTAIRS,1.45793
22230,1,3,WALKING_DOWNSTAIRS,1.488675
22231,1,3,WALKING_DOWNSTAIRS,1.42854
22232,1,3,WALKING_DOWNSTAIRS,1.307721
22233,1,3,WALKING_DOWNSTAIRS,1.037365
22234,1,3,WALKING_DOWNSTAIRS,0.8357005
22235,1,3,WALKING_DOWNSTAIRS,0.8368231
22236,1,3,WALKING_DOWNSTAIRS,0.8298927
22237,1,3,WALKING_DOWNSTAIRS,0.8207786
22238,1,3,WALKING_DOWNSTAIRS,0.7634793
22239,1,3,WALKING_DOWNSTAIRS,0.6121429
22240,1,3,WALKING_DOWNSTAIRS,0.4826914
22241,1,3,WALKING_DOWNSTAIRS,0.4027134
22242,1,3,WALKING_DOWNSTAIRS,0.4307264
22243,1,3,WALKING_DOWNSTAIRS,0.5606372
22244,1,3,WALKING_DOWNSTAIRS,0.734072
22245,1,3,WALKING_DOWNSTAIRS,0.8874885
22246,1,3,WALKING_DOWNSTAIRS,0.9317192
22247,1,3,WALKING_DOWNSTAIRS,0.8926094
22248,1,3,WALKING_DOWNSTAIRS,0.8399951
22249,1,3,WALKING_DOWNSTAIRS,0.8877631
22250,1,3,WALKING_DOWNSTAIRS,1.004467
22251,1,3,WALKING_DOWNSTAIRS,1.133024
22252,1,3,WALKING_DOWNSTAIRS,1.336264
22253,1,3,WALKING_DOWNSTAIRS,1.409002
22254,1,3,WALKING_DOWNSTAIRS,1.338802
22255,1,3,WALKING_DOWNSTAIRS,1.406631
22256,1,3,WALKING_DOWNSTAIRS,1.645811
22257,1,3,WALKING_DOWNSTAIRS,1.808167
22258,1,3,WALKING_DOWNSTAIRS,1.449614
22259,1,3,WALKING_DOWNSTAIRS,0.9131411
22260,1,3,WALKING_DOWNSTAIRS,0.9381034
22261,1,3,WALKING_DOWNSTAIRS,1.056824
22262,1,3,WALKING_DOWNSTAIRS,0.8950978
22263,1,3,WALKING_DOWNSTAIRS,0.8689019
22264,1,3,WALKING_DOWNSTAIRS,0.8930985
22265,1,3,WALKING_DOWNSTAIRS,0.86058
22266,1,3,WALKING_DOWNSTAIRS,0.8496982
22267,1,3,WALKING_DOWNSTAIRS,0.7280136
22268,1,3,WALKING_DOWNSTAIRS,0.6073804
22269,1,3,WALKING_DOWNSTAIRS,0.584235
22270,1,3,WALKING_DOWNSTAIRS,0.597128
22271,1,3,WALKING_DOWNSTAIRS,0.6140837
